id,rmbattle_id,type,name,description,priority,target_value,conditions
1001,1,RMBattleMission::EntryMission::CountMission,Enter an Ultimate Clash.,Enter an Ultimate Clash.,1000,1,{}
1002,1,RMBattleMission::StageClearMission::CountMission,[Weekly] Clear 3 stages.,[Weekly] Clear 3 stages.,999,3,{}
1003,1,RMBattleMission::StageClearMission::CountMission,Clear 1 stage.,Clear 1 stage.,998,1,{}
1004,1,RMBattleMission::StageClearMission::CountMission,Clear 2 stages.,Clear 2 stages.,997,2,{}
1005,1,RMBattleMission::StageClearMission::CountMission,Clear 3 stages.,Clear 3 stages.,996,3,{}
1006,1,RMBattleMission::StageClearMission::CountMission,Clear 4 stages.,Clear 4 stages.,995,4,{}
1007,1,RMBattleMission::StageClearMission::CountMission,Clear 5 stages.,Clear 5 stages.,994,5,{}
1008,1,RMBattleMission::StageClearMission::CountMission,Clear 6 stages.,Clear 6 stages.,993,6,{}
1009,1,RMBattleMission::StageClearMission::CountMission,Clear 7 stages.,Clear 7 stages.,992,7,{}
1010,1,RMBattleMission::StageClearMission::CountMission,Clear 8 stages.,Clear 8 stages.,991,8,{}
1011,1,RMBattleMission::LevelClearMission::CountMission,Clear Level 1.,Clear Level 1.,988,1,"{""level"": 1}"
1012,1,RMBattleMission::LevelClearMission::CountMission,Clear Level 1 for 2 times.,Clear Level 1 for 2 times.,987,2,"{""level"": 1}"
1013,1,RMBattleMission::LevelClearMission::CountMission,Clear Level 1 for 3 times.,Clear Level 1 for 3 times.,986,3,"{""level"": 1}"
1014,1,RMBattleMission::LevelClearMission::CountMission,Clear Level 1 for 4 times.,Clear Level 1 for 4 times.,985,4,"{""level"": 1}"
1015,1,RMBattleMission::LevelClearMission::CountMission,Clear Level 1 for 5 times.,Clear Level 1 for 5 times.,984,5,"{""level"": 1}"
1016,1,RMBattleMission::LevelClearMission::CountMission,Clear Level 2.,Clear Level 2.,983,1,"{""level"": 2}"
1017,1,RMBattleMission::LevelClearMission::CountMission,Clear Level 2 for 2 times.,Clear Level 2 for 2 times.,982,2,"{""level"": 2}"
1018,1,RMBattleMission::LevelClearMission::CountMission,Clear Level 2 for 3 times.,Clear Level 2 for 3 times.,981,3,"{""level"": 2}"
1019,1,RMBattleMission::LevelClearMission::CountMission,Clear Level 2 for 4 times.,Clear Level 2 for 4 times.,980,4,"{""level"": 2}"
1020,1,RMBattleMission::LevelClearMission::CountMission,Clear Level 2 for 5 times.,Clear Level 2 for 5 times.,979,5,"{""level"": 2}"
1021,1,RMBattleMission::LevelClearMission::CountMission,Clear Level 3.,Clear Level 3.,978,1,"{""level"": 3}"
1022,1,RMBattleMission::LevelClearMission::CountMission,Clear Level 3 for 2 times.,Clear Level 3 for 2 times.,977,2,"{""level"": 3}"
1023,1,RMBattleMission::LevelClearMission::CountMission,Clear Level 3 for 3 times.,Clear Level 3 for 3 times.,976,3,"{""level"": 3}"
1024,1,RMBattleMission::LevelClearMission::CountMission,Clear Level 3 for 4 times.,Clear Level 3 for 4 times.,975,4,"{""level"": 3}"
1025,1,RMBattleMission::LevelClearMission::CountMission,Clear Level 3 for 5 times.,Clear Level 3 for 5 times.,974,5,"{""level"": 3}"
2001,2,RMBattleMission::EntryMission::CountMission,Enter an Ultimate Clash.,Enter an Ultimate Clash.,1000,1,{}
2002,2,RMBattleMission::StageClearMission::CountMission,[Weekly] Clear 3 stages.,[Weekly] Clear 3 stages.,999,3,{}
2003,2,RMBattleMission::StageClearMission::CountMission,Clear 1 stage.,Clear 1 stage.,998,1,{}
2004,2,RMBattleMission::StageClearMission::CountMission,Clear 2 stages.,Clear 2 stages.,997,2,{}
2005,2,RMBattleMission::StageClearMission::CountMission,Clear 3 stages.,Clear 3 stages.,996,3,{}
2006,2,RMBattleMission::StageClearMission::CountMission,Clear 4 stages.,Clear 4 stages.,995,4,{}
2007,2,RMBattleMission::StageClearMission::CountMission,Clear 5 stages.,Clear 5 stages.,994,5,{}
2008,2,RMBattleMission::StageClearMission::CountMission,Clear 6 stages.,Clear 6 stages.,993,6,{}
2009,2,RMBattleMission::StageClearMission::CountMission,Clear 7 stages.,Clear 7 stages.,992,7,{}
2010,2,RMBattleMission::StageClearMission::CountMission,Clear 8 stages.,Clear 8 stages.,991,8,{}
2011,2,RMBattleMission::LevelClearMission::CountMission,Clear Level 1.,Clear Level 1.,988,1,"{""level"": 1}"
2012,2,RMBattleMission::LevelClearMission::CountMission,Clear Level 1 for 2 times.,Clear Level 1 for 2 times.,987,2,"{""level"": 1}"
2013,2,RMBattleMission::LevelClearMission::CountMission,Clear Level 1 for 3 times.,Clear Level 1 for 3 times.,986,3,"{""level"": 1}"
2014,2,RMBattleMission::LevelClearMission::CountMission,Clear Level 2.,Clear Level 2.,983,1,"{""level"": 2}"
2015,2,RMBattleMission::LevelClearMission::CountMission,Clear Level 2 for 2 times.,Clear Level 2 for 2 times.,982,2,"{""level"": 2}"
2016,2,RMBattleMission::LevelClearMission::CountMission,Clear Level 2 for 3 times.,Clear Level 2 for 3 times.,981,3,"{""level"": 2}"
2017,2,RMBattleMission::LevelClearMission::CountMission,Clear Level 3.,Clear Level 3.,978,1,"{""level"": 3}"
2018,2,RMBattleMission::LevelClearMission::CountMission,Clear Level 3 for 2 times.,Clear Level 3 for 2 times.,977,2,"{""level"": 3}"
2019,2,RMBattleMission::LevelClearMission::CountMission,Clear Level 3 for 3 times.,Clear Level 3 for 3 times.,976,3,"{""level"": 3}"
3001,3,RMBattleMission::EntryMission::CountMission,Enter an Ultimate Clash.,Enter an Ultimate Clash.,1000,1,{}
3002,3,RMBattleMission::StageClearMission::CountMission,[Weekly] Clear 3 stages.,[Weekly] Clear 3 stages.,999,3,{}
3003,3,RMBattleMission::StageClearMission::CountMission,Clear 1 stage.,Clear 1 stage.,998,1,{}
3004,3,RMBattleMission::StageClearMission::CountMission,Clear 2 stages.,Clear 2 stages.,997,2,{}
3005,3,RMBattleMission::StageClearMission::CountMission,Clear 3 stages.,Clear 3 stages.,996,3,{}
3006,3,RMBattleMission::StageClearMission::CountMission,Clear 4 stages.,Clear 4 stages.,995,4,{}
3007,3,RMBattleMission::StageClearMission::CountMission,Clear 5 stages.,Clear 5 stages.,994,5,{}
3008,3,RMBattleMission::StageClearMission::CountMission,Clear 6 stages.,Clear 6 stages.,993,6,{}
3009,3,RMBattleMission::StageClearMission::CountMission,Clear 7 stages.,Clear 7 stages.,992,7,{}
3010,3,RMBattleMission::StageClearMission::CountMission,Clear 8 stages.,Clear 8 stages.,991,8,{}
3011,3,RMBattleMission::StageClearMission::CountMission,Clear 9 stages.,Clear 9 stages.,990,9,{}
3012,3,RMBattleMission::LevelClearMission::CountMission,Clear Level 1.,Clear Level 1.,989,1,"{""level"": 1}"
3013,3,RMBattleMission::LevelClearMission::CountMission,Clear Level 1 for 2 times.,Clear Level 1 for 2 times.,988,2,"{""level"": 1}"
3014,3,RMBattleMission::LevelClearMission::CountMission,Clear Level 1 for 3 times.,Clear Level 1 for 3 times.,987,3,"{""level"": 1}"
3015,3,RMBattleMission::LevelClearMission::CountMission,Clear Level 2.,Clear Level 2.,986,1,"{""level"": 2}"
3016,3,RMBattleMission::LevelClearMission::CountMission,Clear Level 2 for 2 times.,Clear Level 2 for 2 times.,985,2,"{""level"": 2}"
3017,3,RMBattleMission::LevelClearMission::CountMission,Clear Level 2 for 3 times.,Clear Level 2 for 3 times.,984,3,"{""level"": 2}"
3018,3,RMBattleMission::LevelClearMission::CountMission,Clear Level 3.,Clear Level 3.,983,1,"{""level"": 3}"
3019,3,RMBattleMission::LevelClearMission::CountMission,Clear Level 3 for 2 times.,Clear Level 3 for 2 times.,982,2,"{""level"": 3}"
3020,3,RMBattleMission::LevelClearMission::CountMission,Clear Level 3 for 3 times.,Clear Level 3 for 3 times.,981,3,"{""level"": 3}"
4001,4,RMBattleMission::EntryMission::CountMission,Enter an Ultimate Clash.,Enter an Ultimate Clash.,1000,1,{}
4002,4,RMBattleMission::StageClearMission::CountMission,[Weekly] Clear a stage 3 times.,[Weekly] Clear a stage 3 times.,999,3,{}
4003,4,RMBattleMission::StageClearMission::CountMission,Clear a stage once.,Clear a stage once.,998,1,{}
4004,4,RMBattleMission::StageClearMission::CountMission,Clear a stage 2 times.,Clear a stage 2 times.,997,2,{}
4005,4,RMBattleMission::StageClearMission::CountMission,Clear a stage 3 times.,Clear a stage 3 times.,996,3,{}
4006,4,RMBattleMission::StageClearMission::CountMission,Clear a stage 4 times.,Clear a stage 4 times.,995,4,{}
4007,4,RMBattleMission::StageClearMission::CountMission,Clear a stage 5 times.,Clear a stage 5 times.,994,5,{}
4008,4,RMBattleMission::StageClearMission::CountMission,Clear a stage 6 times.,Clear a stage 6 times.,993,6,{}
4009,4,RMBattleMission::StageClearMission::CountMission,Clear a stage 7 times.,Clear a stage 7 times.,992,7,{}
4010,4,RMBattleMission::StageClearMission::CountMission,Clear a stage 8 times.,Clear a stage 8 times.,991,8,{}
4011,4,RMBattleMission::StageClearMission::CountMission,Clear a stage 9 times.,Clear a stage 9 times.,990,9,{}
4012,4,RMBattleMission::LevelClearMission::CountMission,Clear Level 1.,Clear Level 1.,989,1,"{""level"": 1}"
4013,4,RMBattleMission::LevelClearMission::CountMission,Clear Level 1 for 2 times.,Clear Level 1 for 2 times.,988,2,"{""level"": 1}"
4014,4,RMBattleMission::LevelClearMission::CountMission,Clear Level 1 for 3 times.,Clear Level 1 for 3 times.,987,3,"{""level"": 1}"
4015,4,RMBattleMission::LevelClearMission::CountMission,Clear Level 2.,Clear Level 2.,986,1,"{""level"": 2}"
4016,4,RMBattleMission::LevelClearMission::CountMission,Clear Level 2 for 2 times.,Clear Level 2 for 2 times.,985,2,"{""level"": 2}"
4017,4,RMBattleMission::LevelClearMission::CountMission,Clear Level 2 for 3 times.,Clear Level 2 for 3 times.,984,3,"{""level"": 2}"
4018,4,RMBattleMission::LevelClearMission::CountMission,Clear Level 3.,Clear Level 3.,983,1,"{""level"": 3}"
4019,4,RMBattleMission::LevelClearMission::CountMission,Clear Level 3 for 2 times.,Clear Level 3 for 2 times.,982,2,"{""level"": 3}"
4020,4,RMBattleMission::LevelClearMission::CountMission,Clear Level 3 for 3 times.,Clear Level 3 for 3 times.,981,3,"{""level"": 3}"
5001,5,RMBattleMission::EntryMission::CountMission,Enter an Ultimate Clash.,Enter an Ultimate Clash.,1000,1,{}
5002,5,RMBattleMission::StageClearMission::CountMission,[Weekly] Clear a stage once.,[Weekly] Clear a stage once.,999,1,{}
5003,5,RMBattleMission::StageClearMission::CountMission,[Weekly] Clear a stage 2 times.,[Weekly] Clear a stage 2 times.,998,2,{}
5004,5,RMBattleMission::StageClearMission::CountMission,[Weekly] Clear a stage 3 times.,[Weekly] Clear a stage 3 times.,997,3,{}
5005,5,RMBattleMission::StageClearMission::CountMission,Clear a stage once.,Clear a stage once.,996,1,{}
5006,5,RMBattleMission::StageClearMission::CountMission,Clear a stage 2 times.,Clear a stage 2 times.,995,2,{}
5007,5,RMBattleMission::StageClearMission::CountMission,Clear a stage 3 times.,Clear a stage 3 times.,994,3,{}
5008,5,RMBattleMission::StageClearMission::CountMission,Clear a stage 4 times.,Clear a stage 4 times.,993,4,{}
5009,5,RMBattleMission::StageClearMission::CountMission,Clear a stage 5 times.,Clear a stage 5 times.,992,5,{}
5010,5,RMBattleMission::StageClearMission::CountMission,Clear a stage 6 times.,Clear a stage 6 times.,991,6,{}
5011,5,RMBattleMission::StageClearMission::CountMission,Clear a stage 7 times.,Clear a stage 7 times.,990,7,{}
5012,5,RMBattleMission::StageClearMission::CountMission,Clear a stage 8 times.,Clear a stage 8 times.,989,8,{}
5013,5,RMBattleMission::StageClearMission::CountMission,Clear a stage 9 times.,Clear a stage 9 times.,988,9,{}
5014,5,RMBattleMission::StageClearMission::CountMission,Clear a stage 10 times.,Clear a stage 10 times.,987,10,{}
5015,5,RMBattleMission::LevelClearMission::CountMission,Clear Level 1.,Clear Level 1.,986,1,"{""level"": 1}"
5016,5,RMBattleMission::LevelClearMission::CountMission,Clear Level 1 for 2 times.,Clear Level 1 for 2 times.,985,2,"{""level"": 1}"
5017,5,RMBattleMission::LevelClearMission::CountMission,Clear Level 1 for 3 times.,Clear Level 1 for 3 times.,984,3,"{""level"": 1}"
5018,5,RMBattleMission::LevelClearMission::CountMission,Clear Level 2.,Clear Level 2.,983,1,"{""level"": 2}"
5019,5,RMBattleMission::LevelClearMission::CountMission,Clear Level 2 for 2 times.,Clear Level 2 for 2 times.,982,2,"{""level"": 2}"
5020,5,RMBattleMission::LevelClearMission::CountMission,Clear Level 2 for 3 times.,Clear Level 2 for 3 times.,981,3,"{""level"": 2}"
5021,5,RMBattleMission::LevelClearMission::CountMission,Clear Level 3.,Clear Level 3.,980,1,"{""level"": 3}"
5022,5,RMBattleMission::LevelClearMission::CountMission,Clear Level 3 for 2 times.,Clear Level 3 for 2 times.,979,2,"{""level"": 3}"
5023,5,RMBattleMission::LevelClearMission::CountMission,Clear Level 3 for 3 times.,Clear Level 3 for 3 times.,978,3,"{""level"": 3}"
6001,6,RMBattleMission::EntryMission::CountMission,Enter an Ultimate Clash.,Enter an Ultimate Clash.,1000,1,{}
6002,6,RMBattleMission::StageClearMission::CountMission,[Weekly] Clear a stage once.,[Weekly] Clear a stage once.,999,1,{}
6003,6,RMBattleMission::StageClearMission::CountMission,[Weekly] Clear a stage 2 times.,[Weekly] Clear a stage 2 times.,998,2,{}
6004,6,RMBattleMission::StageClearMission::CountMission,[Weekly] Clear a stage 3 times.,[Weekly] Clear a stage 3 times.,997,3,{}
6005,6,RMBattleMission::StageClearMission::CountMission,Clear a stage once.,Clear a stage once.,996,1,{}
6006,6,RMBattleMission::StageClearMission::CountMission,Clear a stage 2 times.,Clear a stage 2 times.,995,2,{}
6007,6,RMBattleMission::StageClearMission::CountMission,Clear a stage 3 times.,Clear a stage 3 times.,994,3,{}
6008,6,RMBattleMission::StageClearMission::CountMission,Clear a stage 4 times.,Clear a stage 4 times.,993,4,{}
6009,6,RMBattleMission::StageClearMission::CountMission,Clear a stage 5 times.,Clear a stage 5 times.,992,5,{}
6010,6,RMBattleMission::StageClearMission::CountMission,Clear a stage 6 times.,Clear a stage 6 times.,991,6,{}
6011,6,RMBattleMission::StageClearMission::CountMission,Clear a stage 7 times.,Clear a stage 7 times.,990,7,{}
6012,6,RMBattleMission::StageClearMission::CountMission,Clear a stage 8 times.,Clear a stage 8 times.,989,8,{}
6013,6,RMBattleMission::StageClearMission::CountMission,Clear a stage 9 times.,Clear a stage 9 times.,988,9,{}
6014,6,RMBattleMission::StageClearMission::CountMission,Clear a stage 10 times.,Clear a stage 10 times.,987,10,{}
6015,6,RMBattleMission::LevelClearMission::CountMission,Clear Level 1.,Clear Level 1.,986,1,"{""level"": 1}"
6016,6,RMBattleMission::LevelClearMission::CountMission,Clear Level 1 for 2 times.,Clear Level 1 for 2 times.,985,2,"{""level"": 1}"
6017,6,RMBattleMission::LevelClearMission::CountMission,Clear Level 1 for 3 times.,Clear Level 1 for 3 times.,984,3,"{""level"": 1}"
6018,6,RMBattleMission::LevelClearMission::CountMission,Clear Level 2.,Clear Level 2.,983,1,"{""level"": 2}"
6019,6,RMBattleMission::LevelClearMission::CountMission,Clear Level 2 for 2 times.,Clear Level 2 for 2 times.,982,2,"{""level"": 2}"
6020,6,RMBattleMission::LevelClearMission::CountMission,Clear Level 2 for 3 times.,Clear Level 2 for 3 times.,981,3,"{""level"": 2}"
6021,6,RMBattleMission::LevelClearMission::CountMission,Clear Level 3.,Clear Level 3.,980,1,"{""level"": 3}"
6022,6,RMBattleMission::LevelClearMission::CountMission,Clear Level 3 for 2 times.,Clear Level 3 for 2 times.,979,2,"{""level"": 3}"
6023,6,RMBattleMission::LevelClearMission::CountMission,Clear Level 3 for 3 times.,Clear Level 3 for 3 times.,978,3,"{""level"": 3}"
7001,7,RMBattleMission::EntryMission::CountMission,Enter an Ultimate Clash.,Enter an Ultimate Clash.,1000,1,{}
7002,7,RMBattleMission::StageClearMission::CountMission,[Weekly] Clear a stage once.,[Weekly] Clear a stage once.,999,1,{}
7003,7,RMBattleMission::StageClearMission::CountMission,[Weekly] Clear a stage 2 times.,[Weekly] Clear a stage 2 times.,998,2,{}
7004,7,RMBattleMission::StageClearMission::CountMission,[Weekly] Clear a stage 3 times.,[Weekly] Clear a stage 3 times.,997,3,{}
7005,7,RMBattleMission::StageClearMission::CountMission,Clear a stage once.,Clear a stage once.,996,1,{}
7006,7,RMBattleMission::StageClearMission::CountMission,Clear a stage 2 times.,Clear a stage 2 times.,995,2,{}
7007,7,RMBattleMission::StageClearMission::CountMission,Clear a stage 3 times.,Clear a stage 3 times.,994,3,{}
7008,7,RMBattleMission::StageClearMission::CountMission,Clear a stage 4 times.,Clear a stage 4 times.,993,4,{}
7009,7,RMBattleMission::StageClearMission::CountMission,Clear a stage 5 times.,Clear a stage 5 times.,992,5,{}
7010,7,RMBattleMission::StageClearMission::CountMission,Clear a stage 6 times.,Clear a stage 6 times.,991,6,{}
7011,7,RMBattleMission::StageClearMission::CountMission,Clear a stage 7 times.,Clear a stage 7 times.,990,7,{}
7012,7,RMBattleMission::StageClearMission::CountMission,Clear a stage 8 times.,Clear a stage 8 times.,989,8,{}
7013,7,RMBattleMission::StageClearMission::CountMission,Clear a stage 9 times.,Clear a stage 9 times.,988,9,{}
7014,7,RMBattleMission::StageClearMission::CountMission,Clear a stage 10 times.,Clear a stage 10 times.,987,10,{}
7015,7,RMBattleMission::LevelClearMission::CountMission,Clear Level 1.,Clear Level 1.,986,1,"{""level"": 1}"
7016,7,RMBattleMission::LevelClearMission::CountMission,Clear Level 1 for 2 times.,Clear Level 1 for 2 times.,985,2,"{""level"": 1}"
7017,7,RMBattleMission::LevelClearMission::CountMission,Clear Level 1 for 3 times.,Clear Level 1 for 3 times.,984,3,"{""level"": 1}"
7018,7,RMBattleMission::LevelClearMission::CountMission,Clear Level 2.,Clear Level 2.,983,1,"{""level"": 2}"
7019,7,RMBattleMission::LevelClearMission::CountMission,Clear Level 2 for 2 times.,Clear Level 2 for 2 times.,982,2,"{""level"": 2}"
7020,7,RMBattleMission::LevelClearMission::CountMission,Clear Level 2 for 3 times.,Clear Level 2 for 3 times.,981,3,"{""level"": 2}"
7021,7,RMBattleMission::LevelClearMission::CountMission,Clear Level 3.,Clear Level 3.,980,1,"{""level"": 3}"
7022,7,RMBattleMission::LevelClearMission::CountMission,Clear Level 3 for 2 times.,Clear Level 3 for 2 times.,979,2,"{""level"": 3}"
7023,7,RMBattleMission::LevelClearMission::CountMission,Clear Level 3 for 3 times.,Clear Level 3 for 3 times.,978,3,"{""level"": 3}"
8001,8,RMBattleMission::EntryMission::CountMission,Enter an Ultimate Clash.,Enter an Ultimate Clash.,1000,1,{}
8002,8,RMBattleMission::StageClearMission::CountMission,[Weekly] Clear a stage once.,[Weekly] Clear a stage once.,999,1,{}
8003,8,RMBattleMission::StageClearMission::CountMission,[Weekly] Clear a stage 2 times.,[Weekly] Clear a stage 2 times.,998,2,{}
8004,8,RMBattleMission::StageClearMission::CountMission,[Weekly] Clear a stage 3 times.,[Weekly] Clear a stage 3 times.,997,3,{}
8005,8,RMBattleMission::StageClearMission::CountMission,Clear a stage once.,Clear a stage once.,996,1,{}
8006,8,RMBattleMission::StageClearMission::CountMission,Clear a stage 2 times.,Clear a stage 2 times.,995,2,{}
8007,8,RMBattleMission::StageClearMission::CountMission,Clear a stage 3 times.,Clear a stage 3 times.,994,3,{}
8008,8,RMBattleMission::StageClearMission::CountMission,Clear a stage 4 times.,Clear a stage 4 times.,993,4,{}
8009,8,RMBattleMission::StageClearMission::CountMission,Clear a stage 5 times.,Clear a stage 5 times.,992,5,{}
8010,8,RMBattleMission::StageClearMission::CountMission,Clear a stage 6 times.,Clear a stage 6 times.,991,6,{}
8011,8,RMBattleMission::StageClearMission::CountMission,Clear a stage 7 times.,Clear a stage 7 times.,990,7,{}
8012,8,RMBattleMission::StageClearMission::CountMission,Clear a stage 8 times.,Clear a stage 8 times.,989,8,{}
8013,8,RMBattleMission::LevelClearMission::CountMission,Clear Level 1.,Clear Level 1.,988,1,"{""level"": 1}"
8014,8,RMBattleMission::LevelClearMission::CountMission,Clear Level 1 for 2 times.,Clear Level 1 for 2 times.,987,2,"{""level"": 1}"
8015,8,RMBattleMission::LevelClearMission::CountMission,Clear Level 1 for 3 times.,Clear Level 1 for 3 times.,986,3,"{""level"": 1}"
8016,8,RMBattleMission::LevelClearMission::CountMission,Clear Level 2.,Clear Level 2.,985,1,"{""level"": 2}"
8017,8,RMBattleMission::LevelClearMission::CountMission,Clear Level 2 for 2 times.,Clear Level 2 for 2 times.,984,2,"{""level"": 2}"
8018,8,RMBattleMission::LevelClearMission::CountMission,Clear Level 2 for 3 times.,Clear Level 2 for 3 times.,983,3,"{""level"": 2}"
8019,8,RMBattleMission::LevelClearMission::CountMission,Clear Level 3.,Clear Level 3.,982,1,"{""level"": 3}"
8020,8,RMBattleMission::LevelClearMission::CountMission,Clear Level 3 for 2 times.,Clear Level 3 for 2 times.,981,2,"{""level"": 3}"
8021,8,RMBattleMission::LevelClearMission::CountMission,Clear Level 3 for 3 times.,Clear Level 3 for 3 times.,980,3,"{""level"": 3}"
9001,9,RMBattleMission::EntryMission::CountMission,Enter an Ultimate Clash.,Enter an Ultimate Clash.,1000,1,{}
9002,9,RMBattleMission::StageClearMission::CountMission,[Weekly] Clear a stage once.,[Weekly] Clear a stage once.,999,1,{}
9003,9,RMBattleMission::StageClearMission::CountMission,[Weekly] Clear a stage 2 times.,[Weekly] Clear a stage 2 times.,998,2,{}
9004,9,RMBattleMission::StageClearMission::CountMission,[Weekly] Clear a stage 3 times.,[Weekly] Clear a stage 3 times.,997,3,{}
9005,9,RMBattleMission::StageClearMission::CountMission,Clear a stage once.,Clear a stage once.,996,1,{}
9006,9,RMBattleMission::StageClearMission::CountMission,Clear a stage 2 times.,Clear a stage 2 times.,995,2,{}
9007,9,RMBattleMission::StageClearMission::CountMission,Clear a stage 3 times.,Clear a stage 3 times.,994,3,{}
9008,9,RMBattleMission::StageClearMission::CountMission,Clear a stage 4 times.,Clear a stage 4 times.,993,4,{}
9009,9,RMBattleMission::StageClearMission::CountMission,Clear a stage 5 times.,Clear a stage 5 times.,992,5,{}
9010,9,RMBattleMission::StageClearMission::CountMission,Clear a stage 6 times.,Clear a stage 6 times.,991,6,{}
9011,9,RMBattleMission::StageClearMission::CountMission,Clear a stage 7 times.,Clear a stage 7 times.,990,7,{}
9012,9,RMBattleMission::StageClearMission::CountMission,Clear a stage 8 times.,Clear a stage 8 times.,989,8,{}
9013,9,RMBattleMission::LevelClearMission::CountMission,Clear Level 1.,Clear Level 1.,988,1,"{""level"": 1}"
9014,9,RMBattleMission::LevelClearMission::CountMission,Clear Level 1 for 2 times.,Clear Level 1 for 2 times.,987,2,"{""level"": 1}"
9015,9,RMBattleMission::LevelClearMission::CountMission,Clear Level 1 for 3 times.,Clear Level 1 for 3 times.,986,3,"{""level"": 1}"
9016,9,RMBattleMission::LevelClearMission::CountMission,Clear Level 2.,Clear Level 2.,985,1,"{""level"": 2}"
9017,9,RMBattleMission::LevelClearMission::CountMission,Clear Level 2 for 2 times.,Clear Level 2 for 2 times.,984,2,"{""level"": 2}"
9018,9,RMBattleMission::LevelClearMission::CountMission,Clear Level 2 for 3 times.,Clear Level 2 for 3 times.,983,3,"{""level"": 2}"
9019,9,RMBattleMission::LevelClearMission::CountMission,Clear Level 3.,Clear Level 3.,982,1,"{""level"": 3}"
9020,9,RMBattleMission::LevelClearMission::CountMission,Clear Level 3 for 2 times.,Clear Level 3 for 2 times.,981,2,"{""level"": 3}"
9021,9,RMBattleMission::LevelClearMission::CountMission,Clear Level 3 for 3 times.,Clear Level 3 for 3 times.,980,3,"{""level"": 3}"
10001,10,RMBattleMission::EntryMission::CountMission,Enter an Ultimate Clash.,Enter an Ultimate Clash.,1000,1,{}
10002,10,RMBattleMission::StageClearMission::CountMission,[Weekly] Clear a stage once.,[Weekly] Clear a stage once.,999,1,{}
10003,10,RMBattleMission::StageClearMission::CountMission,[Weekly] Clear a stage 2 times.,[Weekly] Clear a stage 2 times.,998,2,{}
10004,10,RMBattleMission::StageClearMission::CountMission,[Weekly] Clear a stage 3 times.,[Weekly] Clear a stage 3 times.,997,3,{}
10005,10,RMBattleMission::StageClearMission::CountMission,Clear a stage once.,Clear a stage once.,996,1,{}
10006,10,RMBattleMission::StageClearMission::CountMission,Clear a stage 2 times.,Clear a stage 2 times.,995,2,{}
10007,10,RMBattleMission::StageClearMission::CountMission,Clear a stage 3 times.,Clear a stage 3 times.,994,3,{}
10008,10,RMBattleMission::StageClearMission::CountMission,Clear a stage 4 times.,Clear a stage 4 times.,993,4,{}
10009,10,RMBattleMission::StageClearMission::CountMission,Clear a stage 5 times.,Clear a stage 5 times.,992,5,{}
10010,10,RMBattleMission::StageClearMission::CountMission,Clear a stage 6 times.,Clear a stage 6 times.,991,6,{}
10011,10,RMBattleMission::StageClearMission::CountMission,Clear a stage 7 times.,Clear a stage 7 times.,990,7,{}
10012,10,RMBattleMission::StageClearMission::CountMission,Clear a stage 8 times.,Clear a stage 8 times.,989,8,{}
10013,10,RMBattleMission::StageClearMission::CountMission,Clear a stage 9 times.,Clear a stage 9 times.,988,9,{}
10014,10,RMBattleMission::LevelClearMission::CountMission,Clear Level 1.,Clear Level 1.,987,1,"{""level"": 1}"
10015,10,RMBattleMission::LevelClearMission::CountMission,Clear Level 1 for 2 times.,Clear Level 1 for 2 times.,986,2,"{""level"": 1}"
10016,10,RMBattleMission::LevelClearMission::CountMission,Clear Level 1 for 3 times.,Clear Level 1 for 3 times.,985,3,"{""level"": 1}"
10017,10,RMBattleMission::LevelClearMission::CountMission,Clear Level 2.,Clear Level 2.,984,1,"{""level"": 2}"
10018,10,RMBattleMission::LevelClearMission::CountMission,Clear Level 2 for 2 times.,Clear Level 2 for 2 times.,983,2,"{""level"": 2}"
10019,10,RMBattleMission::LevelClearMission::CountMission,Clear Level 2 for 3 times.,Clear Level 2 for 3 times.,982,3,"{""level"": 2}"
10020,10,RMBattleMission::LevelClearMission::CountMission,Clear Level 3.,Clear Level 3.,981,1,"{""level"": 3}"
10021,10,RMBattleMission::LevelClearMission::CountMission,Clear Level 3 for 2 times.,Clear Level 3 for 2 times.,980,2,"{""level"": 3}"
10022,10,RMBattleMission::LevelClearMission::CountMission,Clear Level 3 for 3 times.,Clear Level 3 for 3 times.,979,3,"{""level"": 3}"
11001,11,RMBattleMission::EntryMission::CountMission,Enter an Ultimate Clash.,Enter an Ultimate Clash.,1000,1,{}
11002,11,RMBattleMission::StageClearMission::CountMission,[Weekly] Clear a stage once.,[Weekly] Clear a stage once.,999,1,{}
11003,11,RMBattleMission::StageClearMission::CountMission,[Weekly] Clear a stage 2 times.,[Weekly] Clear a stage 2 times.,998,2,{}
11004,11,RMBattleMission::StageClearMission::CountMission,[Weekly] Clear a stage 3 times.,[Weekly] Clear a stage 3 times.,997,3,{}
11005,11,RMBattleMission::StageClearMission::CountMission,Clear a stage once.,Clear a stage once.,996,1,{}
11006,11,RMBattleMission::StageClearMission::CountMission,Clear a stage 2 times.,Clear a stage 2 times.,995,2,{}
11007,11,RMBattleMission::StageClearMission::CountMission,Clear a stage 3 times.,Clear a stage 3 times.,994,3,{}
11008,11,RMBattleMission::StageClearMission::CountMission,Clear a stage 4 times.,Clear a stage 4 times.,993,4,{}
11009,11,RMBattleMission::StageClearMission::CountMission,Clear a stage 5 times.,Clear a stage 5 times.,992,5,{}
11010,11,RMBattleMission::StageClearMission::CountMission,Clear a stage 6 times.,Clear a stage 6 times.,991,6,{}
11011,11,RMBattleMission::StageClearMission::CountMission,Clear a stage 7 times.,Clear a stage 7 times.,990,7,{}
11012,11,RMBattleMission::StageClearMission::CountMission,Clear a stage 8 times.,Clear a stage 8 times.,989,8,{}
11013,11,RMBattleMission::StageClearMission::CountMission,Clear a stage 9 times.,Clear a stage 9 times.,988,9,{}
11014,11,RMBattleMission::LevelClearMission::CountMission,Clear Level 1.,Clear Level 1.,987,1,"{""level"": 1}"
11015,11,RMBattleMission::LevelClearMission::CountMission,Clear Level 1 for 2 times.,Clear Level 1 for 2 times.,986,2,"{""level"": 1}"
11016,11,RMBattleMission::LevelClearMission::CountMission,Clear Level 1 for 3 times.,Clear Level 1 for 3 times.,985,3,"{""level"": 1}"
11017,11,RMBattleMission::LevelClearMission::CountMission,Clear Level 2.,Clear Level 2.,984,1,"{""level"": 2}"
11018,11,RMBattleMission::LevelClearMission::CountMission,Clear Level 2 for 2 times.,Clear Level 2 for 2 times.,983,2,"{""level"": 2}"
11019,11,RMBattleMission::LevelClearMission::CountMission,Clear Level 2 for 3 times.,Clear Level 2 for 3 times.,982,3,"{""level"": 2}"
11020,11,RMBattleMission::LevelClearMission::CountMission,Clear Level 3.,Clear Level 3.,981,1,"{""level"": 3}"
11021,11,RMBattleMission::LevelClearMission::CountMission,Clear Level 3 for 2 times.,Clear Level 3 for 2 times.,980,2,"{""level"": 3}"
11022,11,RMBattleMission::LevelClearMission::CountMission,Clear Level 3 for 3 times.,Clear Level 3 for 3 times.,979,3,"{""level"": 3}"
12001,12,RMBattleMission::EntryMission::CountMission,Enter an Ultimate Clash.,Enter an Ultimate Clash.,1000,1,{}
12002,12,RMBattleMission::StageClearMission::CountMission,[Weekly] Clear a stage once.,[Weekly] Clear a stage once.,999,1,{}
12003,12,RMBattleMission::StageClearMission::CountMission,[Weekly] Clear a stage 2 times.,[Weekly] Clear a stage 2 times.,998,2,{}
12004,12,RMBattleMission::StageClearMission::CountMission,[Weekly] Clear a stage 3 times.,[Weekly] Clear a stage 3 times.,997,3,{}
12005,12,RMBattleMission::StageClearMission::CountMission,Clear a stage once.,Clear a stage once.,996,1,{}
12006,12,RMBattleMission::StageClearMission::CountMission,Clear a stage 2 times.,Clear a stage 2 times.,995,2,{}
12007,12,RMBattleMission::StageClearMission::CountMission,Clear a stage 3 times.,Clear a stage 3 times.,994,3,{}
12008,12,RMBattleMission::StageClearMission::CountMission,Clear a stage 4 times.,Clear a stage 4 times.,993,4,{}
12009,12,RMBattleMission::StageClearMission::CountMission,Clear a stage 5 times.,Clear a stage 5 times.,992,5,{}
12010,12,RMBattleMission::StageClearMission::CountMission,Clear a stage 6 times.,Clear a stage 6 times.,991,6,{}
12011,12,RMBattleMission::StageClearMission::CountMission,Clear a stage 7 times.,Clear a stage 7 times.,990,7,{}
12012,12,RMBattleMission::StageClearMission::CountMission,Clear a stage 8 times.,Clear a stage 8 times.,989,8,{}
12013,12,RMBattleMission::StageClearMission::CountMission,Clear a stage 9 times.,Clear a stage 9 times.,988,9,{}
12014,12,RMBattleMission::LevelClearMission::CountMission,Clear Level 1.,Clear Level 1.,987,1,"{""level"": 1}"
12015,12,RMBattleMission::LevelClearMission::CountMission,Clear Level 1 for 2 times.,Clear Level 1 for 2 times.,986,2,"{""level"": 1}"
12016,12,RMBattleMission::LevelClearMission::CountMission,Clear Level 1 for 3 times.,Clear Level 1 for 3 times.,985,3,"{""level"": 1}"
12017,12,RMBattleMission::LevelClearMission::CountMission,Clear Level 2.,Clear Level 2.,984,1,"{""level"": 2}"
12018,12,RMBattleMission::LevelClearMission::CountMission,Clear Level 2 for 2 times.,Clear Level 2 for 2 times.,983,2,"{""level"": 2}"
12019,12,RMBattleMission::LevelClearMission::CountMission,Clear Level 2 for 3 times.,Clear Level 2 for 3 times.,982,3,"{""level"": 2}"
12020,12,RMBattleMission::LevelClearMission::CountMission,Clear Level 3.,Clear Level 3.,981,1,"{""level"": 3}"
12021,12,RMBattleMission::LevelClearMission::CountMission,Clear Level 3 for 2 times.,Clear Level 3 for 2 times.,980,2,"{""level"": 3}"
12022,12,RMBattleMission::LevelClearMission::CountMission,Clear Level 3 for 3 times.,Clear Level 3 for 3 times.,979,3,"{""level"": 3}"
13001,13,RMBattleMission::EntryMission::CountMission,Enter an Ultimate Clash.,Enter an Ultimate Clash.,1000,1,{}
13002,13,RMBattleMission::StageClearMission::CountMission,[Weekly] Clear a stage once.,[Weekly] Clear a stage once.,999,1,{}
13003,13,RMBattleMission::StageClearMission::CountMission,[Weekly] Clear a stage 2 times.,[Weekly] Clear a stage 2 times.,998,2,{}
13004,13,RMBattleMission::StageClearMission::CountMission,[Weekly] Clear a stage 3 times.,[Weekly] Clear a stage 3 times.,997,3,{}
13005,13,RMBattleMission::StageClearMission::CountMission,Clear a stage once.,Clear a stage once.,996,1,{}
13006,13,RMBattleMission::StageClearMission::CountMission,Clear a stage 2 times.,Clear a stage 2 times.,995,2,{}
13007,13,RMBattleMission::StageClearMission::CountMission,Clear a stage 3 times.,Clear a stage 3 times.,994,3,{}
13008,13,RMBattleMission::StageClearMission::CountMission,Clear a stage 4 times.,Clear a stage 4 times.,993,4,{}
13009,13,RMBattleMission::StageClearMission::CountMission,Clear a stage 5 times.,Clear a stage 5 times.,992,5,{}
13010,13,RMBattleMission::StageClearMission::CountMission,Clear a stage 6 times.,Clear a stage 6 times.,991,6,{}
13011,13,RMBattleMission::StageClearMission::CountMission,Clear a stage 7 times.,Clear a stage 7 times.,990,7,{}
13012,13,RMBattleMission::StageClearMission::CountMission,Clear a stage 8 times.,Clear a stage 8 times.,989,8,{}
13013,13,RMBattleMission::StageClearMission::CountMission,Clear a stage 9 times.,Clear a stage 9 times.,988,9,{}
13014,13,RMBattleMission::StageClearMission::CountMission,Clear a stage 10 times.,Clear a stage 10 times.,987,10,{}
13015,13,RMBattleMission::LevelClearMission::CountMission,Clear Level 1.,Clear Level 1.,986,1,"{""level"": 1}"
13016,13,RMBattleMission::LevelClearMission::CountMission,Clear Level 1 for 2 times.,Clear Level 1 for 2 times.,985,2,"{""level"": 1}"
13017,13,RMBattleMission::LevelClearMission::CountMission,Clear Level 1 for 3 times.,Clear Level 1 for 3 times.,984,3,"{""level"": 1}"
13018,13,RMBattleMission::LevelClearMission::CountMission,Clear Level 2.,Clear Level 2.,983,1,"{""level"": 2}"
13019,13,RMBattleMission::LevelClearMission::CountMission,Clear Level 2 for 2 times.,Clear Level 2 for 2 times.,982,2,"{""level"": 2}"
13020,13,RMBattleMission::LevelClearMission::CountMission,Clear Level 2 for 3 times.,Clear Level 2 for 3 times.,981,3,"{""level"": 2}"
13021,13,RMBattleMission::LevelClearMission::CountMission,Clear Level 3.,Clear Level 3.,980,1,"{""level"": 3}"
13022,13,RMBattleMission::LevelClearMission::CountMission,Clear Level 3 for 2 times.,Clear Level 3 for 2 times.,979,2,"{""level"": 3}"
13023,13,RMBattleMission::LevelClearMission::CountMission,Clear Level 3 for 3 times.,Clear Level 3 for 3 times.,978,3,"{""level"": 3}"
14001,14,RMBattleMission::EntryMission::CountMission,Enter an Ultimate Clash.,Enter an Ultimate Clash.,1000,1,{}
14002,14,RMBattleMission::StageClearMission::CountMission,[Weekly] Clear a stage once.,[Weekly] Clear a stage once.,999,1,{}
14003,14,RMBattleMission::StageClearMission::CountMission,[Weekly] Clear a stage 2 times.,[Weekly] Clear a stage 2 times.,998,2,{}
14004,14,RMBattleMission::StageClearMission::CountMission,[Weekly] Clear a stage 3 times.,[Weekly] Clear a stage 3 times.,997,3,{}
14005,14,RMBattleMission::StageClearMission::CountMission,Clear a stage once.,Clear a stage once.,996,1,{}
14006,14,RMBattleMission::StageClearMission::CountMission,Clear a stage 2 times.,Clear a stage 2 times.,995,2,{}
14007,14,RMBattleMission::StageClearMission::CountMission,Clear a stage 3 times.,Clear a stage 3 times.,994,3,{}
14008,14,RMBattleMission::StageClearMission::CountMission,Clear a stage 4 times.,Clear a stage 4 times.,993,4,{}
14009,14,RMBattleMission::StageClearMission::CountMission,Clear a stage 5 times.,Clear a stage 5 times.,992,5,{}
14010,14,RMBattleMission::StageClearMission::CountMission,Clear a stage 6 times.,Clear a stage 6 times.,991,6,{}
14011,14,RMBattleMission::StageClearMission::CountMission,Clear a stage 7 times.,Clear a stage 7 times.,990,7,{}
14012,14,RMBattleMission::StageClearMission::CountMission,Clear a stage 8 times.,Clear a stage 8 times.,989,8,{}
14013,14,RMBattleMission::StageClearMission::CountMission,Clear a stage 9 times.,Clear a stage 9 times.,988,9,{}
14014,14,RMBattleMission::StageClearMission::CountMission,Clear a stage 10 times.,Clear a stage 10 times.,987,10,{}
14015,14,RMBattleMission::LevelClearMission::CountMission,Clear Level 1.,Clear Level 1.,986,1,"{""level"": 1}"
14016,14,RMBattleMission::LevelClearMission::CountMission,Clear Level 1 for 2 times.,Clear Level 1 for 2 times.,985,2,"{""level"": 1}"
14017,14,RMBattleMission::LevelClearMission::CountMission,Clear Level 1 for 3 times.,Clear Level 1 for 3 times.,984,3,"{""level"": 1}"
14018,14,RMBattleMission::LevelClearMission::CountMission,Clear Level 2.,Clear Level 2.,983,1,"{""level"": 2}"
14019,14,RMBattleMission::LevelClearMission::CountMission,Clear Level 2 for 2 times.,Clear Level 2 for 2 times.,982,2,"{""level"": 2}"
14020,14,RMBattleMission::LevelClearMission::CountMission,Clear Level 2 for 3 times.,Clear Level 2 for 3 times.,981,3,"{""level"": 2}"
14021,14,RMBattleMission::LevelClearMission::CountMission,Clear Level 3.,Clear Level 3.,980,1,"{""level"": 3}"
14022,14,RMBattleMission::LevelClearMission::CountMission,Clear Level 3 for 2 times.,Clear Level 3 for 2 times.,979,2,"{""level"": 3}"
14023,14,RMBattleMission::LevelClearMission::CountMission,Clear Level 3 for 3 times.,Clear Level 3 for 3 times.,978,3,"{""level"": 3}"
15001,15,RMBattleMission::EntryMission::CountMission,Enter an Ultimate Clash.,Enter an Ultimate Clash.,1000,1,{}
15002,15,RMBattleMission::StageClearMission::CountMission,[Weekly] Clear a stage once.,[Weekly] Clear a stage once.,999,1,{}
15003,15,RMBattleMission::StageClearMission::CountMission,[Weekly] Clear a stage 2 times.,[Weekly] Clear a stage 2 times.,998,2,{}
15004,15,RMBattleMission::StageClearMission::CountMission,[Weekly] Clear a stage 3 times.,[Weekly] Clear a stage 3 times.,997,3,{}
15005,15,RMBattleMission::StageClearMission::CountMission,Clear a stage once.,Clear a stage once.,996,1,{}
15006,15,RMBattleMission::StageClearMission::CountMission,Clear a stage 2 times.,Clear a stage 2 times.,995,2,{}
15007,15,RMBattleMission::StageClearMission::CountMission,Clear a stage 3 times.,Clear a stage 3 times.,994,3,{}
15008,15,RMBattleMission::StageClearMission::CountMission,Clear a stage 4 times.,Clear a stage 4 times.,993,4,{}
15009,15,RMBattleMission::StageClearMission::CountMission,Clear a stage 5 times.,Clear a stage 5 times.,992,5,{}
15010,15,RMBattleMission::StageClearMission::CountMission,Clear a stage 6 times.,Clear a stage 6 times.,991,6,{}
15011,15,RMBattleMission::StageClearMission::CountMission,Clear a stage 7 times.,Clear a stage 7 times.,990,7,{}
15012,15,RMBattleMission::StageClearMission::CountMission,Clear a stage 8 times.,Clear a stage 8 times.,989,8,{}
15013,15,RMBattleMission::StageClearMission::CountMission,Clear a stage 9 times.,Clear a stage 9 times.,988,9,{}
15014,15,RMBattleMission::StageClearMission::CountMission,Clear a stage 10 times.,Clear a stage 10 times.,987,10,{}
15015,15,RMBattleMission::LevelClearMission::CountMission,Clear Level 1.,Clear Level 1.,986,1,"{""level"": 1}"
15016,15,RMBattleMission::LevelClearMission::CountMission,Clear Level 1 for 2 times.,Clear Level 1 for 2 times.,985,2,"{""level"": 1}"
15017,15,RMBattleMission::LevelClearMission::CountMission,Clear Level 1 for 3 times.,Clear Level 1 for 3 times.,984,3,"{""level"": 1}"
15018,15,RMBattleMission::LevelClearMission::CountMission,Clear Level 2.,Clear Level 2.,983,1,"{""level"": 2}"
15019,15,RMBattleMission::LevelClearMission::CountMission,Clear Level 2 for 2 times.,Clear Level 2 for 2 times.,982,2,"{""level"": 2}"
15020,15,RMBattleMission::LevelClearMission::CountMission,Clear Level 2 for 3 times.,Clear Level 2 for 3 times.,981,3,"{""level"": 2}"
15021,15,RMBattleMission::LevelClearMission::CountMission,Clear Level 3.,Clear Level 3.,980,1,"{""level"": 3}"
15022,15,RMBattleMission::LevelClearMission::CountMission,Clear Level 3 for 2 times.,Clear Level 3 for 2 times.,979,2,"{""level"": 3}"
15023,15,RMBattleMission::LevelClearMission::CountMission,Clear Level 3 for 3 times.,Clear Level 3 for 3 times.,978,3,"{""level"": 3}"
16001,16,RMBattleMission::EntryMission::CountMission,Enter an Ultimate Clash.,Enter an Ultimate Clash.,1000,1,{}
16002,16,RMBattleMission::StageClearMission::CountMission,[Weekly] Clear a stage once.,[Weekly] Clear a stage once.,999,1,{}
16003,16,RMBattleMission::StageClearMission::CountMission,[Weekly] Clear a stage 2 times.,[Weekly] Clear a stage 2 times.,998,2,{}
16004,16,RMBattleMission::StageClearMission::CountMission,[Weekly] Clear a stage 3 times.,[Weekly] Clear a stage 3 times.,997,3,{}
16005,16,RMBattleMission::StageClearMission::CountMission,Clear a stage once.,Clear a stage once.,996,1,{}
16006,16,RMBattleMission::StageClearMission::CountMission,Clear a stage 2 times.,Clear a stage 2 times.,995,2,{}
16007,16,RMBattleMission::StageClearMission::CountMission,Clear a stage 3 times.,Clear a stage 3 times.,994,3,{}
16008,16,RMBattleMission::StageClearMission::CountMission,Clear a stage 4 times.,Clear a stage 4 times.,993,4,{}
16009,16,RMBattleMission::StageClearMission::CountMission,Clear a stage 5 times.,Clear a stage 5 times.,992,5,{}
16010,16,RMBattleMission::StageClearMission::CountMission,Clear a stage 6 times.,Clear a stage 6 times.,991,6,{}
16011,16,RMBattleMission::StageClearMission::CountMission,Clear a stage 7 times.,Clear a stage 7 times.,990,7,{}
16012,16,RMBattleMission::StageClearMission::CountMission,Clear a stage 8 times.,Clear a stage 8 times.,989,8,{}
16013,16,RMBattleMission::StageClearMission::CountMission,Clear a stage 9 times.,Clear a stage 9 times.,988,9,{}
16014,16,RMBattleMission::StageClearMission::CountMission,Clear a stage 10 times.,Clear a stage 10 times.,987,10,{}
16015,16,RMBattleMission::LevelClearMission::CountMission,Clear Level 1.,Clear Level 1.,986,1,"{""level"": 1}"
16016,16,RMBattleMission::LevelClearMission::CountMission,Clear Level 1 for 2 times.,Clear Level 1 for 2 times.,985,2,"{""level"": 1}"
16017,16,RMBattleMission::LevelClearMission::CountMission,Clear Level 1 for 3 times.,Clear Level 1 for 3 times.,984,3,"{""level"": 1}"
16018,16,RMBattleMission::LevelClearMission::CountMission,Clear Level 2.,Clear Level 2.,983,1,"{""level"": 2}"
16019,16,RMBattleMission::LevelClearMission::CountMission,Clear Level 2 for 2 times.,Clear Level 2 for 2 times.,982,2,"{""level"": 2}"
16020,16,RMBattleMission::LevelClearMission::CountMission,Clear Level 2 for 3 times.,Clear Level 2 for 3 times.,981,3,"{""level"": 2}"
16021,16,RMBattleMission::LevelClearMission::CountMission,Clear Level 3.,Clear Level 3.,980,1,"{""level"": 3}"
16022,16,RMBattleMission::LevelClearMission::CountMission,Clear Level 3 for 2 times.,Clear Level 3 for 2 times.,979,2,"{""level"": 3}"
16023,16,RMBattleMission::LevelClearMission::CountMission,Clear Level 3 for 3 times.,Clear Level 3 for 3 times.,978,3,"{""level"": 3}"
17001,17,RMBattleMission::EntryMission::CountMission,Enter an Ultimate Clash.,Enter an Ultimate Clash.,1000,1,{}
17002,17,RMBattleMission::StageClearMission::CountMission,[Weekly] Clear a stage once.,[Weekly] Clear a stage once.,999,1,{}
17003,17,RMBattleMission::StageClearMission::CountMission,[Weekly] Clear a stage 2 times.,[Weekly] Clear a stage 2 times.,998,2,{}
17004,17,RMBattleMission::StageClearMission::CountMission,[Weekly] Clear a stage 3 times.,[Weekly] Clear a stage 3 times.,997,3,{}
17005,17,RMBattleMission::StageClearMission::CountMission,Clear a stage once.,Clear a stage once.,996,1,{}
17006,17,RMBattleMission::StageClearMission::CountMission,Clear a stage 2 times.,Clear a stage 2 times.,995,2,{}
17007,17,RMBattleMission::StageClearMission::CountMission,Clear a stage 3 times.,Clear a stage 3 times.,994,3,{}
17008,17,RMBattleMission::StageClearMission::CountMission,Clear a stage 4 times.,Clear a stage 4 times.,993,4,{}
17009,17,RMBattleMission::StageClearMission::CountMission,Clear a stage 5 times.,Clear a stage 5 times.,992,5,{}
17010,17,RMBattleMission::StageClearMission::CountMission,Clear a stage 6 times.,Clear a stage 6 times.,991,6,{}
17011,17,RMBattleMission::StageClearMission::CountMission,Clear a stage 7 times.,Clear a stage 7 times.,990,7,{}
17012,17,RMBattleMission::StageClearMission::CountMission,Clear a stage 8 times.,Clear a stage 8 times.,989,8,{}
17013,17,RMBattleMission::StageClearMission::CountMission,Clear a stage 9 times.,Clear a stage 9 times.,988,9,{}
17014,17,RMBattleMission::StageClearMission::CountMission,Clear a stage 10 times.,Clear a stage 10 times.,987,10,{}
17015,17,RMBattleMission::LevelClearMission::CountMission,Clear Level 1.,Clear Level 1.,986,1,"{""level"": 1}"
17016,17,RMBattleMission::LevelClearMission::CountMission,Clear Level 1 for 2 times.,Clear Level 1 for 2 times.,985,2,"{""level"": 1}"
17017,17,RMBattleMission::LevelClearMission::CountMission,Clear Level 1 for 3 times.,Clear Level 1 for 3 times.,984,3,"{""level"": 1}"
17018,17,RMBattleMission::LevelClearMission::CountMission,Clear Level 2.,Clear Level 2.,983,1,"{""level"": 2}"
17019,17,RMBattleMission::LevelClearMission::CountMission,Clear Level 2 for 2 times.,Clear Level 2 for 2 times.,982,2,"{""level"": 2}"
17020,17,RMBattleMission::LevelClearMission::CountMission,Clear Level 2 for 3 times.,Clear Level 2 for 3 times.,981,3,"{""level"": 2}"
17021,17,RMBattleMission::LevelClearMission::CountMission,Clear Level 3.,Clear Level 3.,980,1,"{""level"": 3}"
17022,17,RMBattleMission::LevelClearMission::CountMission,Clear Level 3 for 2 times.,Clear Level 3 for 2 times.,979,2,"{""level"": 3}"
17023,17,RMBattleMission::LevelClearMission::CountMission,Clear Level 3 for 3 times.,Clear Level 3 for 3 times.,978,3,"{""level"": 3}"
18001,18,RMBattleMission::EntryMission::CountMission,Enter an Ultimate Clash.,Enter an Ultimate Clash.,1000,1,{}
18002,18,RMBattleMission::StageClearMission::CountMission,[Weekly] Clear a stage once.,[Weekly] Clear a stage once.,999,1,{}
18003,18,RMBattleMission::StageClearMission::CountMission,[Weekly] Clear a stage 2 times.,[Weekly] Clear a stage 2 times.,998,2,{}
18004,18,RMBattleMission::StageClearMission::CountMission,[Weekly] Clear a stage 3 times.,[Weekly] Clear a stage 3 times.,997,3,{}
18005,18,RMBattleMission::StageClearMission::CountMission,Clear a stage once.,Clear a stage once.,996,1,{}
18006,18,RMBattleMission::StageClearMission::CountMission,Clear a stage 2 times.,Clear a stage 2 times.,995,2,{}
18007,18,RMBattleMission::StageClearMission::CountMission,Clear a stage 3 times.,Clear a stage 3 times.,994,3,{}
18008,18,RMBattleMission::StageClearMission::CountMission,Clear a stage 4 times.,Clear a stage 4 times.,993,4,{}
18009,18,RMBattleMission::StageClearMission::CountMission,Clear a stage 5 times.,Clear a stage 5 times.,992,5,{}
18010,18,RMBattleMission::StageClearMission::CountMission,Clear a stage 6 times.,Clear a stage 6 times.,991,6,{}
18011,18,RMBattleMission::StageClearMission::CountMission,Clear a stage 7 times.,Clear a stage 7 times.,990,7,{}
18012,18,RMBattleMission::StageClearMission::CountMission,Clear a stage 8 times.,Clear a stage 8 times.,989,8,{}
18013,18,RMBattleMission::StageClearMission::CountMission,Clear a stage 9 times.,Clear a stage 9 times.,988,9,{}
18014,18,RMBattleMission::StageClearMission::CountMission,Clear a stage 10 times.,Clear a stage 10 times.,987,10,{}
18015,18,RMBattleMission::LevelClearMission::CountMission,Clear Level 1.,Clear Level 1.,986,1,"{""level"": 1}"
18016,18,RMBattleMission::LevelClearMission::CountMission,Clear Level 1 for 2 times.,Clear Level 1 for 2 times.,985,2,"{""level"": 1}"
18017,18,RMBattleMission::LevelClearMission::CountMission,Clear Level 1 for 3 times.,Clear Level 1 for 3 times.,984,3,"{""level"": 1}"
18018,18,RMBattleMission::LevelClearMission::CountMission,Clear Level 2.,Clear Level 2.,983,1,"{""level"": 2}"
18019,18,RMBattleMission::LevelClearMission::CountMission,Clear Level 2 for 2 times.,Clear Level 2 for 2 times.,982,2,"{""level"": 2}"
18020,18,RMBattleMission::LevelClearMission::CountMission,Clear Level 2 for 3 times.,Clear Level 2 for 3 times.,981,3,"{""level"": 2}"
18021,18,RMBattleMission::LevelClearMission::CountMission,Clear Level 3.,Clear Level 3.,980,1,"{""level"": 3}"
18022,18,RMBattleMission::LevelClearMission::CountMission,Clear Level 3 for 2 times.,Clear Level 3 for 2 times.,979,2,"{""level"": 3}"
18023,18,RMBattleMission::LevelClearMission::CountMission,Clear Level 3 for 3 times.,Clear Level 3 for 3 times.,978,3,"{""level"": 3}"
19001,19,RMBattleMission::EntryMission::CountMission,Enter an Ultimate Clash.,Enter an Ultimate Clash.,1000,1,{}
19002,19,RMBattleMission::StageClearMission::CountMission,[Weekly] Clear a stage once.,[Weekly] Clear a stage once.,999,1,{}
19003,19,RMBattleMission::StageClearMission::CountMission,[Weekly] Clear a stage 2 times.,[Weekly] Clear a stage 2 times.,998,2,{}
19004,19,RMBattleMission::StageClearMission::CountMission,[Weekly] Clear a stage 3 times.,[Weekly] Clear a stage 3 times.,997,3,{}
19005,19,RMBattleMission::StageClearMission::CountMission,Clear a stage once.,Clear a stage once.,996,1,{}
19006,19,RMBattleMission::StageClearMission::CountMission,Clear a stage 2 times.,Clear a stage 2 times.,995,2,{}
19007,19,RMBattleMission::StageClearMission::CountMission,Clear a stage 3 times.,Clear a stage 3 times.,994,3,{}
19008,19,RMBattleMission::StageClearMission::CountMission,Clear a stage 4 times.,Clear a stage 4 times.,993,4,{}
19009,19,RMBattleMission::StageClearMission::CountMission,Clear a stage 5 times.,Clear a stage 5 times.,992,5,{}
19010,19,RMBattleMission::StageClearMission::CountMission,Clear a stage 6 times.,Clear a stage 6 times.,991,6,{}
19011,19,RMBattleMission::StageClearMission::CountMission,Clear a stage 7 times.,Clear a stage 7 times.,990,7,{}
19012,19,RMBattleMission::StageClearMission::CountMission,Clear a stage 8 times.,Clear a stage 8 times.,989,8,{}
19013,19,RMBattleMission::StageClearMission::CountMission,Clear a stage 9 times.,Clear a stage 9 times.,988,9,{}
19014,19,RMBattleMission::StageClearMission::CountMission,Clear a stage 10 times.,Clear a stage 10 times.,987,10,{}
19015,19,RMBattleMission::LevelClearMission::CountMission,Clear Level 1.,Clear Level 1.,986,1,"{""level"": 1}"
19016,19,RMBattleMission::LevelClearMission::CountMission,Clear Level 1 for 2 times.,Clear Level 1 for 2 times.,985,2,"{""level"": 1}"
19017,19,RMBattleMission::LevelClearMission::CountMission,Clear Level 1 for 3 times.,Clear Level 1 for 3 times.,984,3,"{""level"": 1}"
19018,19,RMBattleMission::LevelClearMission::CountMission,Clear Level 2.,Clear Level 2.,983,1,"{""level"": 2}"
19019,19,RMBattleMission::LevelClearMission::CountMission,Clear Level 2 for 2 times.,Clear Level 2 for 2 times.,982,2,"{""level"": 2}"
19020,19,RMBattleMission::LevelClearMission::CountMission,Clear Level 2 for 3 times.,Clear Level 2 for 3 times.,981,3,"{""level"": 2}"
19021,19,RMBattleMission::LevelClearMission::CountMission,Clear Level 3.,Clear Level 3.,980,1,"{""level"": 3}"
19022,19,RMBattleMission::LevelClearMission::CountMission,Clear Level 3 for 2 times.,Clear Level 3 for 2 times.,979,2,"{""level"": 3}"
19023,19,RMBattleMission::LevelClearMission::CountMission,Clear Level 3 for 3 times.,Clear Level 3 for 3 times.,978,3,"{""level"": 3}"
20001,20,RMBattleMission::EntryMission::CountMission,Enter an Ultimate Clash.,Enter an Ultimate Clash.,1000,1,{}
20002,20,RMBattleMission::StageClearMission::CountMission,[Weekly] Clear a stage once.,[Weekly] Clear a stage once.,999,1,{}
20003,20,RMBattleMission::StageClearMission::CountMission,[Weekly] Clear a stage 2 times.,[Weekly] Clear a stage 2 times.,998,2,{}
20004,20,RMBattleMission::StageClearMission::CountMission,[Weekly] Clear a stage 3 times.,[Weekly] Clear a stage 3 times.,997,3,{}
20005,20,RMBattleMission::StageClearMission::CountMission,Clear a stage once.,Clear a stage once.,996,1,{}
20006,20,RMBattleMission::StageClearMission::CountMission,Clear a stage 2 times.,Clear a stage 2 times.,995,2,{}
20007,20,RMBattleMission::StageClearMission::CountMission,Clear a stage 3 times.,Clear a stage 3 times.,994,3,{}
20008,20,RMBattleMission::StageClearMission::CountMission,Clear a stage 4 times.,Clear a stage 4 times.,993,4,{}
20009,20,RMBattleMission::StageClearMission::CountMission,Clear a stage 5 times.,Clear a stage 5 times.,992,5,{}
20010,20,RMBattleMission::StageClearMission::CountMission,Clear a stage 6 times.,Clear a stage 6 times.,991,6,{}
20011,20,RMBattleMission::StageClearMission::CountMission,Clear a stage 7 times.,Clear a stage 7 times.,990,7,{}
20012,20,RMBattleMission::StageClearMission::CountMission,Clear a stage 8 times.,Clear a stage 8 times.,989,8,{}
20013,20,RMBattleMission::StageClearMission::CountMission,Clear a stage 9 times.,Clear a stage 9 times.,988,9,{}
20014,20,RMBattleMission::StageClearMission::CountMission,Clear a stage 10 times.,Clear a stage 10 times.,987,10,{}
20015,20,RMBattleMission::LevelClearMission::CountMission,Clear Level 1.,Clear Level 1.,986,1,"{""level"": 1}"
20016,20,RMBattleMission::LevelClearMission::CountMission,Clear Level 1 for 2 times.,Clear Level 1 for 2 times.,985,2,"{""level"": 1}"
20017,20,RMBattleMission::LevelClearMission::CountMission,Clear Level 1 for 3 times.,Clear Level 1 for 3 times.,984,3,"{""level"": 1}"
20018,20,RMBattleMission::LevelClearMission::CountMission,Clear Level 2.,Clear Level 2.,983,1,"{""level"": 2}"
20019,20,RMBattleMission::LevelClearMission::CountMission,Clear Level 2 for 2 times.,Clear Level 2 for 2 times.,982,2,"{""level"": 2}"
20020,20,RMBattleMission::LevelClearMission::CountMission,Clear Level 2 for 3 times.,Clear Level 2 for 3 times.,981,3,"{""level"": 2}"
20021,20,RMBattleMission::LevelClearMission::CountMission,Clear Level 3.,Clear Level 3.,980,1,"{""level"": 3}"
20022,20,RMBattleMission::LevelClearMission::CountMission,Clear Level 3 for 2 times.,Clear Level 3 for 2 times.,979,2,"{""level"": 3}"
20023,20,RMBattleMission::LevelClearMission::CountMission,Clear Level 3 for 3 times.,Clear Level 3 for 3 times.,978,3,"{""level"": 3}"
21001,21,RMBattleMission::EntryMission::CountMission,Enter an Ultimate Clash.,Enter an Ultimate Clash.,1000,1,{}
21002,21,RMBattleMission::StageClearMission::CountMission,[Weekly] Clear a stage once.,[Weekly] Clear a stage once.,999,1,{}
21003,21,RMBattleMission::StageClearMission::CountMission,[Weekly] Clear a stage 2 times.,[Weekly] Clear a stage 2 times.,998,2,{}
21004,21,RMBattleMission::StageClearMission::CountMission,[Weekly] Clear a stage 3 times.,[Weekly] Clear a stage 3 times.,997,3,{}
21005,21,RMBattleMission::StageClearMission::CountMission,Clear a stage once.,Clear a stage once.,996,1,{}
21006,21,RMBattleMission::StageClearMission::CountMission,Clear a stage 2 times.,Clear a stage 2 times.,995,2,{}
21007,21,RMBattleMission::StageClearMission::CountMission,Clear a stage 3 times.,Clear a stage 3 times.,994,3,{}
21008,21,RMBattleMission::StageClearMission::CountMission,Clear a stage 4 times.,Clear a stage 4 times.,993,4,{}
21009,21,RMBattleMission::StageClearMission::CountMission,Clear a stage 5 times.,Clear a stage 5 times.,992,5,{}
21010,21,RMBattleMission::StageClearMission::CountMission,Clear a stage 6 times.,Clear a stage 6 times.,991,6,{}
21011,21,RMBattleMission::StageClearMission::CountMission,Clear a stage 7 times.,Clear a stage 7 times.,990,7,{}
21012,21,RMBattleMission::StageClearMission::CountMission,Clear a stage 8 times.,Clear a stage 8 times.,989,8,{}
21013,21,RMBattleMission::StageClearMission::CountMission,Clear a stage 9 times.,Clear a stage 9 times.,988,9,{}
21014,21,RMBattleMission::StageClearMission::CountMission,Clear a stage 10 times.,Clear a stage 10 times.,987,10,{}
21015,21,RMBattleMission::LevelClearMission::CountMission,Clear Level 1.,Clear Level 1.,986,1,"{""level"": 1}"
21016,21,RMBattleMission::LevelClearMission::CountMission,Clear Level 1 for 2 times.,Clear Level 1 for 2 times.,985,2,"{""level"": 1}"
21017,21,RMBattleMission::LevelClearMission::CountMission,Clear Level 1 for 3 times.,Clear Level 1 for 3 times.,984,3,"{""level"": 1}"
21018,21,RMBattleMission::LevelClearMission::CountMission,Clear Level 2.,Clear Level 2.,983,1,"{""level"": 2}"
21019,21,RMBattleMission::LevelClearMission::CountMission,Clear Level 2 for 2 times.,Clear Level 2 for 2 times.,982,2,"{""level"": 2}"
21020,21,RMBattleMission::LevelClearMission::CountMission,Clear Level 2 for 3 times.,Clear Level 2 for 3 times.,981,3,"{""level"": 2}"
21021,21,RMBattleMission::LevelClearMission::CountMission,Clear Level 3.,Clear Level 3.,980,1,"{""level"": 3}"
21022,21,RMBattleMission::LevelClearMission::CountMission,Clear Level 3 for 2 times.,Clear Level 3 for 2 times.,979,2,"{""level"": 3}"
21023,21,RMBattleMission::LevelClearMission::CountMission,Clear Level 3 for 3 times.,Clear Level 3 for 3 times.,978,3,"{""level"": 3}"
22001,22,RMBattleMission::EntryMission::CountMission,Enter an Ultimate Clash.,Enter an Ultimate Clash.,1000,1,{}
22002,22,RMBattleMission::StageClearMission::CountMission,[Weekly] Clear a stage once.,[Weekly] Clear a stage once.,999,1,{}
22003,22,RMBattleMission::StageClearMission::CountMission,[Weekly] Clear a stage 2 times.,[Weekly] Clear a stage 2 times.,998,2,{}
22004,22,RMBattleMission::StageClearMission::CountMission,[Weekly] Clear a stage 3 times.,[Weekly] Clear a stage 3 times.,997,3,{}
22005,22,RMBattleMission::StageClearMission::CountMission,Clear a stage once.,Clear a stage once.,996,1,{}
22006,22,RMBattleMission::StageClearMission::CountMission,Clear a stage 2 times.,Clear a stage 2 times.,995,2,{}
22007,22,RMBattleMission::StageClearMission::CountMission,Clear a stage 3 times.,Clear a stage 3 times.,994,3,{}
22008,22,RMBattleMission::StageClearMission::CountMission,Clear a stage 4 times.,Clear a stage 4 times.,993,4,{}
22009,22,RMBattleMission::StageClearMission::CountMission,Clear a stage 5 times.,Clear a stage 5 times.,992,5,{}
22010,22,RMBattleMission::StageClearMission::CountMission,Clear a stage 6 times.,Clear a stage 6 times.,991,6,{}
22011,22,RMBattleMission::StageClearMission::CountMission,Clear a stage 7 times.,Clear a stage 7 times.,990,7,{}
22012,22,RMBattleMission::StageClearMission::CountMission,Clear a stage 8 times.,Clear a stage 8 times.,989,8,{}
22013,22,RMBattleMission::StageClearMission::CountMission,Clear a stage 9 times.,Clear a stage 9 times.,988,9,{}
22014,22,RMBattleMission::StageClearMission::CountMission,Clear a stage 10 times.,Clear a stage 10 times.,987,10,{}
22015,22,RMBattleMission::LevelClearMission::CountMission,Clear Level 1.,Clear Level 1.,986,1,"{""level"": 1}"
22016,22,RMBattleMission::LevelClearMission::CountMission,Clear Level 1 for 2 times.,Clear Level 1 for 2 times.,985,2,"{""level"": 1}"
22017,22,RMBattleMission::LevelClearMission::CountMission,Clear Level 1 for 3 times.,Clear Level 1 for 3 times.,984,3,"{""level"": 1}"
22018,22,RMBattleMission::LevelClearMission::CountMission,Clear Level 2.,Clear Level 2.,983,1,"{""level"": 2}"
22019,22,RMBattleMission::LevelClearMission::CountMission,Clear Level 2 for 2 times.,Clear Level 2 for 2 times.,982,2,"{""level"": 2}"
22020,22,RMBattleMission::LevelClearMission::CountMission,Clear Level 2 for 3 times.,Clear Level 2 for 3 times.,981,3,"{""level"": 2}"
22021,22,RMBattleMission::LevelClearMission::CountMission,Clear Level 3.,Clear Level 3.,980,1,"{""level"": 3}"
22022,22,RMBattleMission::LevelClearMission::CountMission,Clear Level 3 for 2 times.,Clear Level 3 for 2 times.,979,2,"{""level"": 3}"
22023,22,RMBattleMission::LevelClearMission::CountMission,Clear Level 3 for 3 times.,Clear Level 3 for 3 times.,978,3,"{""level"": 3}"
23001,23,RMBattleMission::EntryMission::CountMission,Enter an Ultimate Clash.,Enter an Ultimate Clash.,1000,1,{}
23002,23,RMBattleMission::StageClearMission::CountMission,[Weekly] Clear a stage once.,[Weekly] Clear a stage once.,999,1,{}
23003,23,RMBattleMission::StageClearMission::CountMission,[Weekly] Clear a stage 2 times.,[Weekly] Clear a stage 2 times.,998,2,{}
23004,23,RMBattleMission::StageClearMission::CountMission,[Weekly] Clear a stage 3 times.,[Weekly] Clear a stage 3 times.,997,3,{}
23005,23,RMBattleMission::StageClearMission::CountMission,Clear a stage once.,Clear a stage once.,996,1,{}
23006,23,RMBattleMission::StageClearMission::CountMission,Clear a stage 2 times.,Clear a stage 2 times.,995,2,{}
23007,23,RMBattleMission::StageClearMission::CountMission,Clear a stage 3 times.,Clear a stage 3 times.,994,3,{}
23008,23,RMBattleMission::StageClearMission::CountMission,Clear a stage 4 times.,Clear a stage 4 times.,993,4,{}
23009,23,RMBattleMission::StageClearMission::CountMission,Clear a stage 5 times.,Clear a stage 5 times.,992,5,{}
23010,23,RMBattleMission::StageClearMission::CountMission,Clear a stage 6 times.,Clear a stage 6 times.,991,6,{}
23011,23,RMBattleMission::StageClearMission::CountMission,Clear a stage 7 times.,Clear a stage 7 times.,990,7,{}
23012,23,RMBattleMission::StageClearMission::CountMission,Clear a stage 8 times.,Clear a stage 8 times.,989,8,{}
23013,23,RMBattleMission::StageClearMission::CountMission,Clear a stage 9 times.,Clear a stage 9 times.,988,9,{}
23014,23,RMBattleMission::StageClearMission::CountMission,Clear a stage 10 times.,Clear a stage 10 times.,987,10,{}
23015,23,RMBattleMission::LevelClearMission::CountMission,Clear Level 1.,Clear Level 1.,986,1,"{""level"": 1}"
23016,23,RMBattleMission::LevelClearMission::CountMission,Clear Level 1 for 2 times.,Clear Level 1 for 2 times.,985,2,"{""level"": 1}"
23017,23,RMBattleMission::LevelClearMission::CountMission,Clear Level 1 for 3 times.,Clear Level 1 for 3 times.,984,3,"{""level"": 1}"
23018,23,RMBattleMission::LevelClearMission::CountMission,Clear Level 2.,Clear Level 2.,983,1,"{""level"": 2}"
23019,23,RMBattleMission::LevelClearMission::CountMission,Clear Level 2 for 2 times.,Clear Level 2 for 2 times.,982,2,"{""level"": 2}"
23020,23,RMBattleMission::LevelClearMission::CountMission,Clear Level 2 for 3 times.,Clear Level 2 for 3 times.,981,3,"{""level"": 2}"
23021,23,RMBattleMission::LevelClearMission::CountMission,Clear Level 3.,Clear Level 3.,980,1,"{""level"": 3}"
23022,23,RMBattleMission::LevelClearMission::CountMission,Clear Level 3 for 2 times.,Clear Level 3 for 2 times.,979,2,"{""level"": 3}"
23023,23,RMBattleMission::LevelClearMission::CountMission,Clear Level 3 for 3 times.,Clear Level 3 for 3 times.,978,3,"{""level"": 3}"
24001,24,RMBattleMission::EntryMission::CountMission,Enter an Ultimate Clash.,Enter an Ultimate Clash.,1000,1,{}
24002,24,RMBattleMission::StageClearMission::CountMission,[Weekly] Clear a stage once.,[Weekly] Clear a stage once.,999,1,{}
24003,24,RMBattleMission::StageClearMission::CountMission,[Weekly] Clear a stage 2 times.,[Weekly] Clear a stage 2 times.,998,2,{}
24004,24,RMBattleMission::StageClearMission::CountMission,[Weekly] Clear a stage 3 times.,[Weekly] Clear a stage 3 times.,997,3,{}
24005,24,RMBattleMission::StageClearMission::CountMission,Clear a stage once.,Clear a stage once.,996,1,{}
24006,24,RMBattleMission::StageClearMission::CountMission,Clear a stage 2 times.,Clear a stage 2 times.,995,2,{}
24007,24,RMBattleMission::StageClearMission::CountMission,Clear a stage 3 times.,Clear a stage 3 times.,994,3,{}
24008,24,RMBattleMission::StageClearMission::CountMission,Clear a stage 4 times.,Clear a stage 4 times.,993,4,{}
24009,24,RMBattleMission::StageClearMission::CountMission,Clear a stage 5 times.,Clear a stage 5 times.,992,5,{}
24010,24,RMBattleMission::StageClearMission::CountMission,Clear a stage 6 times.,Clear a stage 6 times.,991,6,{}
24011,24,RMBattleMission::StageClearMission::CountMission,Clear a stage 7 times.,Clear a stage 7 times.,990,7,{}
24012,24,RMBattleMission::StageClearMission::CountMission,Clear a stage 8 times.,Clear a stage 8 times.,989,8,{}
24013,24,RMBattleMission::StageClearMission::CountMission,Clear a stage 9 times.,Clear a stage 9 times.,988,9,{}
24014,24,RMBattleMission::StageClearMission::CountMission,Clear a stage 10 times.,Clear a stage 10 times.,987,10,{}
24015,24,RMBattleMission::LevelClearMission::CountMission,Clear Level 1.,Clear Level 1.,986,1,"{""level"": 1}"
24016,24,RMBattleMission::LevelClearMission::CountMission,Clear Level 1 for 2 times.,Clear Level 1 for 2 times.,985,2,"{""level"": 1}"
24017,24,RMBattleMission::LevelClearMission::CountMission,Clear Level 1 for 3 times.,Clear Level 1 for 3 times.,984,3,"{""level"": 1}"
24018,24,RMBattleMission::LevelClearMission::CountMission,Clear Level 2.,Clear Level 2.,983,1,"{""level"": 2}"
24019,24,RMBattleMission::LevelClearMission::CountMission,Clear Level 2 for 2 times.,Clear Level 2 for 2 times.,982,2,"{""level"": 2}"
24020,24,RMBattleMission::LevelClearMission::CountMission,Clear Level 2 for 3 times.,Clear Level 2 for 3 times.,981,3,"{""level"": 2}"
24021,24,RMBattleMission::LevelClearMission::CountMission,Clear Level 3.,Clear Level 3.,980,1,"{""level"": 3}"
24022,24,RMBattleMission::LevelClearMission::CountMission,Clear Level 3 for 2 times.,Clear Level 3 for 2 times.,979,2,"{""level"": 3}"
24023,24,RMBattleMission::LevelClearMission::CountMission,Clear Level 3 for 3 times.,Clear Level 3 for 3 times.,978,3,"{""level"": 3}"
25001,25,RMBattleMission::EntryMission::CountMission,Enter an Ultimate Clash.,Enter an Ultimate Clash.,1000,1,{}
25002,25,RMBattleMission::StageClearMission::CountMission,[Weekly] Clear a stage once.,[Weekly] Clear a stage once.,999,1,{}
25003,25,RMBattleMission::StageClearMission::CountMission,[Weekly] Clear a stage 2 times.,[Weekly] Clear a stage 2 times.,998,2,{}
25004,25,RMBattleMission::StageClearMission::CountMission,[Weekly] Clear a stage 3 times.,[Weekly] Clear a stage 3 times.,997,3,{}
25005,25,RMBattleMission::StageClearMission::CountMission,Clear a stage once.,Clear a stage once.,996,1,{}
25006,25,RMBattleMission::StageClearMission::CountMission,Clear a stage 2 times.,Clear a stage 2 times.,995,2,{}
25007,25,RMBattleMission::StageClearMission::CountMission,Clear a stage 3 times.,Clear a stage 3 times.,994,3,{}
25008,25,RMBattleMission::StageClearMission::CountMission,Clear a stage 4 times.,Clear a stage 4 times.,993,4,{}
25009,25,RMBattleMission::StageClearMission::CountMission,Clear a stage 5 times.,Clear a stage 5 times.,992,5,{}
25010,25,RMBattleMission::StageClearMission::CountMission,Clear a stage 6 times.,Clear a stage 6 times.,991,6,{}
25011,25,RMBattleMission::StageClearMission::CountMission,Clear a stage 7 times.,Clear a stage 7 times.,990,7,{}
25012,25,RMBattleMission::StageClearMission::CountMission,Clear a stage 8 times.,Clear a stage 8 times.,989,8,{}
25013,25,RMBattleMission::StageClearMission::CountMission,Clear a stage 9 times.,Clear a stage 9 times.,988,9,{}
25014,25,RMBattleMission::StageClearMission::CountMission,Clear a stage 10 times.,Clear a stage 10 times.,987,10,{}
25015,25,RMBattleMission::LevelClearMission::CountMission,Clear Level 1.,Clear Level 1.,986,1,"{""level"": 1}"
25016,25,RMBattleMission::LevelClearMission::CountMission,Clear Level 1 for 2 times.,Clear Level 1 for 2 times.,985,2,"{""level"": 1}"
25017,25,RMBattleMission::LevelClearMission::CountMission,Clear Level 1 for 3 times.,Clear Level 1 for 3 times.,984,3,"{""level"": 1}"
25018,25,RMBattleMission::LevelClearMission::CountMission,Clear Level 2.,Clear Level 2.,983,1,"{""level"": 2}"
25019,25,RMBattleMission::LevelClearMission::CountMission,Clear Level 2 for 2 times.,Clear Level 2 for 2 times.,982,2,"{""level"": 2}"
25020,25,RMBattleMission::LevelClearMission::CountMission,Clear Level 2 for 3 times.,Clear Level 2 for 3 times.,981,3,"{""level"": 2}"
25021,25,RMBattleMission::LevelClearMission::CountMission,Clear Level 3.,Clear Level 3.,980,1,"{""level"": 3}"
25022,25,RMBattleMission::LevelClearMission::CountMission,Clear Level 3 for 2 times.,Clear Level 3 for 2 times.,979,2,"{""level"": 3}"
25023,25,RMBattleMission::LevelClearMission::CountMission,Clear Level 3 for 3 times.,Clear Level 3 for 3 times.,978,3,"{""level"": 3}"
26001,26,RMBattleMission::EntryMission::CountMission,Enter an Ultimate Clash.,Enter an Ultimate Clash.,1000,1,{}
26002,26,RMBattleMission::StageClearMission::CountMission,[Weekly] Clear a stage once.,[Weekly] Clear a stage once.,999,1,{}
26003,26,RMBattleMission::StageClearMission::CountMission,[Weekly] Clear a stage 2 times.,[Weekly] Clear a stage 2 times.,998,2,{}
26004,26,RMBattleMission::StageClearMission::CountMission,[Weekly] Clear a stage 3 times.,[Weekly] Clear a stage 3 times.,997,3,{}
26005,26,RMBattleMission::StageClearMission::CountMission,Clear a stage once.,Clear a stage once.,996,1,{}
26006,26,RMBattleMission::StageClearMission::CountMission,Clear a stage 2 times.,Clear a stage 2 times.,995,2,{}
26007,26,RMBattleMission::StageClearMission::CountMission,Clear a stage 3 times.,Clear a stage 3 times.,994,3,{}
26008,26,RMBattleMission::StageClearMission::CountMission,Clear a stage 4 times.,Clear a stage 4 times.,993,4,{}
26009,26,RMBattleMission::StageClearMission::CountMission,Clear a stage 5 times.,Clear a stage 5 times.,992,5,{}
26010,26,RMBattleMission::StageClearMission::CountMission,Clear a stage 6 times.,Clear a stage 6 times.,991,6,{}
26011,26,RMBattleMission::StageClearMission::CountMission,Clear a stage 7 times.,Clear a stage 7 times.,990,7,{}
26012,26,RMBattleMission::StageClearMission::CountMission,Clear a stage 8 times.,Clear a stage 8 times.,989,8,{}
26013,26,RMBattleMission::StageClearMission::CountMission,Clear a stage 9 times.,Clear a stage 9 times.,988,9,{}
26014,26,RMBattleMission::StageClearMission::CountMission,Clear a stage 10 times.,Clear a stage 10 times.,987,10,{}
26015,26,RMBattleMission::LevelClearMission::CountMission,Clear Level 1.,Clear Level 1.,986,1,"{""level"": 1}"
26016,26,RMBattleMission::LevelClearMission::CountMission,Clear Level 1 for 2 times.,Clear Level 1 for 2 times.,985,2,"{""level"": 1}"
26017,26,RMBattleMission::LevelClearMission::CountMission,Clear Level 1 for 3 times.,Clear Level 1 for 3 times.,984,3,"{""level"": 1}"
26018,26,RMBattleMission::LevelClearMission::CountMission,Clear Level 2.,Clear Level 2.,983,1,"{""level"": 2}"
26019,26,RMBattleMission::LevelClearMission::CountMission,Clear Level 2 for 2 times.,Clear Level 2 for 2 times.,982,2,"{""level"": 2}"
26020,26,RMBattleMission::LevelClearMission::CountMission,Clear Level 2 for 3 times.,Clear Level 2 for 3 times.,981,3,"{""level"": 2}"
26021,26,RMBattleMission::LevelClearMission::CountMission,Clear Level 3.,Clear Level 3.,980,1,"{""level"": 3}"
26022,26,RMBattleMission::LevelClearMission::CountMission,Clear Level 3 for 2 times.,Clear Level 3 for 2 times.,979,2,"{""level"": 3}"
26023,26,RMBattleMission::LevelClearMission::CountMission,Clear Level 3 for 3 times.,Clear Level 3 for 3 times.,978,3,"{""level"": 3}"
27001,27,RMBattleMission::EntryMission::CountMission,Enter an Ultimate Clash.,Enter an Ultimate Clash.,1000,1,{}
27002,27,RMBattleMission::StageClearMission::CountMission,[Weekly] Clear a stage once.,[Weekly] Clear a stage once.,999,1,{}
27003,27,RMBattleMission::StageClearMission::CountMission,[Weekly] Clear a stage 2 times.,[Weekly] Clear a stage 2 times.,998,2,{}
27004,27,RMBattleMission::StageClearMission::CountMission,[Weekly] Clear a stage 3 times.,[Weekly] Clear a stage 3 times.,997,3,{}
27005,27,RMBattleMission::StageClearMission::CountMission,Clear a stage once.,Clear a stage once.,996,1,{}
27006,27,RMBattleMission::StageClearMission::CountMission,Clear a stage 2 times.,Clear a stage 2 times.,995,2,{}
27007,27,RMBattleMission::StageClearMission::CountMission,Clear a stage 3 times.,Clear a stage 3 times.,994,3,{}
27008,27,RMBattleMission::StageClearMission::CountMission,Clear a stage 4 times.,Clear a stage 4 times.,993,4,{}
27009,27,RMBattleMission::StageClearMission::CountMission,Clear a stage 5 times.,Clear a stage 5 times.,992,5,{}
27010,27,RMBattleMission::StageClearMission::CountMission,Clear a stage 6 times.,Clear a stage 6 times.,991,6,{}
27011,27,RMBattleMission::StageClearMission::CountMission,Clear a stage 7 times.,Clear a stage 7 times.,990,7,{}
27012,27,RMBattleMission::StageClearMission::CountMission,Clear a stage 8 times.,Clear a stage 8 times.,989,8,{}
27013,27,RMBattleMission::StageClearMission::CountMission,Clear a stage 9 times.,Clear a stage 9 times.,988,9,{}
27014,27,RMBattleMission::StageClearMission::CountMission,Clear a stage 10 times.,Clear a stage 10 times.,987,10,{}
27015,27,RMBattleMission::LevelClearMission::CountMission,Clear Level 1.,Clear Level 1.,986,1,"{""level"": 1}"
27016,27,RMBattleMission::LevelClearMission::CountMission,Clear Level 1 for 2 times.,Clear Level 1 for 2 times.,985,2,"{""level"": 1}"
27017,27,RMBattleMission::LevelClearMission::CountMission,Clear Level 1 for 3 times.,Clear Level 1 for 3 times.,984,3,"{""level"": 1}"
27018,27,RMBattleMission::LevelClearMission::CountMission,Clear Level 2.,Clear Level 2.,983,1,"{""level"": 2}"
27019,27,RMBattleMission::LevelClearMission::CountMission,Clear Level 2 for 2 times.,Clear Level 2 for 2 times.,982,2,"{""level"": 2}"
27020,27,RMBattleMission::LevelClearMission::CountMission,Clear Level 2 for 3 times.,Clear Level 2 for 3 times.,981,3,"{""level"": 2}"
27021,27,RMBattleMission::LevelClearMission::CountMission,Clear Level 3.,Clear Level 3.,980,1,"{""level"": 3}"
27022,27,RMBattleMission::LevelClearMission::CountMission,Clear Level 3 for 2 times.,Clear Level 3 for 2 times.,979,2,"{""level"": 3}"
27023,27,RMBattleMission::LevelClearMission::CountMission,Clear Level 3 for 3 times.,Clear Level 3 for 3 times.,978,3,"{""level"": 3}"
28001,28,RMBattleMission::EntryMission::CountMission,Enter an Ultimate Clash.,Enter an Ultimate Clash.,1000,1,{}
28002,28,RMBattleMission::StageClearMission::CountMission,[Weekly] Clear a stage once.,[Weekly] Clear a stage once.,999,1,{}
28003,28,RMBattleMission::StageClearMission::CountMission,[Weekly] Clear a stage 2 times.,[Weekly] Clear a stage 2 times.,998,2,{}
28004,28,RMBattleMission::StageClearMission::CountMission,[Weekly] Clear a stage 3 times.,[Weekly] Clear a stage 3 times.,997,3,{}
28005,28,RMBattleMission::StageClearMission::CountMission,Clear a stage once.,Clear a stage once.,996,1,{}
28006,28,RMBattleMission::StageClearMission::CountMission,Clear a stage 2 times.,Clear a stage 2 times.,995,2,{}
28007,28,RMBattleMission::StageClearMission::CountMission,Clear a stage 3 times.,Clear a stage 3 times.,994,3,{}
28008,28,RMBattleMission::StageClearMission::CountMission,Clear a stage 4 times.,Clear a stage 4 times.,993,4,{}
28009,28,RMBattleMission::StageClearMission::CountMission,Clear a stage 5 times.,Clear a stage 5 times.,992,5,{}
28010,28,RMBattleMission::StageClearMission::CountMission,Clear a stage 6 times.,Clear a stage 6 times.,991,6,{}
28011,28,RMBattleMission::StageClearMission::CountMission,Clear a stage 7 times.,Clear a stage 7 times.,990,7,{}
28012,28,RMBattleMission::StageClearMission::CountMission,Clear a stage 8 times.,Clear a stage 8 times.,989,8,{}
28013,28,RMBattleMission::StageClearMission::CountMission,Clear a stage 9 times.,Clear a stage 9 times.,988,9,{}
28014,28,RMBattleMission::StageClearMission::CountMission,Clear a stage 10 times.,Clear a stage 10 times.,987,10,{}
28015,28,RMBattleMission::LevelClearMission::CountMission,Clear Level 1.,Clear Level 1.,986,1,"{""level"": 1}"
28016,28,RMBattleMission::LevelClearMission::CountMission,Clear Level 1 for 2 times.,Clear Level 1 for 2 times.,985,2,"{""level"": 1}"
28017,28,RMBattleMission::LevelClearMission::CountMission,Clear Level 1 for 3 times.,Clear Level 1 for 3 times.,984,3,"{""level"": 1}"
28018,28,RMBattleMission::LevelClearMission::CountMission,Clear Level 2.,Clear Level 2.,983,1,"{""level"": 2}"
28019,28,RMBattleMission::LevelClearMission::CountMission,Clear Level 2 for 2 times.,Clear Level 2 for 2 times.,982,2,"{""level"": 2}"
28020,28,RMBattleMission::LevelClearMission::CountMission,Clear Level 2 for 3 times.,Clear Level 2 for 3 times.,981,3,"{""level"": 2}"
28021,28,RMBattleMission::LevelClearMission::CountMission,Clear Level 3.,Clear Level 3.,980,1,"{""level"": 3}"
28022,28,RMBattleMission::LevelClearMission::CountMission,Clear Level 3 for 2 times.,Clear Level 3 for 2 times.,979,2,"{""level"": 3}"
28023,28,RMBattleMission::LevelClearMission::CountMission,Clear Level 3 for 3 times.,Clear Level 3 for 3 times.,978,3,"{""level"": 3}"
29001,29,RMBattleMission::EntryMission::CountMission,Enter an Ultimate Clash.,Enter an Ultimate Clash.,1000,1,{}
29002,29,RMBattleMission::StageClearMission::CountMission,[Weekly] Clear a stage once.,[Weekly] Clear a stage once.,999,1,{}
29003,29,RMBattleMission::StageClearMission::CountMission,[Weekly] Clear a stage 2 times.,[Weekly] Clear a stage 2 times.,998,2,{}
29004,29,RMBattleMission::StageClearMission::CountMission,[Weekly] Clear a stage 3 times.,[Weekly] Clear a stage 3 times.,997,3,{}
29005,29,RMBattleMission::StageClearMission::CountMission,Clear a stage once.,Clear a stage once.,996,1,{}
29006,29,RMBattleMission::StageClearMission::CountMission,Clear a stage 2 times.,Clear a stage 2 times.,995,2,{}
29007,29,RMBattleMission::StageClearMission::CountMission,Clear a stage 3 times.,Clear a stage 3 times.,994,3,{}
29008,29,RMBattleMission::StageClearMission::CountMission,Clear a stage 4 times.,Clear a stage 4 times.,993,4,{}
29009,29,RMBattleMission::StageClearMission::CountMission,Clear a stage 5 times.,Clear a stage 5 times.,992,5,{}
29010,29,RMBattleMission::StageClearMission::CountMission,Clear a stage 6 times.,Clear a stage 6 times.,991,6,{}
29011,29,RMBattleMission::StageClearMission::CountMission,Clear a stage 7 times.,Clear a stage 7 times.,990,7,{}
29012,29,RMBattleMission::StageClearMission::CountMission,Clear a stage 8 times.,Clear a stage 8 times.,989,8,{}
29013,29,RMBattleMission::StageClearMission::CountMission,Clear a stage 9 times.,Clear a stage 9 times.,988,9,{}
29014,29,RMBattleMission::StageClearMission::CountMission,Clear a stage 10 times.,Clear a stage 10 times.,987,10,{}
29015,29,RMBattleMission::LevelClearMission::CountMission,Clear Level 1.,Clear Level 1.,986,1,"{""level"": 1}"
29016,29,RMBattleMission::LevelClearMission::CountMission,Clear Level 1 for 2 times.,Clear Level 1 for 2 times.,985,2,"{""level"": 1}"
29017,29,RMBattleMission::LevelClearMission::CountMission,Clear Level 1 for 3 times.,Clear Level 1 for 3 times.,984,3,"{""level"": 1}"
29018,29,RMBattleMission::LevelClearMission::CountMission,Clear Level 2.,Clear Level 2.,983,1,"{""level"": 2}"
29019,29,RMBattleMission::LevelClearMission::CountMission,Clear Level 2 for 2 times.,Clear Level 2 for 2 times.,982,2,"{""level"": 2}"
29020,29,RMBattleMission::LevelClearMission::CountMission,Clear Level 2 for 3 times.,Clear Level 2 for 3 times.,981,3,"{""level"": 2}"
29021,29,RMBattleMission::LevelClearMission::CountMission,Clear Level 3.,Clear Level 3.,980,1,"{""level"": 3}"
29022,29,RMBattleMission::LevelClearMission::CountMission,Clear Level 3 for 2 times.,Clear Level 3 for 2 times.,979,2,"{""level"": 3}"
29023,29,RMBattleMission::LevelClearMission::CountMission,Clear Level 3 for 3 times.,Clear Level 3 for 3 times.,978,3,"{""level"": 3}"
30001,30,RMBattleMission::EntryMission::CountMission,Enter an Ultimate Clash.,Enter an Ultimate Clash.,1000,1,{}
30002,30,RMBattleMission::StageClearMission::CountMission,[Weekly] Clear a stage once.,[Weekly] Clear a stage once.,999,1,{}
30003,30,RMBattleMission::StageClearMission::CountMission,[Weekly] Clear a stage 2 times.,[Weekly] Clear a stage 2 times.,998,2,{}
30004,30,RMBattleMission::StageClearMission::CountMission,[Weekly] Clear a stage 3 times.,[Weekly] Clear a stage 3 times.,997,3,{}
30005,30,RMBattleMission::StageClearMission::CountMission,Clear a stage once.,Clear a stage once.,996,1,{}
30006,30,RMBattleMission::StageClearMission::CountMission,Clear a stage 2 times.,Clear a stage 2 times.,995,2,{}
30007,30,RMBattleMission::StageClearMission::CountMission,Clear a stage 3 times.,Clear a stage 3 times.,994,3,{}
30008,30,RMBattleMission::StageClearMission::CountMission,Clear a stage 4 times.,Clear a stage 4 times.,993,4,{}
30009,30,RMBattleMission::StageClearMission::CountMission,Clear a stage 5 times.,Clear a stage 5 times.,992,5,{}
30010,30,RMBattleMission::StageClearMission::CountMission,Clear a stage 6 times.,Clear a stage 6 times.,991,6,{}
30011,30,RMBattleMission::StageClearMission::CountMission,Clear a stage 7 times.,Clear a stage 7 times.,990,7,{}
30012,30,RMBattleMission::StageClearMission::CountMission,Clear a stage 8 times.,Clear a stage 8 times.,989,8,{}
30013,30,RMBattleMission::StageClearMission::CountMission,Clear a stage 9 times.,Clear a stage 9 times.,988,9,{}
30014,30,RMBattleMission::LevelClearMission::CountMission,Clear Level 1.,Clear Level 1.,987,1,"{""level"": 1}"
30015,30,RMBattleMission::LevelClearMission::CountMission,Clear Level 1 for 2 times.,Clear Level 1 for 2 times.,986,2,"{""level"": 1}"
30016,30,RMBattleMission::LevelClearMission::CountMission,Clear Level 1 for 3 times.,Clear Level 1 for 3 times.,985,3,"{""level"": 1}"
30017,30,RMBattleMission::LevelClearMission::CountMission,Clear Level 2.,Clear Level 2.,984,1,"{""level"": 2}"
30018,30,RMBattleMission::LevelClearMission::CountMission,Clear Level 2 for 2 times.,Clear Level 2 for 2 times.,983,2,"{""level"": 2}"
30019,30,RMBattleMission::LevelClearMission::CountMission,Clear Level 2 for 3 times.,Clear Level 2 for 3 times.,982,3,"{""level"": 2}"
30020,30,RMBattleMission::LevelClearMission::CountMission,Clear Level 3.,Clear Level 3.,981,1,"{""level"": 3}"
30021,30,RMBattleMission::LevelClearMission::CountMission,Clear Level 3 for 2 times.,Clear Level 3 for 2 times.,980,2,"{""level"": 3}"
30022,30,RMBattleMission::LevelClearMission::CountMission,Clear Level 3 for 3 times.,Clear Level 3 for 3 times.,979,3,"{""level"": 3}"
31001,31,RMBattleMission::EntryMission::CountMission,Enter an Ultimate Clash.,Enter an Ultimate Clash.,1000,1,{}
31002,31,RMBattleMission::StageClearMission::CountMission,[Weekly] Clear a stage once.,[Weekly] Clear a stage once.,999,1,{}
31003,31,RMBattleMission::StageClearMission::CountMission,[Weekly] Clear a stage 2 times.,[Weekly] Clear a stage 2 times.,998,2,{}
31004,31,RMBattleMission::StageClearMission::CountMission,[Weekly] Clear a stage 3 times.,[Weekly] Clear a stage 3 times.,997,3,{}
31005,31,RMBattleMission::StageClearMission::CountMission,Clear a stage once.,Clear a stage once.,996,1,{}
31006,31,RMBattleMission::StageClearMission::CountMission,Clear a stage 2 times.,Clear a stage 2 times.,995,2,{}
31007,31,RMBattleMission::StageClearMission::CountMission,Clear a stage 3 times.,Clear a stage 3 times.,994,3,{}
31008,31,RMBattleMission::StageClearMission::CountMission,Clear a stage 4 times.,Clear a stage 4 times.,993,4,{}
31009,31,RMBattleMission::StageClearMission::CountMission,Clear a stage 5 times.,Clear a stage 5 times.,992,5,{}
31010,31,RMBattleMission::StageClearMission::CountMission,Clear a stage 6 times.,Clear a stage 6 times.,991,6,{}
31011,31,RMBattleMission::StageClearMission::CountMission,Clear a stage 7 times.,Clear a stage 7 times.,990,7,{}
31012,31,RMBattleMission::StageClearMission::CountMission,Clear a stage 8 times.,Clear a stage 8 times.,989,8,{}
31013,31,RMBattleMission::StageClearMission::CountMission,Clear a stage 9 times.,Clear a stage 9 times.,988,9,{}
31014,31,RMBattleMission::StageClearMission::CountMission,Clear a stage 10 times.,Clear a stage 10 times.,987,10,{}
31015,31,RMBattleMission::LevelClearMission::CountMission,Clear Level 1.,Clear Level 1.,986,1,"{""level"": 1}"
31016,31,RMBattleMission::LevelClearMission::CountMission,Clear Level 1 for 2 times.,Clear Level 1 for 2 times.,985,2,"{""level"": 1}"
31017,31,RMBattleMission::LevelClearMission::CountMission,Clear Level 1 for 3 times.,Clear Level 1 for 3 times.,984,3,"{""level"": 1}"
31018,31,RMBattleMission::LevelClearMission::CountMission,Clear Level 2.,Clear Level 2.,983,1,"{""level"": 2}"
31019,31,RMBattleMission::LevelClearMission::CountMission,Clear Level 2 for 2 times.,Clear Level 2 for 2 times.,982,2,"{""level"": 2}"
31020,31,RMBattleMission::LevelClearMission::CountMission,Clear Level 2 for 3 times.,Clear Level 2 for 3 times.,981,3,"{""level"": 2}"
31021,31,RMBattleMission::LevelClearMission::CountMission,Clear Level 3.,Clear Level 3.,980,1,"{""level"": 3}"
31022,31,RMBattleMission::LevelClearMission::CountMission,Clear Level 3 for 2 times.,Clear Level 3 for 2 times.,979,2,"{""level"": 3}"
31023,31,RMBattleMission::LevelClearMission::CountMission,Clear Level 3 for 3 times.,Clear Level 3 for 3 times.,978,3,"{""level"": 3}"
32001,32,RMBattleMission::EntryMission::CountMission,Enter an Ultimate Clash.,Enter an Ultimate Clash.,1000,1,{}
32002,32,RMBattleMission::StageClearMission::CountMission,[Weekly] Clear a stage once.,[Weekly] Clear a stage once.,999,1,{}
32003,32,RMBattleMission::StageClearMission::CountMission,[Weekly] Clear a stage 2 times.,[Weekly] Clear a stage 2 times.,998,2,{}
32004,32,RMBattleMission::StageClearMission::CountMission,[Weekly] Clear a stage 3 times.,[Weekly] Clear a stage 3 times.,997,3,{}
32005,32,RMBattleMission::StageClearMission::CountMission,Clear a stage once.,Clear a stage once.,996,1,{}
32006,32,RMBattleMission::StageClearMission::CountMission,Clear a stage 2 times.,Clear a stage 2 times.,995,2,{}
32007,32,RMBattleMission::StageClearMission::CountMission,Clear a stage 3 times.,Clear a stage 3 times.,994,3,{}
32008,32,RMBattleMission::StageClearMission::CountMission,Clear a stage 4 times.,Clear a stage 4 times.,993,4,{}
32009,32,RMBattleMission::StageClearMission::CountMission,Clear a stage 5 times.,Clear a stage 5 times.,992,5,{}
32010,32,RMBattleMission::StageClearMission::CountMission,Clear a stage 6 times.,Clear a stage 6 times.,991,6,{}
32011,32,RMBattleMission::StageClearMission::CountMission,Clear a stage 7 times.,Clear a stage 7 times.,990,7,{}
32012,32,RMBattleMission::StageClearMission::CountMission,Clear a stage 8 times.,Clear a stage 8 times.,989,8,{}
32013,32,RMBattleMission::StageClearMission::CountMission,Clear a stage 9 times.,Clear a stage 9 times.,988,9,{}
32014,32,RMBattleMission::StageClearMission::CountMission,Clear a stage 10 times.,Clear a stage 10 times.,987,10,{}
32015,32,RMBattleMission::LevelClearMission::CountMission,Clear Level 1.,Clear Level 1.,986,1,"{""level"": 1}"
32016,32,RMBattleMission::LevelClearMission::CountMission,Clear Level 1 for 2 times.,Clear Level 1 for 2 times.,985,2,"{""level"": 1}"
32017,32,RMBattleMission::LevelClearMission::CountMission,Clear Level 1 for 3 times.,Clear Level 1 for 3 times.,984,3,"{""level"": 1}"
32018,32,RMBattleMission::LevelClearMission::CountMission,Clear Level 2.,Clear Level 2.,983,1,"{""level"": 2}"
32019,32,RMBattleMission::LevelClearMission::CountMission,Clear Level 2 for 2 times.,Clear Level 2 for 2 times.,982,2,"{""level"": 2}"
32020,32,RMBattleMission::LevelClearMission::CountMission,Clear Level 2 for 3 times.,Clear Level 2 for 3 times.,981,3,"{""level"": 2}"
32021,32,RMBattleMission::LevelClearMission::CountMission,Clear Level 3.,Clear Level 3.,980,1,"{""level"": 3}"
32022,32,RMBattleMission::LevelClearMission::CountMission,Clear Level 3 for 2 times.,Clear Level 3 for 2 times.,979,2,"{""level"": 3}"
32023,32,RMBattleMission::LevelClearMission::CountMission,Clear Level 3 for 3 times.,Clear Level 3 for 3 times.,978,3,"{""level"": 3}"
33001,33,RMBattleMission::EntryMission::CountMission,Enter an Ultimate Clash.,Enter an Ultimate Clash.,1000,1,{}
33002,33,RMBattleMission::StageClearMission::CountMission,[Weekly] Clear a stage once.,[Weekly] Clear a stage once.,999,1,{}
33003,33,RMBattleMission::StageClearMission::CountMission,[Weekly] Clear a stage 2 times.,[Weekly] Clear a stage 2 times.,998,2,{}
33004,33,RMBattleMission::StageClearMission::CountMission,[Weekly] Clear a stage 3 times.,[Weekly] Clear a stage 3 times.,997,3,{}
33005,33,RMBattleMission::StageClearMission::CountMission,Clear a stage once.,Clear a stage once.,996,1,{}
33006,33,RMBattleMission::StageClearMission::CountMission,Clear a stage 2 times.,Clear a stage 2 times.,995,2,{}
33007,33,RMBattleMission::StageClearMission::CountMission,Clear a stage 3 times.,Clear a stage 3 times.,994,3,{}
33008,33,RMBattleMission::StageClearMission::CountMission,Clear a stage 4 times.,Clear a stage 4 times.,993,4,{}
33009,33,RMBattleMission::StageClearMission::CountMission,Clear a stage 5 times.,Clear a stage 5 times.,992,5,{}
33010,33,RMBattleMission::StageClearMission::CountMission,Clear a stage 6 times.,Clear a stage 6 times.,991,6,{}
33011,33,RMBattleMission::StageClearMission::CountMission,Clear a stage 7 times.,Clear a stage 7 times.,990,7,{}
33012,33,RMBattleMission::StageClearMission::CountMission,Clear a stage 8 times.,Clear a stage 8 times.,989,8,{}
33013,33,RMBattleMission::StageClearMission::CountMission,Clear a stage 9 times.,Clear a stage 9 times.,988,9,{}
33014,33,RMBattleMission::StageClearMission::CountMission,Clear a stage 10 times.,Clear a stage 10 times.,987,10,{}
33015,33,RMBattleMission::LevelClearMission::CountMission,Clear Level 1.,Clear Level 1.,986,1,"{""level"": 1}"
33016,33,RMBattleMission::LevelClearMission::CountMission,Clear Level 1 for 2 times.,Clear Level 1 for 2 times.,985,2,"{""level"": 1}"
33017,33,RMBattleMission::LevelClearMission::CountMission,Clear Level 1 for 3 times.,Clear Level 1 for 3 times.,984,3,"{""level"": 1}"
33018,33,RMBattleMission::LevelClearMission::CountMission,Clear Level 2.,Clear Level 2.,983,1,"{""level"": 2}"
33019,33,RMBattleMission::LevelClearMission::CountMission,Clear Level 2 for 2 times.,Clear Level 2 for 2 times.,982,2,"{""level"": 2}"
33020,33,RMBattleMission::LevelClearMission::CountMission,Clear Level 2 for 3 times.,Clear Level 2 for 3 times.,981,3,"{""level"": 2}"
33021,33,RMBattleMission::LevelClearMission::CountMission,Clear Level 3.,Clear Level 3.,980,1,"{""level"": 3}"
33022,33,RMBattleMission::LevelClearMission::CountMission,Clear Level 3 for 2 times.,Clear Level 3 for 2 times.,979,2,"{""level"": 3}"
33023,33,RMBattleMission::LevelClearMission::CountMission,Clear Level 3 for 3 times.,Clear Level 3 for 3 times.,978,3,"{""level"": 3}"
34001,34,RMBattleMission::EntryMission::CountMission,Enter an Ultimate Clash.,Enter an Ultimate Clash.,1000,1,{}
34002,34,RMBattleMission::StageClearMission::CountMission,[Weekly] Clear a stage once.,[Weekly] Clear a stage once.,999,1,{}
34003,34,RMBattleMission::StageClearMission::CountMission,[Weekly] Clear a stage 2 times.,[Weekly] Clear a stage 2 times.,998,2,{}
34004,34,RMBattleMission::StageClearMission::CountMission,[Weekly] Clear a stage 3 times.,[Weekly] Clear a stage 3 times.,997,3,{}
34005,34,RMBattleMission::StageClearMission::CountMission,Clear a stage once.,Clear a stage once.,996,1,{}
34006,34,RMBattleMission::StageClearMission::CountMission,Clear a stage 2 times.,Clear a stage 2 times.,995,2,{}
34007,34,RMBattleMission::StageClearMission::CountMission,Clear a stage 3 times.,Clear a stage 3 times.,994,3,{}
34008,34,RMBattleMission::StageClearMission::CountMission,Clear a stage 4 times.,Clear a stage 4 times.,993,4,{}
34009,34,RMBattleMission::StageClearMission::CountMission,Clear a stage 5 times.,Clear a stage 5 times.,992,5,{}
34010,34,RMBattleMission::StageClearMission::CountMission,Clear a stage 6 times.,Clear a stage 6 times.,991,6,{}
34011,34,RMBattleMission::StageClearMission::CountMission,Clear a stage 7 times.,Clear a stage 7 times.,990,7,{}
34012,34,RMBattleMission::StageClearMission::CountMission,Clear a stage 8 times.,Clear a stage 8 times.,989,8,{}
34013,34,RMBattleMission::StageClearMission::CountMission,Clear a stage 9 times.,Clear a stage 9 times.,988,9,{}
34014,34,RMBattleMission::StageClearMission::CountMission,Clear a stage 10 times.,Clear a stage 10 times.,987,10,{}
34015,34,RMBattleMission::LevelClearMission::CountMission,Clear Level 1.,Clear Level 1.,986,1,"{""level"": 1}"
34016,34,RMBattleMission::LevelClearMission::CountMission,Clear Level 1 for 2 times.,Clear Level 1 for 2 times.,985,2,"{""level"": 1}"
34017,34,RMBattleMission::LevelClearMission::CountMission,Clear Level 1 for 3 times.,Clear Level 1 for 3 times.,984,3,"{""level"": 1}"
34018,34,RMBattleMission::LevelClearMission::CountMission,Clear Level 2.,Clear Level 2.,983,1,"{""level"": 2}"
34019,34,RMBattleMission::LevelClearMission::CountMission,Clear Level 2 for 2 times.,Clear Level 2 for 2 times.,982,2,"{""level"": 2}"
34020,34,RMBattleMission::LevelClearMission::CountMission,Clear Level 2 for 3 times.,Clear Level 2 for 3 times.,981,3,"{""level"": 2}"
34021,34,RMBattleMission::LevelClearMission::CountMission,Clear Level 3.,Clear Level 3.,980,1,"{""level"": 3}"
34022,34,RMBattleMission::LevelClearMission::CountMission,Clear Level 3 for 2 times.,Clear Level 3 for 2 times.,979,2,"{""level"": 3}"
34023,34,RMBattleMission::LevelClearMission::CountMission,Clear Level 3 for 3 times.,Clear Level 3 for 3 times.,978,3,"{""level"": 3}"
35001,35,RMBattleMission::EntryMission::CountMission,Enter an Ultimate Clash.,Enter an Ultimate Clash.,1000,1,{}
35002,35,RMBattleMission::StageClearMission::CountMission,[Weekly] Clear a stage once.,[Weekly] Clear a stage once.,999,1,{}
35003,35,RMBattleMission::StageClearMission::CountMission,[Weekly] Clear a stage 2 times.,[Weekly] Clear a stage 2 times.,998,2,{}
35004,35,RMBattleMission::StageClearMission::CountMission,[Weekly] Clear a stage 3 times.,[Weekly] Clear a stage 3 times.,997,3,{}
35005,35,RMBattleMission::StageClearMission::CountMission,Clear a stage once.,Clear a stage once.,996,1,{}
35006,35,RMBattleMission::StageClearMission::CountMission,Clear a stage 2 times.,Clear a stage 2 times.,995,2,{}
35007,35,RMBattleMission::StageClearMission::CountMission,Clear a stage 3 times.,Clear a stage 3 times.,994,3,{}
35008,35,RMBattleMission::StageClearMission::CountMission,Clear a stage 4 times.,Clear a stage 4 times.,993,4,{}
35009,35,RMBattleMission::StageClearMission::CountMission,Clear a stage 5 times.,Clear a stage 5 times.,992,5,{}
35010,35,RMBattleMission::StageClearMission::CountMission,Clear a stage 6 times.,Clear a stage 6 times.,991,6,{}
35011,35,RMBattleMission::StageClearMission::CountMission,Clear a stage 7 times.,Clear a stage 7 times.,990,7,{}
35012,35,RMBattleMission::StageClearMission::CountMission,Clear a stage 8 times.,Clear a stage 8 times.,989,8,{}
35013,35,RMBattleMission::StageClearMission::CountMission,Clear a stage 9 times.,Clear a stage 9 times.,988,9,{}
35014,35,RMBattleMission::LevelClearMission::CountMission,Clear Level 1.,Clear Level 1.,987,1,"{""level"": 1}"
35015,35,RMBattleMission::LevelClearMission::CountMission,Clear Level 1 for 2 times.,Clear Level 1 for 2 times.,986,2,"{""level"": 1}"
35016,35,RMBattleMission::LevelClearMission::CountMission,Clear Level 1 for 3 times.,Clear Level 1 for 3 times.,985,3,"{""level"": 1}"
35017,35,RMBattleMission::LevelClearMission::CountMission,Clear Level 2.,Clear Level 2.,984,1,"{""level"": 2}"
35018,35,RMBattleMission::LevelClearMission::CountMission,Clear Level 2 for 2 times.,Clear Level 2 for 2 times.,983,2,"{""level"": 2}"
35019,35,RMBattleMission::LevelClearMission::CountMission,Clear Level 2 for 3 times.,Clear Level 2 for 3 times.,982,3,"{""level"": 2}"
35020,35,RMBattleMission::LevelClearMission::CountMission,Clear Level 3.,Clear Level 3.,981,1,"{""level"": 3}"
35021,35,RMBattleMission::LevelClearMission::CountMission,Clear Level 3 for 2 times.,Clear Level 3 for 2 times.,980,2,"{""level"": 3}"
35022,35,RMBattleMission::LevelClearMission::CountMission,Clear Level 3 for 3 times.,Clear Level 3 for 3 times.,979,3,"{""level"": 3}"
36001,36,RMBattleMission::EntryMission::CountMission,Enter an Ultimate Clash.,Enter an Ultimate Clash.,1000,1,{}
36002,36,RMBattleMission::StageClearMission::CountMission,[Weekly] Clear a stage once.,[Weekly] Clear a stage once.,999,1,{}
36003,36,RMBattleMission::StageClearMission::CountMission,[Weekly] Clear a stage 2 times.,[Weekly] Clear a stage 2 times.,998,2,{}
36004,36,RMBattleMission::StageClearMission::CountMission,[Weekly] Clear a stage 3 times.,[Weekly] Clear a stage 3 times.,997,3,{}
36005,36,RMBattleMission::StageClearMission::CountMission,Clear a stage once.,Clear a stage once.,996,1,{}
36006,36,RMBattleMission::StageClearMission::CountMission,Clear a stage 2 times.,Clear a stage 2 times.,995,2,{}
36007,36,RMBattleMission::StageClearMission::CountMission,Clear a stage 3 times.,Clear a stage 3 times.,994,3,{}
36008,36,RMBattleMission::StageClearMission::CountMission,Clear a stage 4 times.,Clear a stage 4 times.,993,4,{}
36009,36,RMBattleMission::StageClearMission::CountMission,Clear a stage 5 times.,Clear a stage 5 times.,992,5,{}
36010,36,RMBattleMission::StageClearMission::CountMission,Clear a stage 6 times.,Clear a stage 6 times.,991,6,{}
36011,36,RMBattleMission::StageClearMission::CountMission,Clear a stage 7 times.,Clear a stage 7 times.,990,7,{}
36012,36,RMBattleMission::StageClearMission::CountMission,Clear a stage 8 times.,Clear a stage 8 times.,989,8,{}
36013,36,RMBattleMission::StageClearMission::CountMission,Clear a stage 9 times.,Clear a stage 9 times.,988,9,{}
36014,36,RMBattleMission::StageClearMission::CountMission,Clear a stage 10 times.,Clear a stage 10 times.,987,10,{}
36015,36,RMBattleMission::LevelClearMission::CountMission,Clear Level 1.,Clear Level 1.,986,1,"{""level"": 1}"
36016,36,RMBattleMission::LevelClearMission::CountMission,Clear Level 1 for 2 times.,Clear Level 1 for 2 times.,985,2,"{""level"": 1}"
36017,36,RMBattleMission::LevelClearMission::CountMission,Clear Level 1 for 3 times.,Clear Level 1 for 3 times.,984,3,"{""level"": 1}"
36018,36,RMBattleMission::LevelClearMission::CountMission,Clear Level 2.,Clear Level 2.,983,1,"{""level"": 2}"
36019,36,RMBattleMission::LevelClearMission::CountMission,Clear Level 2 for 2 times.,Clear Level 2 for 2 times.,982,2,"{""level"": 2}"
36020,36,RMBattleMission::LevelClearMission::CountMission,Clear Level 2 for 3 times.,Clear Level 2 for 3 times.,981,3,"{""level"": 2}"
36021,36,RMBattleMission::LevelClearMission::CountMission,Clear Level 3.,Clear Level 3.,980,1,"{""level"": 3}"
36022,36,RMBattleMission::LevelClearMission::CountMission,Clear Level 3 for 2 times.,Clear Level 3 for 2 times.,979,2,"{""level"": 3}"
36023,36,RMBattleMission::LevelClearMission::CountMission,Clear Level 3 for 3 times.,Clear Level 3 for 3 times.,978,3,"{""level"": 3}"
37001,37,RMBattleMission::EntryMission::CountMission,Enter an Ultimate Clash.,Enter an Ultimate Clash.,1000,1,{}
37002,37,RMBattleMission::StageClearMission::CountMission,[Weekly] Clear a stage once.,[Weekly] Clear a stage once.,999,1,{}
37003,37,RMBattleMission::StageClearMission::CountMission,[Weekly] Clear a stage 2 times.,[Weekly] Clear a stage 2 times.,998,2,{}
37004,37,RMBattleMission::StageClearMission::CountMission,[Weekly] Clear a stage 3 times.,[Weekly] Clear a stage 3 times.,997,3,{}
37005,37,RMBattleMission::StageClearMission::CountMission,Clear a stage once.,Clear a stage once.,996,1,{}
37006,37,RMBattleMission::StageClearMission::CountMission,Clear a stage 2 times.,Clear a stage 2 times.,995,2,{}
37007,37,RMBattleMission::StageClearMission::CountMission,Clear a stage 3 times.,Clear a stage 3 times.,994,3,{}
37008,37,RMBattleMission::StageClearMission::CountMission,Clear a stage 4 times.,Clear a stage 4 times.,993,4,{}
37009,37,RMBattleMission::StageClearMission::CountMission,Clear a stage 5 times.,Clear a stage 5 times.,992,5,{}
37010,37,RMBattleMission::StageClearMission::CountMission,Clear a stage 6 times.,Clear a stage 6 times.,991,6,{}
37011,37,RMBattleMission::StageClearMission::CountMission,Clear a stage 7 times.,Clear a stage 7 times.,990,7,{}
37012,37,RMBattleMission::StageClearMission::CountMission,Clear a stage 8 times.,Clear a stage 8 times.,989,8,{}
37013,37,RMBattleMission::StageClearMission::CountMission,Clear a stage 9 times.,Clear a stage 9 times.,988,9,{}
37014,37,RMBattleMission::StageClearMission::CountMission,Clear a stage 10 times.,Clear a stage 10 times.,987,10,{}
37015,37,RMBattleMission::LevelClearMission::CountMission,Clear Level 1.,Clear Level 1.,986,1,"{""level"": 1}"
37016,37,RMBattleMission::LevelClearMission::CountMission,Clear Level 1 for 2 times.,Clear Level 1 for 2 times.,985,2,"{""level"": 1}"
37017,37,RMBattleMission::LevelClearMission::CountMission,Clear Level 1 for 3 times.,Clear Level 1 for 3 times.,984,3,"{""level"": 1}"
37018,37,RMBattleMission::LevelClearMission::CountMission,Clear Level 2.,Clear Level 2.,983,1,"{""level"": 2}"
37019,37,RMBattleMission::LevelClearMission::CountMission,Clear Level 2 for 2 times.,Clear Level 2 for 2 times.,982,2,"{""level"": 2}"
37020,37,RMBattleMission::LevelClearMission::CountMission,Clear Level 2 for 3 times.,Clear Level 2 for 3 times.,981,3,"{""level"": 2}"
37021,37,RMBattleMission::LevelClearMission::CountMission,Clear Level 3.,Clear Level 3.,980,1,"{""level"": 3}"
37022,37,RMBattleMission::LevelClearMission::CountMission,Clear Level 3 for 2 times.,Clear Level 3 for 2 times.,979,2,"{""level"": 3}"
37023,37,RMBattleMission::LevelClearMission::CountMission,Clear Level 3 for 3 times.,Clear Level 3 for 3 times.,978,3,"{""level"": 3}"
38001,38,RMBattleMission::EntryMission::CountMission,Enter an Ultimate Clash.,Enter an Ultimate Clash.,1000,1,{}
38002,38,RMBattleMission::StageClearMission::CountMission,[Weekly] Clear a stage once.,[Weekly] Clear a stage once.,999,1,{}
38003,38,RMBattleMission::StageClearMission::CountMission,[Weekly] Clear a stage 2 times.,[Weekly] Clear a stage 2 times.,998,2,{}
38004,38,RMBattleMission::StageClearMission::CountMission,[Weekly] Clear a stage 3 times.,[Weekly] Clear a stage 3 times.,997,3,{}
38005,38,RMBattleMission::StageClearMission::CountMission,Clear a stage once.,Clear a stage once.,996,1,{}
38006,38,RMBattleMission::StageClearMission::CountMission,Clear a stage 2 times.,Clear a stage 2 times.,995,2,{}
38007,38,RMBattleMission::StageClearMission::CountMission,Clear a stage 3 times.,Clear a stage 3 times.,994,3,{}
38008,38,RMBattleMission::StageClearMission::CountMission,Clear a stage 4 times.,Clear a stage 4 times.,993,4,{}
38009,38,RMBattleMission::StageClearMission::CountMission,Clear a stage 5 times.,Clear a stage 5 times.,992,5,{}
38010,38,RMBattleMission::StageClearMission::CountMission,Clear a stage 6 times.,Clear a stage 6 times.,991,6,{}
38011,38,RMBattleMission::StageClearMission::CountMission,Clear a stage 7 times.,Clear a stage 7 times.,990,7,{}
38012,38,RMBattleMission::StageClearMission::CountMission,Clear a stage 8 times.,Clear a stage 8 times.,989,8,{}
38013,38,RMBattleMission::StageClearMission::CountMission,Clear a stage 9 times.,Clear a stage 9 times.,988,9,{}
38014,38,RMBattleMission::StageClearMission::CountMission,Clear a stage 10 times.,Clear a stage 10 times.,987,10,{}
38015,38,RMBattleMission::LevelClearMission::CountMission,Clear Level 1.,Clear Level 1.,986,1,"{""level"": 1}"
38016,38,RMBattleMission::LevelClearMission::CountMission,Clear Level 1 for 2 times.,Clear Level 1 for 2 times.,985,2,"{""level"": 1}"
38017,38,RMBattleMission::LevelClearMission::CountMission,Clear Level 1 for 3 times.,Clear Level 1 for 3 times.,984,3,"{""level"": 1}"
38018,38,RMBattleMission::LevelClearMission::CountMission,Clear Level 2.,Clear Level 2.,983,1,"{""level"": 2}"
38019,38,RMBattleMission::LevelClearMission::CountMission,Clear Level 2 for 2 times.,Clear Level 2 for 2 times.,982,2,"{""level"": 2}"
38020,38,RMBattleMission::LevelClearMission::CountMission,Clear Level 2 for 3 times.,Clear Level 2 for 3 times.,981,3,"{""level"": 2}"
38021,38,RMBattleMission::LevelClearMission::CountMission,Clear Level 3.,Clear Level 3.,980,1,"{""level"": 3}"
38022,38,RMBattleMission::LevelClearMission::CountMission,Clear Level 3 for 2 times.,Clear Level 3 for 2 times.,979,2,"{""level"": 3}"
38023,38,RMBattleMission::LevelClearMission::CountMission,Clear Level 3 for 3 times.,Clear Level 3 for 3 times.,978,3,"{""level"": 3}"
39001,39,RMBattleMission::EntryMission::CountMission,Enter an Ultimate Clash.,Enter an Ultimate Clash.,1000,1,{}
39002,39,RMBattleMission::StageClearMission::CountMission,[Weekly] Clear a stage once.,[Weekly] Clear a stage once.,999,1,{}
39003,39,RMBattleMission::StageClearMission::CountMission,[Weekly] Clear a stage 2 times.,[Weekly] Clear a stage 2 times.,998,2,{}
39004,39,RMBattleMission::StageClearMission::CountMission,[Weekly] Clear a stage 3 times.,[Weekly] Clear a stage 3 times.,997,3,{}
39005,39,RMBattleMission::StageClearMission::CountMission,Clear a stage once.,Clear a stage once.,996,1,{}
39006,39,RMBattleMission::StageClearMission::CountMission,Clear a stage 2 times.,Clear a stage 2 times.,995,2,{}
39007,39,RMBattleMission::StageClearMission::CountMission,Clear a stage 3 times.,Clear a stage 3 times.,994,3,{}
39008,39,RMBattleMission::StageClearMission::CountMission,Clear a stage 4 times.,Clear a stage 4 times.,993,4,{}
39009,39,RMBattleMission::StageClearMission::CountMission,Clear a stage 5 times.,Clear a stage 5 times.,992,5,{}
39010,39,RMBattleMission::StageClearMission::CountMission,Clear a stage 6 times.,Clear a stage 6 times.,991,6,{}
39011,39,RMBattleMission::StageClearMission::CountMission,Clear a stage 7 times.,Clear a stage 7 times.,990,7,{}
39012,39,RMBattleMission::StageClearMission::CountMission,Clear a stage 8 times.,Clear a stage 8 times.,989,8,{}
39013,39,RMBattleMission::StageClearMission::CountMission,Clear a stage 9 times.,Clear a stage 9 times.,988,9,{}
39014,39,RMBattleMission::StageClearMission::CountMission,Clear a stage 10 times.,Clear a stage 10 times.,987,10,{}
39015,39,RMBattleMission::LevelClearMission::CountMission,Clear Level 1.,Clear Level 1.,986,1,"{""level"": 1}"
39016,39,RMBattleMission::LevelClearMission::CountMission,Clear Level 1 for 2 times.,Clear Level 1 for 2 times.,985,2,"{""level"": 1}"
39017,39,RMBattleMission::LevelClearMission::CountMission,Clear Level 1 for 3 times.,Clear Level 1 for 3 times.,984,3,"{""level"": 1}"
39018,39,RMBattleMission::LevelClearMission::CountMission,Clear Level 2.,Clear Level 2.,983,1,"{""level"": 2}"
39019,39,RMBattleMission::LevelClearMission::CountMission,Clear Level 2 for 2 times.,Clear Level 2 for 2 times.,982,2,"{""level"": 2}"
39020,39,RMBattleMission::LevelClearMission::CountMission,Clear Level 2 for 3 times.,Clear Level 2 for 3 times.,981,3,"{""level"": 2}"
39021,39,RMBattleMission::LevelClearMission::CountMission,Clear Level 3.,Clear Level 3.,980,1,"{""level"": 3}"
39022,39,RMBattleMission::LevelClearMission::CountMission,Clear Level 3 for 2 times.,Clear Level 3 for 2 times.,979,2,"{""level"": 3}"
39023,39,RMBattleMission::LevelClearMission::CountMission,Clear Level 3 for 3 times.,Clear Level 3 for 3 times.,978,3,"{""level"": 3}"
40001,40,RMBattleMission::EntryMission::CountMission,Enter an Ultimate Clash.,Enter an Ultimate Clash.,1000,1,{}
40002,40,RMBattleMission::StageClearMission::CountMission,[Weekly] Clear a stage once.,[Weekly] Clear a stage once.,999,1,{}
40003,40,RMBattleMission::StageClearMission::CountMission,[Weekly] Clear a stage 2 times.,[Weekly] Clear a stage 2 times.,998,2,{}
40004,40,RMBattleMission::StageClearMission::CountMission,[Weekly] Clear a stage 3 times.,[Weekly] Clear a stage 3 times.,997,3,{}
40005,40,RMBattleMission::StageClearMission::CountMission,Clear a stage once.,Clear a stage once.,996,1,{}
40006,40,RMBattleMission::StageClearMission::CountMission,Clear a stage 2 times.,Clear a stage 2 times.,995,2,{}
40007,40,RMBattleMission::StageClearMission::CountMission,Clear a stage 3 times.,Clear a stage 3 times.,994,3,{}
40008,40,RMBattleMission::StageClearMission::CountMission,Clear a stage 4 times.,Clear a stage 4 times.,993,4,{}
40009,40,RMBattleMission::StageClearMission::CountMission,Clear a stage 5 times.,Clear a stage 5 times.,992,5,{}
40010,40,RMBattleMission::StageClearMission::CountMission,Clear a stage 6 times.,Clear a stage 6 times.,991,6,{}
40011,40,RMBattleMission::StageClearMission::CountMission,Clear a stage 7 times.,Clear a stage 7 times.,990,7,{}
40012,40,RMBattleMission::StageClearMission::CountMission,Clear a stage 8 times.,Clear a stage 8 times.,989,8,{}
40013,40,RMBattleMission::StageClearMission::CountMission,Clear a stage 9 times.,Clear a stage 9 times.,988,9,{}
40014,40,RMBattleMission::StageClearMission::CountMission,Clear a stage 10 times.,Clear a stage 10 times.,987,10,{}
40015,40,RMBattleMission::LevelClearMission::CountMission,Clear Level 1.,Clear Level 1.,986,1,"{""level"": 1}"
40016,40,RMBattleMission::LevelClearMission::CountMission,Clear Level 1 for 2 times.,Clear Level 1 for 2 times.,985,2,"{""level"": 1}"
40017,40,RMBattleMission::LevelClearMission::CountMission,Clear Level 1 for 3 times.,Clear Level 1 for 3 times.,984,3,"{""level"": 1}"
40018,40,RMBattleMission::LevelClearMission::CountMission,Clear Level 2.,Clear Level 2.,983,1,"{""level"": 2}"
40019,40,RMBattleMission::LevelClearMission::CountMission,Clear Level 2 for 2 times.,Clear Level 2 for 2 times.,982,2,"{""level"": 2}"
40020,40,RMBattleMission::LevelClearMission::CountMission,Clear Level 2 for 3 times.,Clear Level 2 for 3 times.,981,3,"{""level"": 2}"
40021,40,RMBattleMission::LevelClearMission::CountMission,Clear Level 3.,Clear Level 3.,980,1,"{""level"": 3}"
40022,40,RMBattleMission::LevelClearMission::CountMission,Clear Level 3 for 2 times.,Clear Level 3 for 2 times.,979,2,"{""level"": 3}"
40023,40,RMBattleMission::LevelClearMission::CountMission,Clear Level 3 for 3 times.,Clear Level 3 for 3 times.,978,3,"{""level"": 3}"
41001,41,RMBattleMission::EntryMission::CountMission,Enter an Ultimate Clash.,Enter an Ultimate Clash.,1000,1,{}
41002,41,RMBattleMission::StageClearMission::CountMission,[Weekly] Clear a stage once.,[Weekly] Clear a stage once.,999,1,{}
41003,41,RMBattleMission::StageClearMission::CountMission,[Weekly] Clear a stage 2 times.,[Weekly] Clear a stage 2 times.,998,2,{}
41004,41,RMBattleMission::StageClearMission::CountMission,[Weekly] Clear a stage 3 times.,[Weekly] Clear a stage 3 times.,997,3,{}
41005,41,RMBattleMission::StageClearMission::CountMission,Clear a stage once.,Clear a stage once.,996,1,{}
41006,41,RMBattleMission::StageClearMission::CountMission,Clear a stage 2 times.,Clear a stage 2 times.,995,2,{}
41007,41,RMBattleMission::StageClearMission::CountMission,Clear a stage 3 times.,Clear a stage 3 times.,994,3,{}
41008,41,RMBattleMission::StageClearMission::CountMission,Clear a stage 4 times.,Clear a stage 4 times.,993,4,{}
41009,41,RMBattleMission::StageClearMission::CountMission,Clear a stage 5 times.,Clear a stage 5 times.,992,5,{}
41010,41,RMBattleMission::StageClearMission::CountMission,Clear a stage 6 times.,Clear a stage 6 times.,991,6,{}
41011,41,RMBattleMission::StageClearMission::CountMission,Clear a stage 7 times.,Clear a stage 7 times.,990,7,{}
41012,41,RMBattleMission::StageClearMission::CountMission,Clear a stage 8 times.,Clear a stage 8 times.,989,8,{}
41013,41,RMBattleMission::StageClearMission::CountMission,Clear a stage 9 times.,Clear a stage 9 times.,988,9,{}
41014,41,RMBattleMission::StageClearMission::CountMission,Clear a stage 10 times.,Clear a stage 10 times.,987,10,{}
41015,41,RMBattleMission::LevelClearMission::CountMission,Clear Level 1.,Clear Level 1.,986,1,"{""level"": 1}"
41016,41,RMBattleMission::LevelClearMission::CountMission,Clear Level 1 for 2 times.,Clear Level 1 for 2 times.,985,2,"{""level"": 1}"
41017,41,RMBattleMission::LevelClearMission::CountMission,Clear Level 1 for 3 times.,Clear Level 1 for 3 times.,984,3,"{""level"": 1}"
41018,41,RMBattleMission::LevelClearMission::CountMission,Clear Level 2.,Clear Level 2.,983,1,"{""level"": 2}"
41019,41,RMBattleMission::LevelClearMission::CountMission,Clear Level 2 for 2 times.,Clear Level 2 for 2 times.,982,2,"{""level"": 2}"
41020,41,RMBattleMission::LevelClearMission::CountMission,Clear Level 2 for 3 times.,Clear Level 2 for 3 times.,981,3,"{""level"": 2}"
41021,41,RMBattleMission::LevelClearMission::CountMission,Clear Level 3.,Clear Level 3.,980,1,"{""level"": 3}"
41022,41,RMBattleMission::LevelClearMission::CountMission,Clear Level 3 for 2 times.,Clear Level 3 for 2 times.,979,2,"{""level"": 3}"
41023,41,RMBattleMission::LevelClearMission::CountMission,Clear Level 3 for 3 times.,Clear Level 3 for 3 times.,978,3,"{""level"": 3}"
42001,42,RMBattleMission::EntryMission::CountMission,Enter an Ultimate Clash.,Enter an Ultimate Clash.,1000,1,{}
42002,42,RMBattleMission::StageClearMission::CountMission,[Weekly] Clear a stage once.,[Weekly] Clear a stage once.,999,1,{}
42003,42,RMBattleMission::StageClearMission::CountMission,[Weekly] Clear a stage 2 times.,[Weekly] Clear a stage 2 times.,998,2,{}
42004,42,RMBattleMission::StageClearMission::CountMission,[Weekly] Clear a stage 3 times.,[Weekly] Clear a stage 3 times.,997,3,{}
42005,42,RMBattleMission::StageClearMission::CountMission,Clear a stage once.,Clear a stage once.,996,1,{}
42006,42,RMBattleMission::StageClearMission::CountMission,Clear a stage 2 times.,Clear a stage 2 times.,995,2,{}
42007,42,RMBattleMission::StageClearMission::CountMission,Clear a stage 3 times.,Clear a stage 3 times.,994,3,{}
42008,42,RMBattleMission::StageClearMission::CountMission,Clear a stage 4 times.,Clear a stage 4 times.,993,4,{}
42009,42,RMBattleMission::StageClearMission::CountMission,Clear a stage 5 times.,Clear a stage 5 times.,992,5,{}
42010,42,RMBattleMission::StageClearMission::CountMission,Clear a stage 6 times.,Clear a stage 6 times.,991,6,{}
42011,42,RMBattleMission::StageClearMission::CountMission,Clear a stage 7 times.,Clear a stage 7 times.,990,7,{}
42012,42,RMBattleMission::StageClearMission::CountMission,Clear a stage 8 times.,Clear a stage 8 times.,989,8,{}
42013,42,RMBattleMission::StageClearMission::CountMission,Clear a stage 9 times.,Clear a stage 9 times.,988,9,{}
42014,42,RMBattleMission::LevelClearMission::CountMission,Clear Level 1.,Clear Level 1.,987,1,"{""level"": 1}"
42015,42,RMBattleMission::LevelClearMission::CountMission,Clear Level 1 for 2 times.,Clear Level 1 for 2 times.,986,2,"{""level"": 1}"
42016,42,RMBattleMission::LevelClearMission::CountMission,Clear Level 1 for 3 times.,Clear Level 1 for 3 times.,985,3,"{""level"": 1}"
42017,42,RMBattleMission::LevelClearMission::CountMission,Clear Level 2.,Clear Level 2.,984,1,"{""level"": 2}"
42018,42,RMBattleMission::LevelClearMission::CountMission,Clear Level 2 for 2 times.,Clear Level 2 for 2 times.,983,2,"{""level"": 2}"
42019,42,RMBattleMission::LevelClearMission::CountMission,Clear Level 2 for 3 times.,Clear Level 2 for 3 times.,982,3,"{""level"": 2}"
42020,42,RMBattleMission::LevelClearMission::CountMission,Clear Level 3.,Clear Level 3.,981,1,"{""level"": 3}"
42021,42,RMBattleMission::LevelClearMission::CountMission,Clear Level 3 for 2 times.,Clear Level 3 for 2 times.,980,2,"{""level"": 3}"
42022,42,RMBattleMission::LevelClearMission::CountMission,Clear Level 3 for 3 times.,Clear Level 3 for 3 times.,979,3,"{""level"": 3}"
43001,43,RMBattleMission::EntryMission::CountMission,Enter an Ultimate Clash.,Enter an Ultimate Clash.,1000,1,{}
43002,43,RMBattleMission::StageClearMission::CountMission,[Weekly] Clear a stage once.,[Weekly] Clear a stage once.,999,1,{}
43003,43,RMBattleMission::StageClearMission::CountMission,[Weekly] Clear a stage 2 times.,[Weekly] Clear a stage 2 times.,998,2,{}
43004,43,RMBattleMission::StageClearMission::CountMission,[Weekly] Clear a stage 3 times.,[Weekly] Clear a stage 3 times.,997,3,{}
43005,43,RMBattleMission::StageClearMission::CountMission,Clear a stage once.,Clear a stage once.,996,1,{}
43006,43,RMBattleMission::StageClearMission::CountMission,Clear a stage 2 times.,Clear a stage 2 times.,995,2,{}
43007,43,RMBattleMission::StageClearMission::CountMission,Clear a stage 3 times.,Clear a stage 3 times.,994,3,{}
43008,43,RMBattleMission::StageClearMission::CountMission,Clear a stage 4 times.,Clear a stage 4 times.,993,4,{}
43009,43,RMBattleMission::StageClearMission::CountMission,Clear a stage 5 times.,Clear a stage 5 times.,992,5,{}
43010,43,RMBattleMission::StageClearMission::CountMission,Clear a stage 6 times.,Clear a stage 6 times.,991,6,{}
43011,43,RMBattleMission::StageClearMission::CountMission,Clear a stage 7 times.,Clear a stage 7 times.,990,7,{}
43012,43,RMBattleMission::StageClearMission::CountMission,Clear a stage 8 times.,Clear a stage 8 times.,989,8,{}
43013,43,RMBattleMission::StageClearMission::CountMission,Clear a stage 9 times.,Clear a stage 9 times.,988,9,{}
43014,43,RMBattleMission::StageClearMission::CountMission,Clear a stage 10 times.,Clear a stage 10 times.,987,10,{}
43015,43,RMBattleMission::LevelClearMission::CountMission,Clear Level 1.,Clear Level 1.,986,1,"{""level"": 1}"
43016,43,RMBattleMission::LevelClearMission::CountMission,Clear Level 1 for 2 times.,Clear Level 1 for 2 times.,985,2,"{""level"": 1}"
43017,43,RMBattleMission::LevelClearMission::CountMission,Clear Level 1 for 3 times.,Clear Level 1 for 3 times.,984,3,"{""level"": 1}"
43018,43,RMBattleMission::LevelClearMission::CountMission,Clear Level 2.,Clear Level 2.,983,1,"{""level"": 2}"
43019,43,RMBattleMission::LevelClearMission::CountMission,Clear Level 2 for 2 times.,Clear Level 2 for 2 times.,982,2,"{""level"": 2}"
43020,43,RMBattleMission::LevelClearMission::CountMission,Clear Level 2 for 3 times.,Clear Level 2 for 3 times.,981,3,"{""level"": 2}"
43021,43,RMBattleMission::LevelClearMission::CountMission,Clear Level 3.,Clear Level 3.,980,1,"{""level"": 3}"
43022,43,RMBattleMission::LevelClearMission::CountMission,Clear Level 3 for 2 times.,Clear Level 3 for 2 times.,979,2,"{""level"": 3}"
43023,43,RMBattleMission::LevelClearMission::CountMission,Clear Level 3 for 3 times.,Clear Level 3 for 3 times.,978,3,"{""level"": 3}"
44001,44,RMBattleMission::EntryMission::CountMission,Enter an Ultimate Clash.,Enter an Ultimate Clash.,1000,1,{}
44002,44,RMBattleMission::StageClearMission::CountMission,[Weekly] Clear a stage once.,[Weekly] Clear a stage once.,999,1,{}
44003,44,RMBattleMission::StageClearMission::CountMission,[Weekly] Clear a stage 2 times.,[Weekly] Clear a stage 2 times.,998,2,{}
44004,44,RMBattleMission::StageClearMission::CountMission,[Weekly] Clear a stage 3 times.,[Weekly] Clear a stage 3 times.,997,3,{}
44005,44,RMBattleMission::StageClearMission::CountMission,Clear a stage once.,Clear a stage once.,996,1,{}
44006,44,RMBattleMission::StageClearMission::CountMission,Clear a stage 2 times.,Clear a stage 2 times.,995,2,{}
44007,44,RMBattleMission::StageClearMission::CountMission,Clear a stage 3 times.,Clear a stage 3 times.,994,3,{}
44008,44,RMBattleMission::StageClearMission::CountMission,Clear a stage 4 times.,Clear a stage 4 times.,993,4,{}
44009,44,RMBattleMission::StageClearMission::CountMission,Clear a stage 5 times.,Clear a stage 5 times.,992,5,{}
44010,44,RMBattleMission::StageClearMission::CountMission,Clear a stage 6 times.,Clear a stage 6 times.,991,6,{}
44011,44,RMBattleMission::StageClearMission::CountMission,Clear a stage 7 times.,Clear a stage 7 times.,990,7,{}
44012,44,RMBattleMission::StageClearMission::CountMission,Clear a stage 8 times.,Clear a stage 8 times.,989,8,{}
44013,44,RMBattleMission::StageClearMission::CountMission,Clear a stage 9 times.,Clear a stage 9 times.,988,9,{}
44014,44,RMBattleMission::StageClearMission::CountMission,Clear a stage 10 times.,Clear a stage 10 times.,987,10,{}
44015,44,RMBattleMission::LevelClearMission::CountMission,Clear Level 1.,Clear Level 1.,986,1,"{""level"": 1}"
44016,44,RMBattleMission::LevelClearMission::CountMission,Clear Level 1 for 2 times.,Clear Level 1 for 2 times.,985,2,"{""level"": 1}"
44017,44,RMBattleMission::LevelClearMission::CountMission,Clear Level 1 for 3 times.,Clear Level 1 for 3 times.,984,3,"{""level"": 1}"
44018,44,RMBattleMission::LevelClearMission::CountMission,Clear Level 2.,Clear Level 2.,983,1,"{""level"": 2}"
44019,44,RMBattleMission::LevelClearMission::CountMission,Clear Level 2 for 2 times.,Clear Level 2 for 2 times.,982,2,"{""level"": 2}"
44020,44,RMBattleMission::LevelClearMission::CountMission,Clear Level 2 for 3 times.,Clear Level 2 for 3 times.,981,3,"{""level"": 2}"
44021,44,RMBattleMission::LevelClearMission::CountMission,Clear Level 3.,Clear Level 3.,980,1,"{""level"": 3}"
44022,44,RMBattleMission::LevelClearMission::CountMission,Clear Level 3 for 2 times.,Clear Level 3 for 2 times.,979,2,"{""level"": 3}"
44023,44,RMBattleMission::LevelClearMission::CountMission,Clear Level 3 for 3 times.,Clear Level 3 for 3 times.,978,3,"{""level"": 3}"
45001,45,RMBattleMission::EntryMission::CountMission,Enter an Ultimate Clash.,Enter an Ultimate Clash.,1000,1,{}
45002,45,RMBattleMission::StageClearMission::CountMission,[Weekly] Clear a stage once.,[Weekly] Clear a stage once.,999,1,{}
45003,45,RMBattleMission::StageClearMission::CountMission,[Weekly] Clear a stage 2 times.,[Weekly] Clear a stage 2 times.,998,2,{}
45004,45,RMBattleMission::StageClearMission::CountMission,[Weekly] Clear a stage 3 times.,[Weekly] Clear a stage 3 times.,997,3,{}
45005,45,RMBattleMission::StageClearMission::CountMission,Clear a stage once.,Clear a stage once.,996,1,{}
45006,45,RMBattleMission::StageClearMission::CountMission,Clear a stage 2 times.,Clear a stage 2 times.,995,2,{}
45007,45,RMBattleMission::StageClearMission::CountMission,Clear a stage 3 times.,Clear a stage 3 times.,994,3,{}
45008,45,RMBattleMission::StageClearMission::CountMission,Clear a stage 4 times.,Clear a stage 4 times.,993,4,{}
45009,45,RMBattleMission::StageClearMission::CountMission,Clear a stage 5 times.,Clear a stage 5 times.,992,5,{}
45010,45,RMBattleMission::StageClearMission::CountMission,Clear a stage 6 times.,Clear a stage 6 times.,991,6,{}
45011,45,RMBattleMission::StageClearMission::CountMission,Clear a stage 7 times.,Clear a stage 7 times.,990,7,{}
45012,45,RMBattleMission::StageClearMission::CountMission,Clear a stage 8 times.,Clear a stage 8 times.,989,8,{}
45013,45,RMBattleMission::StageClearMission::CountMission,Clear a stage 9 times.,Clear a stage 9 times.,988,9,{}
45014,45,RMBattleMission::StageClearMission::CountMission,Clear a stage 10 times.,Clear a stage 10 times.,987,10,{}
45015,45,RMBattleMission::LevelClearMission::CountMission,Clear Level 1.,Clear Level 1.,986,1,"{""level"": 1}"
45016,45,RMBattleMission::LevelClearMission::CountMission,Clear Level 1 for 2 times.,Clear Level 1 for 2 times.,985,2,"{""level"": 1}"
45017,45,RMBattleMission::LevelClearMission::CountMission,Clear Level 1 for 3 times.,Clear Level 1 for 3 times.,984,3,"{""level"": 1}"
45018,45,RMBattleMission::LevelClearMission::CountMission,Clear Level 2.,Clear Level 2.,983,1,"{""level"": 2}"
45019,45,RMBattleMission::LevelClearMission::CountMission,Clear Level 2 for 2 times.,Clear Level 2 for 2 times.,982,2,"{""level"": 2}"
45020,45,RMBattleMission::LevelClearMission::CountMission,Clear Level 2 for 3 times.,Clear Level 2 for 3 times.,981,3,"{""level"": 2}"
45021,45,RMBattleMission::LevelClearMission::CountMission,Clear Level 3.,Clear Level 3.,980,1,"{""level"": 3}"
45022,45,RMBattleMission::LevelClearMission::CountMission,Clear Level 3 for 2 times.,Clear Level 3 for 2 times.,979,2,"{""level"": 3}"
45023,45,RMBattleMission::LevelClearMission::CountMission,Clear Level 3 for 3 times.,Clear Level 3 for 3 times.,978,3,"{""level"": 3}"
46001,46,RMBattleMission::EntryMission::CountMission,Enter an Ultimate Clash.,Enter an Ultimate Clash.,1000,1,{}
46002,46,RMBattleMission::StageClearMission::CountMission,[Weekly] Clear a stage once.,[Weekly] Clear a stage once.,999,1,{}
46003,46,RMBattleMission::StageClearMission::CountMission,[Weekly] Clear a stage 2 times.,[Weekly] Clear a stage 2 times.,998,2,{}
46004,46,RMBattleMission::StageClearMission::CountMission,[Weekly] Clear a stage 3 times.,[Weekly] Clear a stage 3 times.,997,3,{}
46005,46,RMBattleMission::StageClearMission::CountMission,Clear a stage once.,Clear a stage once.,996,1,{}
46006,46,RMBattleMission::StageClearMission::CountMission,Clear a stage 2 times.,Clear a stage 2 times.,995,2,{}
46007,46,RMBattleMission::StageClearMission::CountMission,Clear a stage 3 times.,Clear a stage 3 times.,994,3,{}
46008,46,RMBattleMission::StageClearMission::CountMission,Clear a stage 4 times.,Clear a stage 4 times.,993,4,{}
46009,46,RMBattleMission::StageClearMission::CountMission,Clear a stage 5 times.,Clear a stage 5 times.,992,5,{}
46010,46,RMBattleMission::StageClearMission::CountMission,Clear a stage 6 times.,Clear a stage 6 times.,991,6,{}
46011,46,RMBattleMission::StageClearMission::CountMission,Clear a stage 7 times.,Clear a stage 7 times.,990,7,{}
46012,46,RMBattleMission::StageClearMission::CountMission,Clear a stage 8 times.,Clear a stage 8 times.,989,8,{}
46013,46,RMBattleMission::StageClearMission::CountMission,Clear a stage 9 times.,Clear a stage 9 times.,988,9,{}
46014,46,RMBattleMission::StageClearMission::CountMission,Clear a stage 10 times.,Clear a stage 10 times.,987,10,{}
46015,46,RMBattleMission::LevelClearMission::CountMission,Clear Level 1.,Clear Level 1.,986,1,"{""level"": 1}"
46016,46,RMBattleMission::LevelClearMission::CountMission,Clear Level 1 for 2 times.,Clear Level 1 for 2 times.,985,2,"{""level"": 1}"
46017,46,RMBattleMission::LevelClearMission::CountMission,Clear Level 1 for 3 times.,Clear Level 1 for 3 times.,984,3,"{""level"": 1}"
46018,46,RMBattleMission::LevelClearMission::CountMission,Clear Level 2.,Clear Level 2.,983,1,"{""level"": 2}"
46019,46,RMBattleMission::LevelClearMission::CountMission,Clear Level 2 for 2 times.,Clear Level 2 for 2 times.,982,2,"{""level"": 2}"
46020,46,RMBattleMission::LevelClearMission::CountMission,Clear Level 2 for 3 times.,Clear Level 2 for 3 times.,981,3,"{""level"": 2}"
46021,46,RMBattleMission::LevelClearMission::CountMission,Clear Level 3.,Clear Level 3.,980,1,"{""level"": 3}"
46022,46,RMBattleMission::LevelClearMission::CountMission,Clear Level 3 for 2 times.,Clear Level 3 for 2 times.,979,2,"{""level"": 3}"
46023,46,RMBattleMission::LevelClearMission::CountMission,Clear Level 3 for 3 times.,Clear Level 3 for 3 times.,978,3,"{""level"": 3}"
47001,47,RMBattleMission::EntryMission::CountMission,Enter an Ultimate Clash.,Enter an Ultimate Clash.,1000,1,{}
47002,47,RMBattleMission::StageClearMission::CountMission,[Weekly] Clear a stage once.,[Weekly] Clear a stage once.,999,1,{}
47003,47,RMBattleMission::StageClearMission::CountMission,[Weekly] Clear a stage 2 times.,[Weekly] Clear a stage 2 times.,998,2,{}
47004,47,RMBattleMission::StageClearMission::CountMission,[Weekly] Clear a stage 3 times.,[Weekly] Clear a stage 3 times.,997,3,{}
47005,47,RMBattleMission::StageClearMission::CountMission,Clear a stage once.,Clear a stage once.,996,1,{}
47006,47,RMBattleMission::StageClearMission::CountMission,Clear a stage 2 times.,Clear a stage 2 times.,995,2,{}
47007,47,RMBattleMission::StageClearMission::CountMission,Clear a stage 3 times.,Clear a stage 3 times.,994,3,{}
47008,47,RMBattleMission::StageClearMission::CountMission,Clear a stage 4 times.,Clear a stage 4 times.,993,4,{}
47009,47,RMBattleMission::StageClearMission::CountMission,Clear a stage 5 times.,Clear a stage 5 times.,992,5,{}
47010,47,RMBattleMission::StageClearMission::CountMission,Clear a stage 6 times.,Clear a stage 6 times.,991,6,{}
47011,47,RMBattleMission::StageClearMission::CountMission,Clear a stage 7 times.,Clear a stage 7 times.,990,7,{}
47012,47,RMBattleMission::StageClearMission::CountMission,Clear a stage 8 times.,Clear a stage 8 times.,989,8,{}
47013,47,RMBattleMission::StageClearMission::CountMission,Clear a stage 9 times.,Clear a stage 9 times.,988,9,{}
47014,47,RMBattleMission::LevelClearMission::CountMission,Clear Level 1.,Clear Level 1.,987,1,"{""level"": 1}"
47015,47,RMBattleMission::LevelClearMission::CountMission,Clear Level 1 for 2 times.,Clear Level 1 for 2 times.,986,2,"{""level"": 1}"
47016,47,RMBattleMission::LevelClearMission::CountMission,Clear Level 1 for 3 times.,Clear Level 1 for 3 times.,985,3,"{""level"": 1}"
47017,47,RMBattleMission::LevelClearMission::CountMission,Clear Level 2.,Clear Level 2.,984,1,"{""level"": 2}"
47018,47,RMBattleMission::LevelClearMission::CountMission,Clear Level 2 for 2 times.,Clear Level 2 for 2 times.,983,2,"{""level"": 2}"
47019,47,RMBattleMission::LevelClearMission::CountMission,Clear Level 2 for 3 times.,Clear Level 2 for 3 times.,982,3,"{""level"": 2}"
47020,47,RMBattleMission::LevelClearMission::CountMission,Clear Level 3.,Clear Level 3.,981,1,"{""level"": 3}"
47021,47,RMBattleMission::LevelClearMission::CountMission,Clear Level 3 for 2 times.,Clear Level 3 for 2 times.,980,2,"{""level"": 3}"
47022,47,RMBattleMission::LevelClearMission::CountMission,Clear Level 3 for 3 times.,Clear Level 3 for 3 times.,979,3,"{""level"": 3}"
47023,47,RMBattleMission::LevelClearMission::CountMission,Clear Level 4.,Clear Level 4.,978,1,"{""level"": 4}"
47024,47,RMBattleMission::LevelClearMission::CountMission,Clear Level 4 for 2 times.,Clear Level 4 for 2 times.,977,2,"{""level"": 4}"
47025,47,RMBattleMission::LevelClearMission::CountMission,Clear Level 4 for 3 times.,Clear Level 4 for 3 times.,976,3,"{""level"": 4}"
48001,48,RMBattleMission::EntryMission::CountMission,Enter an Ultimate Clash.,Enter an Ultimate Clash.,1000,1,{}
48002,48,RMBattleMission::StageClearMission::CountMission,[Weekly] Clear a stage once.,[Weekly] Clear a stage once.,999,1,{}
48003,48,RMBattleMission::StageClearMission::CountMission,[Weekly] Clear a stage 2 times.,[Weekly] Clear a stage 2 times.,998,2,{}
48004,48,RMBattleMission::StageClearMission::CountMission,[Weekly] Clear a stage 3 times.,[Weekly] Clear a stage 3 times.,997,3,{}
48005,48,RMBattleMission::StageClearMission::CountMission,Clear a stage once.,Clear a stage once.,996,1,{}
48006,48,RMBattleMission::StageClearMission::CountMission,Clear a stage 2 times.,Clear a stage 2 times.,995,2,{}
48007,48,RMBattleMission::StageClearMission::CountMission,Clear a stage 3 times.,Clear a stage 3 times.,994,3,{}
48008,48,RMBattleMission::StageClearMission::CountMission,Clear a stage 4 times.,Clear a stage 4 times.,993,4,{}
48009,48,RMBattleMission::StageClearMission::CountMission,Clear a stage 5 times.,Clear a stage 5 times.,992,5,{}
48010,48,RMBattleMission::StageClearMission::CountMission,Clear a stage 6 times.,Clear a stage 6 times.,991,6,{}
48011,48,RMBattleMission::StageClearMission::CountMission,Clear a stage 7 times.,Clear a stage 7 times.,990,7,{}
48012,48,RMBattleMission::StageClearMission::CountMission,Clear a stage 8 times.,Clear a stage 8 times.,989,8,{}
48013,48,RMBattleMission::StageClearMission::CountMission,Clear a stage 9 times.,Clear a stage 9 times.,988,9,{}
48014,48,RMBattleMission::StageClearMission::CountMission,Clear a stage 10 times.,Clear a stage 10 times.,987,10,{}
48015,48,RMBattleMission::LevelClearMission::CountMission,Clear Level 1.,Clear Level 1.,986,1,"{""level"": 1}"
48016,48,RMBattleMission::LevelClearMission::CountMission,Clear Level 1 for 2 times.,Clear Level 1 for 2 times.,985,2,"{""level"": 1}"
48017,48,RMBattleMission::LevelClearMission::CountMission,Clear Level 1 for 3 times.,Clear Level 1 for 3 times.,984,3,"{""level"": 1}"
48018,48,RMBattleMission::LevelClearMission::CountMission,Clear Level 2.,Clear Level 2.,983,1,"{""level"": 2}"
48019,48,RMBattleMission::LevelClearMission::CountMission,Clear Level 2 for 2 times.,Clear Level 2 for 2 times.,982,2,"{""level"": 2}"
48020,48,RMBattleMission::LevelClearMission::CountMission,Clear Level 2 for 3 times.,Clear Level 2 for 3 times.,981,3,"{""level"": 2}"
48021,48,RMBattleMission::LevelClearMission::CountMission,Clear Level 3.,Clear Level 3.,980,1,"{""level"": 3}"
48022,48,RMBattleMission::LevelClearMission::CountMission,Clear Level 3 for 2 times.,Clear Level 3 for 2 times.,979,2,"{""level"": 3}"
48023,48,RMBattleMission::LevelClearMission::CountMission,Clear Level 3 for 3 times.,Clear Level 3 for 3 times.,978,3,"{""level"": 3}"
49001,49,RMBattleMission::EntryMission::CountMission,Enter an Ultimate Clash.,Enter an Ultimate Clash.,1000,1,{}
49002,49,RMBattleMission::StageClearMission::CountMission,[Weekly] Clear a stage once.,[Weekly] Clear a stage once.,999,1,{}
49003,49,RMBattleMission::StageClearMission::CountMission,[Weekly] Clear a stage 2 times.,[Weekly] Clear a stage 2 times.,998,2,{}
49004,49,RMBattleMission::StageClearMission::CountMission,[Weekly] Clear a stage 3 times.,[Weekly] Clear a stage 3 times.,997,3,{}
49005,49,RMBattleMission::StageClearMission::CountMission,Clear a stage once.,Clear a stage once.,996,1,{}
49006,49,RMBattleMission::StageClearMission::CountMission,Clear a stage 2 times.,Clear a stage 2 times.,995,2,{}
49007,49,RMBattleMission::StageClearMission::CountMission,Clear a stage 3 times.,Clear a stage 3 times.,994,3,{}
49008,49,RMBattleMission::StageClearMission::CountMission,Clear a stage 4 times.,Clear a stage 4 times.,993,4,{}
49009,49,RMBattleMission::StageClearMission::CountMission,Clear a stage 5 times.,Clear a stage 5 times.,992,5,{}
49010,49,RMBattleMission::StageClearMission::CountMission,Clear a stage 6 times.,Clear a stage 6 times.,991,6,{}
49011,49,RMBattleMission::StageClearMission::CountMission,Clear a stage 7 times.,Clear a stage 7 times.,990,7,{}
49012,49,RMBattleMission::StageClearMission::CountMission,Clear a stage 8 times.,Clear a stage 8 times.,989,8,{}
49013,49,RMBattleMission::StageClearMission::CountMission,Clear a stage 9 times.,Clear a stage 9 times.,988,9,{}
49014,49,RMBattleMission::StageClearMission::CountMission,Clear a stage 10 times.,Clear a stage 10 times.,987,10,{}
49015,49,RMBattleMission::LevelClearMission::CountMission,Clear Level 1.,Clear Level 1.,986,1,"{""level"": 1}"
49016,49,RMBattleMission::LevelClearMission::CountMission,Clear Level 1 for 2 times.,Clear Level 1 for 2 times.,985,2,"{""level"": 1}"
49017,49,RMBattleMission::LevelClearMission::CountMission,Clear Level 1 for 3 times.,Clear Level 1 for 3 times.,984,3,"{""level"": 1}"
49018,49,RMBattleMission::LevelClearMission::CountMission,Clear Level 2.,Clear Level 2.,983,1,"{""level"": 2}"
49019,49,RMBattleMission::LevelClearMission::CountMission,Clear Level 2 for 2 times.,Clear Level 2 for 2 times.,982,2,"{""level"": 2}"
49020,49,RMBattleMission::LevelClearMission::CountMission,Clear Level 2 for 3 times.,Clear Level 2 for 3 times.,981,3,"{""level"": 2}"
49021,49,RMBattleMission::LevelClearMission::CountMission,Clear Level 3.,Clear Level 3.,980,1,"{""level"": 3}"
49022,49,RMBattleMission::LevelClearMission::CountMission,Clear Level 3 for 2 times.,Clear Level 3 for 2 times.,979,2,"{""level"": 3}"
49023,49,RMBattleMission::LevelClearMission::CountMission,Clear Level 3 for 3 times.,Clear Level 3 for 3 times.,978,3,"{""level"": 3}"
50001,50,RMBattleMission::EntryMission::CountMission,Enter an Ultimate Clash.,Enter an Ultimate Clash.,1000,1,{}
50002,50,RMBattleMission::StageClearMission::CountMission,[Weekly] Clear a stage once.,[Weekly] Clear a stage once.,999,1,{}
50003,50,RMBattleMission::StageClearMission::CountMission,[Weekly] Clear a stage 2 times.,[Weekly] Clear a stage 2 times.,998,2,{}
50004,50,RMBattleMission::StageClearMission::CountMission,[Weekly] Clear a stage 3 times.,[Weekly] Clear a stage 3 times.,997,3,{}
50005,50,RMBattleMission::StageClearMission::CountMission,Clear a stage once.,Clear a stage once.,996,1,{}
50006,50,RMBattleMission::StageClearMission::CountMission,Clear a stage 2 times.,Clear a stage 2 times.,995,2,{}
50007,50,RMBattleMission::StageClearMission::CountMission,Clear a stage 3 times.,Clear a stage 3 times.,994,3,{}
50008,50,RMBattleMission::StageClearMission::CountMission,Clear a stage 4 times.,Clear a stage 4 times.,993,4,{}
50009,50,RMBattleMission::StageClearMission::CountMission,Clear a stage 5 times.,Clear a stage 5 times.,992,5,{}
50010,50,RMBattleMission::StageClearMission::CountMission,Clear a stage 6 times.,Clear a stage 6 times.,991,6,{}
50011,50,RMBattleMission::StageClearMission::CountMission,Clear a stage 7 times.,Clear a stage 7 times.,990,7,{}
50012,50,RMBattleMission::StageClearMission::CountMission,Clear a stage 8 times.,Clear a stage 8 times.,989,8,{}
50013,50,RMBattleMission::StageClearMission::CountMission,Clear a stage 9 times.,Clear a stage 9 times.,988,9,{}
50014,50,RMBattleMission::StageClearMission::CountMission,Clear a stage 10 times.,Clear a stage 10 times.,987,10,{}
50015,50,RMBattleMission::LevelClearMission::CountMission,Clear Level 1.,Clear Level 1.,986,1,"{""level"": 1}"
50016,50,RMBattleMission::LevelClearMission::CountMission,Clear Level 1 for 2 times.,Clear Level 1 for 2 times.,985,2,"{""level"": 1}"
50017,50,RMBattleMission::LevelClearMission::CountMission,Clear Level 1 for 3 times.,Clear Level 1 for 3 times.,984,3,"{""level"": 1}"
50018,50,RMBattleMission::LevelClearMission::CountMission,Clear Level 2.,Clear Level 2.,983,1,"{""level"": 2}"
50019,50,RMBattleMission::LevelClearMission::CountMission,Clear Level 2 for 2 times.,Clear Level 2 for 2 times.,982,2,"{""level"": 2}"
50020,50,RMBattleMission::LevelClearMission::CountMission,Clear Level 2 for 3 times.,Clear Level 2 for 3 times.,981,3,"{""level"": 2}"
50021,50,RMBattleMission::LevelClearMission::CountMission,Clear Level 3.,Clear Level 3.,980,1,"{""level"": 3}"
50022,50,RMBattleMission::LevelClearMission::CountMission,Clear Level 3 for 2 times.,Clear Level 3 for 2 times.,979,2,"{""level"": 3}"
50023,50,RMBattleMission::LevelClearMission::CountMission,Clear Level 3 for 3 times.,Clear Level 3 for 3 times.,978,3,"{""level"": 3}"
51001,51,RMBattleMission::EntryMission::CountMission,Enter an Ultimate Clash.,Enter an Ultimate Clash.,1000,1,{}
51002,51,RMBattleMission::StageClearMission::CountMission,[Weekly] Clear a stage once.,[Weekly] Clear a stage once.,999,1,{}
51003,51,RMBattleMission::StageClearMission::CountMission,[Weekly] Clear a stage 2 times.,[Weekly] Clear a stage 2 times.,998,2,{}
51004,51,RMBattleMission::StageClearMission::CountMission,[Weekly] Clear a stage 3 times.,[Weekly] Clear a stage 3 times.,997,3,{}
51005,51,RMBattleMission::StageClearMission::CountMission,Clear a stage once.,Clear a stage once.,996,1,{}
51006,51,RMBattleMission::StageClearMission::CountMission,Clear a stage 2 times.,Clear a stage 2 times.,995,2,{}
51007,51,RMBattleMission::StageClearMission::CountMission,Clear a stage 3 times.,Clear a stage 3 times.,994,3,{}
51008,51,RMBattleMission::StageClearMission::CountMission,Clear a stage 4 times.,Clear a stage 4 times.,993,4,{}
51009,51,RMBattleMission::StageClearMission::CountMission,Clear a stage 5 times.,Clear a stage 5 times.,992,5,{}
51010,51,RMBattleMission::StageClearMission::CountMission,Clear a stage 6 times.,Clear a stage 6 times.,991,6,{}
51011,51,RMBattleMission::StageClearMission::CountMission,Clear a stage 7 times.,Clear a stage 7 times.,990,7,{}
51012,51,RMBattleMission::StageClearMission::CountMission,Clear a stage 8 times.,Clear a stage 8 times.,989,8,{}
51013,51,RMBattleMission::StageClearMission::CountMission,Clear a stage 9 times.,Clear a stage 9 times.,988,9,{}
51014,51,RMBattleMission::StageClearMission::CountMission,Clear a stage 10 times.,Clear a stage 10 times.,987,10,{}
51015,51,RMBattleMission::LevelClearMission::CountMission,Clear Level 1.,Clear Level 1.,986,1,"{""level"": 1}"
51016,51,RMBattleMission::LevelClearMission::CountMission,Clear Level 1 for 2 times.,Clear Level 1 for 2 times.,985,2,"{""level"": 1}"
51017,51,RMBattleMission::LevelClearMission::CountMission,Clear Level 1 for 3 times.,Clear Level 1 for 3 times.,984,3,"{""level"": 1}"
51018,51,RMBattleMission::LevelClearMission::CountMission,Clear Level 2.,Clear Level 2.,983,1,"{""level"": 2}"
51019,51,RMBattleMission::LevelClearMission::CountMission,Clear Level 2 for 2 times.,Clear Level 2 for 2 times.,982,2,"{""level"": 2}"
51020,51,RMBattleMission::LevelClearMission::CountMission,Clear Level 2 for 3 times.,Clear Level 2 for 3 times.,981,3,"{""level"": 2}"
51021,51,RMBattleMission::LevelClearMission::CountMission,Clear Level 3.,Clear Level 3.,980,1,"{""level"": 3}"
51022,51,RMBattleMission::LevelClearMission::CountMission,Clear Level 3 for 2 times.,Clear Level 3 for 2 times.,979,2,"{""level"": 3}"
51023,51,RMBattleMission::LevelClearMission::CountMission,Clear Level 3 for 3 times.,Clear Level 3 for 3 times.,978,3,"{""level"": 3}"
52001,52,RMBattleMission::EntryMission::CountMission,Enter an Ultimate Clash.,Enter an Ultimate Clash.,1000,1,{}
52002,52,RMBattleMission::StageClearMission::CountMission,[Weekly] Clear a stage once.,[Weekly] Clear a stage once.,999,1,{}
52003,52,RMBattleMission::StageClearMission::CountMission,[Weekly] Clear a stage 2 times.,[Weekly] Clear a stage 2 times.,998,2,{}
52004,52,RMBattleMission::StageClearMission::CountMission,[Weekly] Clear a stage 3 times.,[Weekly] Clear a stage 3 times.,997,3,{}
52005,52,RMBattleMission::StageClearMission::CountMission,Clear a stage once.,Clear a stage once.,996,1,{}
52006,52,RMBattleMission::StageClearMission::CountMission,Clear a stage 2 times.,Clear a stage 2 times.,995,2,{}
52007,52,RMBattleMission::StageClearMission::CountMission,Clear a stage 3 times.,Clear a stage 3 times.,994,3,{}
52008,52,RMBattleMission::StageClearMission::CountMission,Clear a stage 4 times.,Clear a stage 4 times.,993,4,{}
52009,52,RMBattleMission::StageClearMission::CountMission,Clear a stage 5 times.,Clear a stage 5 times.,992,5,{}
52010,52,RMBattleMission::StageClearMission::CountMission,Clear a stage 6 times.,Clear a stage 6 times.,991,6,{}
52011,52,RMBattleMission::StageClearMission::CountMission,Clear a stage 7 times.,Clear a stage 7 times.,990,7,{}
52012,52,RMBattleMission::StageClearMission::CountMission,Clear a stage 8 times.,Clear a stage 8 times.,989,8,{}
52013,52,RMBattleMission::StageClearMission::CountMission,Clear a stage 9 times.,Clear a stage 9 times.,988,9,{}
52014,52,RMBattleMission::StageClearMission::CountMission,Clear a stage 10 times.,Clear a stage 10 times.,987,10,{}
52015,52,RMBattleMission::LevelClearMission::CountMission,Clear Level 1.,Clear Level 1.,986,1,"{""level"": 1}"
52016,52,RMBattleMission::LevelClearMission::CountMission,Clear Level 1 for 2 times.,Clear Level 1 for 2 times.,985,2,"{""level"": 1}"
52017,52,RMBattleMission::LevelClearMission::CountMission,Clear Level 1 for 3 times.,Clear Level 1 for 3 times.,984,3,"{""level"": 1}"
52018,52,RMBattleMission::LevelClearMission::CountMission,Clear Level 2.,Clear Level 2.,983,1,"{""level"": 2}"
52019,52,RMBattleMission::LevelClearMission::CountMission,Clear Level 2 for 2 times.,Clear Level 2 for 2 times.,982,2,"{""level"": 2}"
52020,52,RMBattleMission::LevelClearMission::CountMission,Clear Level 2 for 3 times.,Clear Level 2 for 3 times.,981,3,"{""level"": 2}"
52021,52,RMBattleMission::LevelClearMission::CountMission,Clear Level 3.,Clear Level 3.,980,1,"{""level"": 3}"
52022,52,RMBattleMission::LevelClearMission::CountMission,Clear Level 3 for 2 times.,Clear Level 3 for 2 times.,979,2,"{""level"": 3}"
52023,52,RMBattleMission::LevelClearMission::CountMission,Clear Level 3 for 3 times.,Clear Level 3 for 3 times.,978,3,"{""level"": 3}"
53001,53,RMBattleMission::EntryMission::CountMission,Enter an Ultimate Clash.,Enter an Ultimate Clash.,1000,1,{}
53002,53,RMBattleMission::StageClearMission::CountMission,[Weekly] Clear a stage once.,[Weekly] Clear a stage once.,999,1,{}
53003,53,RMBattleMission::StageClearMission::CountMission,[Weekly] Clear a stage 2 times.,[Weekly] Clear a stage 2 times.,998,2,{}
53004,53,RMBattleMission::StageClearMission::CountMission,[Weekly] Clear a stage 3 times.,[Weekly] Clear a stage 3 times.,997,3,{}
53005,53,RMBattleMission::StageClearMission::CountMission,Clear a stage once.,Clear a stage once.,996,1,{}
53006,53,RMBattleMission::StageClearMission::CountMission,Clear a stage 2 times.,Clear a stage 2 times.,995,2,{}
53007,53,RMBattleMission::StageClearMission::CountMission,Clear a stage 3 times.,Clear a stage 3 times.,994,3,{}
53008,53,RMBattleMission::StageClearMission::CountMission,Clear a stage 4 times.,Clear a stage 4 times.,993,4,{}
53009,53,RMBattleMission::StageClearMission::CountMission,Clear a stage 5 times.,Clear a stage 5 times.,992,5,{}
53010,53,RMBattleMission::StageClearMission::CountMission,Clear a stage 6 times.,Clear a stage 6 times.,991,6,{}
53011,53,RMBattleMission::StageClearMission::CountMission,Clear a stage 7 times.,Clear a stage 7 times.,990,7,{}
53012,53,RMBattleMission::StageClearMission::CountMission,Clear a stage 8 times.,Clear a stage 8 times.,989,8,{}
53013,53,RMBattleMission::StageClearMission::CountMission,Clear a stage 9 times.,Clear a stage 9 times.,988,9,{}
53014,53,RMBattleMission::StageClearMission::CountMission,Clear a stage 10 times.,Clear a stage 10 times.,987,10,{}
53015,53,RMBattleMission::LevelClearMission::CountMission,Clear Level 1.,Clear Level 1.,986,1,"{""level"": 1}"
53016,53,RMBattleMission::LevelClearMission::CountMission,Clear Level 1 for 2 times.,Clear Level 1 for 2 times.,985,2,"{""level"": 1}"
53017,53,RMBattleMission::LevelClearMission::CountMission,Clear Level 1 for 3 times.,Clear Level 1 for 3 times.,984,3,"{""level"": 1}"
53018,53,RMBattleMission::LevelClearMission::CountMission,Clear Level 2.,Clear Level 2.,983,1,"{""level"": 2}"
53019,53,RMBattleMission::LevelClearMission::CountMission,Clear Level 2 for 2 times.,Clear Level 2 for 2 times.,982,2,"{""level"": 2}"
53020,53,RMBattleMission::LevelClearMission::CountMission,Clear Level 2 for 3 times.,Clear Level 2 for 3 times.,981,3,"{""level"": 2}"
53021,53,RMBattleMission::LevelClearMission::CountMission,Clear Level 3.,Clear Level 3.,980,1,"{""level"": 3}"
53022,53,RMBattleMission::LevelClearMission::CountMission,Clear Level 3 for 2 times.,Clear Level 3 for 2 times.,979,2,"{""level"": 3}"
53023,53,RMBattleMission::LevelClearMission::CountMission,Clear Level 3 for 3 times.,Clear Level 3 for 3 times.,978,3,"{""level"": 3}"
54001,54,RMBattleMission::EntryMission::CountMission,Enter an Ultimate Clash.,Enter an Ultimate Clash.,1000,1,{}
54002,54,RMBattleMission::StageClearMission::CountMission,[Weekly] Clear a stage once.,[Weekly] Clear a stage once.,999,1,{}
54003,54,RMBattleMission::StageClearMission::CountMission,[Weekly] Clear a stage 2 times.,[Weekly] Clear a stage 2 times.,998,2,{}
54004,54,RMBattleMission::StageClearMission::CountMission,[Weekly] Clear a stage 3 times.,[Weekly] Clear a stage 3 times.,997,3,{}
54005,54,RMBattleMission::StageClearMission::CountMission,Clear a stage once.,Clear a stage once.,996,1,{}
54006,54,RMBattleMission::StageClearMission::CountMission,Clear a stage 2 times.,Clear a stage 2 times.,995,2,{}
54007,54,RMBattleMission::StageClearMission::CountMission,Clear a stage 3 times.,Clear a stage 3 times.,994,3,{}
54008,54,RMBattleMission::StageClearMission::CountMission,Clear a stage 4 times.,Clear a stage 4 times.,993,4,{}
54009,54,RMBattleMission::StageClearMission::CountMission,Clear a stage 5 times.,Clear a stage 5 times.,992,5,{}
54010,54,RMBattleMission::StageClearMission::CountMission,Clear a stage 6 times.,Clear a stage 6 times.,991,6,{}
54011,54,RMBattleMission::StageClearMission::CountMission,Clear a stage 7 times.,Clear a stage 7 times.,990,7,{}
54012,54,RMBattleMission::StageClearMission::CountMission,Clear a stage 8 times.,Clear a stage 8 times.,989,8,{}
54013,54,RMBattleMission::StageClearMission::CountMission,Clear a stage 9 times.,Clear a stage 9 times.,988,9,{}
54014,54,RMBattleMission::StageClearMission::CountMission,Clear a stage 10 times.,Clear a stage 10 times.,987,10,{}
54015,54,RMBattleMission::LevelClearMission::CountMission,Clear Level 1.,Clear Level 1.,986,1,"{""level"": 1}"
54016,54,RMBattleMission::LevelClearMission::CountMission,Clear Level 1 for 2 times.,Clear Level 1 for 2 times.,985,2,"{""level"": 1}"
54017,54,RMBattleMission::LevelClearMission::CountMission,Clear Level 1 for 3 times.,Clear Level 1 for 3 times.,984,3,"{""level"": 1}"
54018,54,RMBattleMission::LevelClearMission::CountMission,Clear Level 2.,Clear Level 2.,983,1,"{""level"": 2}"
54019,54,RMBattleMission::LevelClearMission::CountMission,Clear Level 2 for 2 times.,Clear Level 2 for 2 times.,982,2,"{""level"": 2}"
54020,54,RMBattleMission::LevelClearMission::CountMission,Clear Level 2 for 3 times.,Clear Level 2 for 3 times.,981,3,"{""level"": 2}"
54021,54,RMBattleMission::LevelClearMission::CountMission,Clear Level 3.,Clear Level 3.,980,1,"{""level"": 3}"
54022,54,RMBattleMission::LevelClearMission::CountMission,Clear Level 3 for 2 times.,Clear Level 3 for 2 times.,979,2,"{""level"": 3}"
54023,54,RMBattleMission::LevelClearMission::CountMission,Clear Level 3 for 3 times.,Clear Level 3 for 3 times.,978,3,"{""level"": 3}"
54024,54,RMBattleMission::LevelClearMission::CountMission,Clear Level 4.,Clear Level 4.,977,1,"{""level"": 4}"
54025,54,RMBattleMission::LevelClearMission::CountMission,Clear Level 4 for 2 times.,Clear Level 4 for 2 times.,976,2,"{""level"": 4}"
54026,54,RMBattleMission::LevelClearMission::CountMission,Clear Level 4 for 3 times.,Clear Level 4 for 3 times.,975,3,"{""level"": 4}"
55001,55,RMBattleMission::EntryMission::CountMission,Enter an Ultimate Clash.,Enter an Ultimate Clash.,1000,1,{}
55002,55,RMBattleMission::StageClearMission::CountMission,[Weekly] Clear a stage once.,[Weekly] Clear a stage once.,999,1,{}
55003,55,RMBattleMission::StageClearMission::CountMission,[Weekly] Clear a stage 2 times.,[Weekly] Clear a stage 2 times.,998,2,{}
55004,55,RMBattleMission::StageClearMission::CountMission,[Weekly] Clear a stage 3 times.,[Weekly] Clear a stage 3 times.,997,3,{}
55005,55,RMBattleMission::StageClearMission::CountMission,Clear a stage once.,Clear a stage once.,996,1,{}
55006,55,RMBattleMission::StageClearMission::CountMission,Clear a stage 2 times.,Clear a stage 2 times.,995,2,{}
55007,55,RMBattleMission::StageClearMission::CountMission,Clear a stage 3 times.,Clear a stage 3 times.,994,3,{}
55008,55,RMBattleMission::StageClearMission::CountMission,Clear a stage 4 times.,Clear a stage 4 times.,993,4,{}
55009,55,RMBattleMission::StageClearMission::CountMission,Clear a stage 5 times.,Clear a stage 5 times.,992,5,{}
55010,55,RMBattleMission::StageClearMission::CountMission,Clear a stage 6 times.,Clear a stage 6 times.,991,6,{}
55011,55,RMBattleMission::StageClearMission::CountMission,Clear a stage 7 times.,Clear a stage 7 times.,990,7,{}
55012,55,RMBattleMission::StageClearMission::CountMission,Clear a stage 8 times.,Clear a stage 8 times.,989,8,{}
55013,55,RMBattleMission::StageClearMission::CountMission,Clear a stage 9 times.,Clear a stage 9 times.,988,9,{}
55014,55,RMBattleMission::StageClearMission::CountMission,Clear a stage 10 times.,Clear a stage 10 times.,987,10,{}
55015,55,RMBattleMission::LevelClearMission::CountMission,Clear Level 1.,Clear Level 1.,986,1,"{""level"": 1}"
55016,55,RMBattleMission::LevelClearMission::CountMission,Clear Level 1 for 2 times.,Clear Level 1 for 2 times.,985,2,"{""level"": 1}"
55017,55,RMBattleMission::LevelClearMission::CountMission,Clear Level 1 for 3 times.,Clear Level 1 for 3 times.,984,3,"{""level"": 1}"
55018,55,RMBattleMission::LevelClearMission::CountMission,Clear Level 2.,Clear Level 2.,983,1,"{""level"": 2}"
55019,55,RMBattleMission::LevelClearMission::CountMission,Clear Level 2 for 2 times.,Clear Level 2 for 2 times.,982,2,"{""level"": 2}"
55020,55,RMBattleMission::LevelClearMission::CountMission,Clear Level 2 for 3 times.,Clear Level 2 for 3 times.,981,3,"{""level"": 2}"
55021,55,RMBattleMission::LevelClearMission::CountMission,Clear Level 3.,Clear Level 3.,980,1,"{""level"": 3}"
55022,55,RMBattleMission::LevelClearMission::CountMission,Clear Level 3 for 2 times.,Clear Level 3 for 2 times.,979,2,"{""level"": 3}"
55023,55,RMBattleMission::LevelClearMission::CountMission,Clear Level 3 for 3 times.,Clear Level 3 for 3 times.,978,3,"{""level"": 3}"
56001,56,RMBattleMission::EntryMission::CountMission,Enter an Ultimate Clash.,Enter an Ultimate Clash.,1000,1,{}
56002,56,RMBattleMission::StageClearMission::CountMission,[Weekly] Clear a stage once.,[Weekly] Clear a stage once.,999,1,{}
56003,56,RMBattleMission::StageClearMission::CountMission,[Weekly] Clear a stage 2 times.,[Weekly] Clear a stage 2 times.,998,2,{}
56004,56,RMBattleMission::StageClearMission::CountMission,[Weekly] Clear a stage 3 times.,[Weekly] Clear a stage 3 times.,997,3,{}
56005,56,RMBattleMission::StageClearMission::CountMission,Clear a stage once.,Clear a stage once.,996,1,{}
56006,56,RMBattleMission::StageClearMission::CountMission,Clear a stage 2 times.,Clear a stage 2 times.,995,2,{}
56007,56,RMBattleMission::StageClearMission::CountMission,Clear a stage 3 times.,Clear a stage 3 times.,994,3,{}
56008,56,RMBattleMission::StageClearMission::CountMission,Clear a stage 4 times.,Clear a stage 4 times.,993,4,{}
56009,56,RMBattleMission::StageClearMission::CountMission,Clear a stage 5 times.,Clear a stage 5 times.,992,5,{}
56010,56,RMBattleMission::StageClearMission::CountMission,Clear a stage 6 times.,Clear a stage 6 times.,991,6,{}
56011,56,RMBattleMission::StageClearMission::CountMission,Clear a stage 7 times.,Clear a stage 7 times.,990,7,{}
56012,56,RMBattleMission::StageClearMission::CountMission,Clear a stage 8 times.,Clear a stage 8 times.,989,8,{}
56013,56,RMBattleMission::StageClearMission::CountMission,Clear a stage 9 times.,Clear a stage 9 times.,988,9,{}
56014,56,RMBattleMission::StageClearMission::CountMission,Clear a stage 10 times.,Clear a stage 10 times.,987,10,{}
56015,56,RMBattleMission::LevelClearMission::CountMission,Clear Level 1.,Clear Level 1.,986,1,"{""level"": 1}"
56016,56,RMBattleMission::LevelClearMission::CountMission,Clear Level 1 for 2 times.,Clear Level 1 for 2 times.,985,2,"{""level"": 1}"
56017,56,RMBattleMission::LevelClearMission::CountMission,Clear Level 1 for 3 times.,Clear Level 1 for 3 times.,984,3,"{""level"": 1}"
56018,56,RMBattleMission::LevelClearMission::CountMission,Clear Level 2.,Clear Level 2.,983,1,"{""level"": 2}"
56019,56,RMBattleMission::LevelClearMission::CountMission,Clear Level 2 for 2 times.,Clear Level 2 for 2 times.,982,2,"{""level"": 2}"
56020,56,RMBattleMission::LevelClearMission::CountMission,Clear Level 2 for 3 times.,Clear Level 2 for 3 times.,981,3,"{""level"": 2}"
56021,56,RMBattleMission::LevelClearMission::CountMission,Clear Level 3.,Clear Level 3.,980,1,"{""level"": 3}"
56022,56,RMBattleMission::LevelClearMission::CountMission,Clear Level 3 for 2 times.,Clear Level 3 for 2 times.,979,2,"{""level"": 3}"
56023,56,RMBattleMission::LevelClearMission::CountMission,Clear Level 3 for 3 times.,Clear Level 3 for 3 times.,978,3,"{""level"": 3}"
57001,57,RMBattleMission::EntryMission::CountMission,Enter an Ultimate Clash.,Enter an Ultimate Clash.,1000,1,{}
57002,57,RMBattleMission::StageClearMission::CountMission,[Weekly] Clear a stage once.,[Weekly] Clear a stage once.,999,1,{}
57003,57,RMBattleMission::StageClearMission::CountMission,[Weekly] Clear a stage 2 times.,[Weekly] Clear a stage 2 times.,998,2,{}
57004,57,RMBattleMission::StageClearMission::CountMission,[Weekly] Clear a stage 3 times.,[Weekly] Clear a stage 3 times.,997,3,{}
57005,57,RMBattleMission::StageClearMission::CountMission,Clear a stage once.,Clear a stage once.,996,1,{}
57006,57,RMBattleMission::StageClearMission::CountMission,Clear a stage 2 times.,Clear a stage 2 times.,995,2,{}
57007,57,RMBattleMission::StageClearMission::CountMission,Clear a stage 3 times.,Clear a stage 3 times.,994,3,{}
57008,57,RMBattleMission::StageClearMission::CountMission,Clear a stage 4 times.,Clear a stage 4 times.,993,4,{}
57009,57,RMBattleMission::StageClearMission::CountMission,Clear a stage 5 times.,Clear a stage 5 times.,992,5,{}
57010,57,RMBattleMission::StageClearMission::CountMission,Clear a stage 6 times.,Clear a stage 6 times.,991,6,{}
57011,57,RMBattleMission::StageClearMission::CountMission,Clear a stage 7 times.,Clear a stage 7 times.,990,7,{}
57012,57,RMBattleMission::StageClearMission::CountMission,Clear a stage 8 times.,Clear a stage 8 times.,989,8,{}
57013,57,RMBattleMission::StageClearMission::CountMission,Clear a stage 9 times.,Clear a stage 9 times.,988,9,{}
57014,57,RMBattleMission::StageClearMission::CountMission,Clear a stage 10 times.,Clear a stage 10 times.,987,10,{}
57015,57,RMBattleMission::LevelClearMission::CountMission,Clear Level 1.,Clear Level 1.,986,1,"{""level"": 1}"
57016,57,RMBattleMission::LevelClearMission::CountMission,Clear Level 1 for 2 times.,Clear Level 1 for 2 times.,985,2,"{""level"": 1}"
57017,57,RMBattleMission::LevelClearMission::CountMission,Clear Level 1 for 3 times.,Clear Level 1 for 3 times.,984,3,"{""level"": 1}"
57018,57,RMBattleMission::LevelClearMission::CountMission,Clear Level 2.,Clear Level 2.,983,1,"{""level"": 2}"
57019,57,RMBattleMission::LevelClearMission::CountMission,Clear Level 2 for 2 times.,Clear Level 2 for 2 times.,982,2,"{""level"": 2}"
57020,57,RMBattleMission::LevelClearMission::CountMission,Clear Level 2 for 3 times.,Clear Level 2 for 3 times.,981,3,"{""level"": 2}"
57021,57,RMBattleMission::LevelClearMission::CountMission,Clear Level 3.,Clear Level 3.,980,1,"{""level"": 3}"
57022,57,RMBattleMission::LevelClearMission::CountMission,Clear Level 3 for 2 times.,Clear Level 3 for 2 times.,979,2,"{""level"": 3}"
57023,57,RMBattleMission::LevelClearMission::CountMission,Clear Level 3 for 3 times.,Clear Level 3 for 3 times.,978,3,"{""level"": 3}"
58001,58,RMBattleMission::EntryMission::CountMission,Enter an Ultimate Clash.,Enter an Ultimate Clash.,1000,1,{}
58002,58,RMBattleMission::StageClearMission::CountMission,[Weekly] Clear a stage once.,[Weekly] Clear a stage once.,999,1,{}
58003,58,RMBattleMission::StageClearMission::CountMission,[Weekly] Clear a stage 2 times.,[Weekly] Clear a stage 2 times.,998,2,{}
58004,58,RMBattleMission::StageClearMission::CountMission,[Weekly] Clear a stage 3 times.,[Weekly] Clear a stage 3 times.,997,3,{}
58005,58,RMBattleMission::StageClearMission::CountMission,Clear a stage once.,Clear a stage once.,996,1,{}
58006,58,RMBattleMission::StageClearMission::CountMission,Clear a stage 2 times.,Clear a stage 2 times.,995,2,{}
58007,58,RMBattleMission::StageClearMission::CountMission,Clear a stage 3 times.,Clear a stage 3 times.,994,3,{}
58008,58,RMBattleMission::StageClearMission::CountMission,Clear a stage 4 times.,Clear a stage 4 times.,993,4,{}
58009,58,RMBattleMission::StageClearMission::CountMission,Clear a stage 5 times.,Clear a stage 5 times.,992,5,{}
58010,58,RMBattleMission::StageClearMission::CountMission,Clear a stage 6 times.,Clear a stage 6 times.,991,6,{}
58011,58,RMBattleMission::StageClearMission::CountMission,Clear a stage 7 times.,Clear a stage 7 times.,990,7,{}
58012,58,RMBattleMission::StageClearMission::CountMission,Clear a stage 8 times.,Clear a stage 8 times.,989,8,{}
58013,58,RMBattleMission::StageClearMission::CountMission,Clear a stage 9 times.,Clear a stage 9 times.,988,9,{}
58014,58,RMBattleMission::StageClearMission::CountMission,Clear a stage 10 times.,Clear a stage 10 times.,987,10,{}
58015,58,RMBattleMission::LevelClearMission::CountMission,Clear Level 1.,Clear Level 1.,986,1,"{""level"": 1}"
58016,58,RMBattleMission::LevelClearMission::CountMission,Clear Level 1 for 2 times.,Clear Level 1 for 2 times.,985,2,"{""level"": 1}"
58017,58,RMBattleMission::LevelClearMission::CountMission,Clear Level 1 for 3 times.,Clear Level 1 for 3 times.,984,3,"{""level"": 1}"
58018,58,RMBattleMission::LevelClearMission::CountMission,Clear Level 2.,Clear Level 2.,983,1,"{""level"": 2}"
58019,58,RMBattleMission::LevelClearMission::CountMission,Clear Level 2 for 2 times.,Clear Level 2 for 2 times.,982,2,"{""level"": 2}"
58020,58,RMBattleMission::LevelClearMission::CountMission,Clear Level 2 for 3 times.,Clear Level 2 for 3 times.,981,3,"{""level"": 2}"
58021,58,RMBattleMission::LevelClearMission::CountMission,Clear Level 3.,Clear Level 3.,980,1,"{""level"": 3}"
58022,58,RMBattleMission::LevelClearMission::CountMission,Clear Level 3 for 2 times.,Clear Level 3 for 2 times.,979,2,"{""level"": 3}"
58023,58,RMBattleMission::LevelClearMission::CountMission,Clear Level 3 for 3 times.,Clear Level 3 for 3 times.,978,3,"{""level"": 3}"
59001,59,RMBattleMission::EntryMission::CountMission,Enter an Ultimate Clash.,Enter an Ultimate Clash.,1000,1,{}
59002,59,RMBattleMission::StageClearMission::CountMission,[Weekly] Clear a stage once.,[Weekly] Clear a stage once.,999,1,{}
59003,59,RMBattleMission::StageClearMission::CountMission,[Weekly] Clear a stage 2 times.,[Weekly] Clear a stage 2 times.,998,2,{}
59004,59,RMBattleMission::StageClearMission::CountMission,[Weekly] Clear a stage 3 times.,[Weekly] Clear a stage 3 times.,997,3,{}
59005,59,RMBattleMission::StageClearMission::CountMission,Clear a stage once.,Clear a stage once.,996,1,{}
59006,59,RMBattleMission::StageClearMission::CountMission,Clear a stage 2 times.,Clear a stage 2 times.,995,2,{}
59007,59,RMBattleMission::StageClearMission::CountMission,Clear a stage 3 times.,Clear a stage 3 times.,994,3,{}
59008,59,RMBattleMission::StageClearMission::CountMission,Clear a stage 4 times.,Clear a stage 4 times.,993,4,{}
59009,59,RMBattleMission::StageClearMission::CountMission,Clear a stage 5 times.,Clear a stage 5 times.,992,5,{}
59010,59,RMBattleMission::StageClearMission::CountMission,Clear a stage 6 times.,Clear a stage 6 times.,991,6,{}
59011,59,RMBattleMission::StageClearMission::CountMission,Clear a stage 7 times.,Clear a stage 7 times.,990,7,{}
59012,59,RMBattleMission::StageClearMission::CountMission,Clear a stage 8 times.,Clear a stage 8 times.,989,8,{}
59013,59,RMBattleMission::StageClearMission::CountMission,Clear a stage 9 times.,Clear a stage 9 times.,988,9,{}
59014,59,RMBattleMission::StageClearMission::CountMission,Clear a stage 10 times.,Clear a stage 10 times.,987,10,{}
59015,59,RMBattleMission::LevelClearMission::CountMission,Clear Level 1.,Clear Level 1.,986,1,"{""level"": 1}"
59016,59,RMBattleMission::LevelClearMission::CountMission,Clear Level 1 for 2 times.,Clear Level 1 for 2 times.,985,2,"{""level"": 1}"
59017,59,RMBattleMission::LevelClearMission::CountMission,Clear Level 1 for 3 times.,Clear Level 1 for 3 times.,984,3,"{""level"": 1}"
59018,59,RMBattleMission::LevelClearMission::CountMission,Clear Level 2.,Clear Level 2.,983,1,"{""level"": 2}"
59019,59,RMBattleMission::LevelClearMission::CountMission,Clear Level 2 for 2 times.,Clear Level 2 for 2 times.,982,2,"{""level"": 2}"
59020,59,RMBattleMission::LevelClearMission::CountMission,Clear Level 2 for 3 times.,Clear Level 2 for 3 times.,981,3,"{""level"": 2}"
59021,59,RMBattleMission::LevelClearMission::CountMission,Clear Level 3.,Clear Level 3.,980,1,"{""level"": 3}"
59022,59,RMBattleMission::LevelClearMission::CountMission,Clear Level 3 for 2 times.,Clear Level 3 for 2 times.,979,2,"{""level"": 3}"
59023,59,RMBattleMission::LevelClearMission::CountMission,Clear Level 3 for 3 times.,Clear Level 3 for 3 times.,978,3,"{""level"": 3}"
60001,60,RMBattleMission::EntryMission::CountMission,Enter an Ultimate Clash.,Enter an Ultimate Clash.,1000,1,{}
60002,60,RMBattleMission::StageClearMission::CountMission,[Weekly] Clear a stage once.,[Weekly] Clear a stage once.,999,1,{}
60003,60,RMBattleMission::StageClearMission::CountMission,[Weekly] Clear a stage 2 times.,[Weekly] Clear a stage 2 times.,998,2,{}
60004,60,RMBattleMission::StageClearMission::CountMission,[Weekly] Clear a stage 3 times.,[Weekly] Clear a stage 3 times.,997,3,{}
60005,60,RMBattleMission::StageClearMission::CountMission,Clear a stage once.,Clear a stage once.,996,1,{}
60006,60,RMBattleMission::StageClearMission::CountMission,Clear a stage 2 times.,Clear a stage 2 times.,995,2,{}
60007,60,RMBattleMission::StageClearMission::CountMission,Clear a stage 3 times.,Clear a stage 3 times.,994,3,{}
60008,60,RMBattleMission::StageClearMission::CountMission,Clear a stage 4 times.,Clear a stage 4 times.,993,4,{}
60009,60,RMBattleMission::StageClearMission::CountMission,Clear a stage 5 times.,Clear a stage 5 times.,992,5,{}
60010,60,RMBattleMission::StageClearMission::CountMission,Clear a stage 6 times.,Clear a stage 6 times.,991,6,{}
60011,60,RMBattleMission::StageClearMission::CountMission,Clear a stage 7 times.,Clear a stage 7 times.,990,7,{}
60012,60,RMBattleMission::StageClearMission::CountMission,Clear a stage 8 times.,Clear a stage 8 times.,989,8,{}
60013,60,RMBattleMission::StageClearMission::CountMission,Clear a stage 9 times.,Clear a stage 9 times.,988,9,{}
60014,60,RMBattleMission::StageClearMission::CountMission,Clear a stage 10 times.,Clear a stage 10 times.,987,10,{}
60015,60,RMBattleMission::LevelClearMission::CountMission,Clear Level 1.,Clear Level 1.,986,1,"{""level"": 1}"
60016,60,RMBattleMission::LevelClearMission::CountMission,Clear Level 1 for 2 times.,Clear Level 1 for 2 times.,985,2,"{""level"": 1}"
60017,60,RMBattleMission::LevelClearMission::CountMission,Clear Level 1 for 3 times.,Clear Level 1 for 3 times.,984,3,"{""level"": 1}"
60018,60,RMBattleMission::LevelClearMission::CountMission,Clear Level 2.,Clear Level 2.,983,1,"{""level"": 2}"
60019,60,RMBattleMission::LevelClearMission::CountMission,Clear Level 2 for 2 times.,Clear Level 2 for 2 times.,982,2,"{""level"": 2}"
60020,60,RMBattleMission::LevelClearMission::CountMission,Clear Level 2 for 3 times.,Clear Level 2 for 3 times.,981,3,"{""level"": 2}"
60021,60,RMBattleMission::LevelClearMission::CountMission,Clear Level 3.,Clear Level 3.,980,1,"{""level"": 3}"
60022,60,RMBattleMission::LevelClearMission::CountMission,Clear Level 3 for 2 times.,Clear Level 3 for 2 times.,979,2,"{""level"": 3}"
60023,60,RMBattleMission::LevelClearMission::CountMission,Clear Level 3 for 3 times.,Clear Level 3 for 3 times.,978,3,"{""level"": 3}"
61001,61,RMBattleMission::EntryMission::CountMission,Enter an Ultimate Clash.,Enter an Ultimate Clash.,1000,1,{}
61002,61,RMBattleMission::StageClearMission::CountMission,[Weekly] Clear a stage once.,[Weekly] Clear a stage once.,999,1,{}
61003,61,RMBattleMission::StageClearMission::CountMission,[Weekly] Clear a stage 2 times.,[Weekly] Clear a stage 2 times.,998,2,{}
61004,61,RMBattleMission::StageClearMission::CountMission,[Weekly] Clear a stage 3 times.,[Weekly] Clear a stage 3 times.,997,3,{}
61005,61,RMBattleMission::StageClearMission::CountMission,Clear a stage once.,Clear a stage once.,996,1,{}
61006,61,RMBattleMission::StageClearMission::CountMission,Clear a stage 2 times.,Clear a stage 2 times.,995,2,{}
61007,61,RMBattleMission::StageClearMission::CountMission,Clear a stage 3 times.,Clear a stage 3 times.,994,3,{}
61008,61,RMBattleMission::StageClearMission::CountMission,Clear a stage 4 times.,Clear a stage 4 times.,993,4,{}
61009,61,RMBattleMission::StageClearMission::CountMission,Clear a stage 5 times.,Clear a stage 5 times.,992,5,{}
61010,61,RMBattleMission::StageClearMission::CountMission,Clear a stage 6 times.,Clear a stage 6 times.,991,6,{}
61011,61,RMBattleMission::StageClearMission::CountMission,Clear a stage 7 times.,Clear a stage 7 times.,990,7,{}
61012,61,RMBattleMission::StageClearMission::CountMission,Clear a stage 8 times.,Clear a stage 8 times.,989,8,{}
61013,61,RMBattleMission::StageClearMission::CountMission,Clear a stage 9 times.,Clear a stage 9 times.,988,9,{}
61014,61,RMBattleMission::StageClearMission::CountMission,Clear a stage 10 times.,Clear a stage 10 times.,987,10,{}
61015,61,RMBattleMission::LevelClearMission::CountMission,Clear Level 1.,Clear Level 1.,986,1,"{""level"": 1}"
61016,61,RMBattleMission::LevelClearMission::CountMission,Clear Level 1 for 2 times.,Clear Level 1 for 2 times.,985,2,"{""level"": 1}"
61017,61,RMBattleMission::LevelClearMission::CountMission,Clear Level 1 for 3 times.,Clear Level 1 for 3 times.,984,3,"{""level"": 1}"
61018,61,RMBattleMission::LevelClearMission::CountMission,Clear Level 2.,Clear Level 2.,983,1,"{""level"": 2}"
61019,61,RMBattleMission::LevelClearMission::CountMission,Clear Level 2 for 2 times.,Clear Level 2 for 2 times.,982,2,"{""level"": 2}"
61020,61,RMBattleMission::LevelClearMission::CountMission,Clear Level 2 for 3 times.,Clear Level 2 for 3 times.,981,3,"{""level"": 2}"
61021,61,RMBattleMission::LevelClearMission::CountMission,Clear Level 3.,Clear Level 3.,980,1,"{""level"": 3}"
61022,61,RMBattleMission::LevelClearMission::CountMission,Clear Level 3 for 2 times.,Clear Level 3 for 2 times.,979,2,"{""level"": 3}"
61023,61,RMBattleMission::LevelClearMission::CountMission,Clear Level 3 for 3 times.,Clear Level 3 for 3 times.,978,3,"{""level"": 3}"
62001,62,RMBattleMission::EntryMission::CountMission,Enter an Ultimate Clash.,Enter an Ultimate Clash.,1000,1,{}
62002,62,RMBattleMission::StageClearMission::CountMission,[Weekly] Clear a stage once.,[Weekly] Clear a stage once.,999,1,{}
62003,62,RMBattleMission::StageClearMission::CountMission,[Weekly] Clear a stage 2 times.,[Weekly] Clear a stage 2 times.,998,2,{}
62004,62,RMBattleMission::StageClearMission::CountMission,[Weekly] Clear a stage 3 times.,[Weekly] Clear a stage 3 times.,997,3,{}
62005,62,RMBattleMission::StageClearMission::CountMission,Clear a stage once.,Clear a stage once.,996,1,{}
62006,62,RMBattleMission::StageClearMission::CountMission,Clear a stage 2 times.,Clear a stage 2 times.,995,2,{}
62007,62,RMBattleMission::StageClearMission::CountMission,Clear a stage 3 times.,Clear a stage 3 times.,994,3,{}
62008,62,RMBattleMission::StageClearMission::CountMission,Clear a stage 4 times.,Clear a stage 4 times.,993,4,{}
62009,62,RMBattleMission::StageClearMission::CountMission,Clear a stage 5 times.,Clear a stage 5 times.,992,5,{}
62010,62,RMBattleMission::StageClearMission::CountMission,Clear a stage 6 times.,Clear a stage 6 times.,991,6,{}
62011,62,RMBattleMission::StageClearMission::CountMission,Clear a stage 7 times.,Clear a stage 7 times.,990,7,{}
62012,62,RMBattleMission::StageClearMission::CountMission,Clear a stage 8 times.,Clear a stage 8 times.,989,8,{}
62013,62,RMBattleMission::StageClearMission::CountMission,Clear a stage 9 times.,Clear a stage 9 times.,988,9,{}
62014,62,RMBattleMission::StageClearMission::CountMission,Clear a stage 10 times.,Clear a stage 10 times.,987,10,{}
62015,62,RMBattleMission::LevelClearMission::CountMission,Clear Level 1.,Clear Level 1.,986,1,"{""level"": 1}"
62016,62,RMBattleMission::LevelClearMission::CountMission,Clear Level 1 for 2 times.,Clear Level 1 for 2 times.,985,2,"{""level"": 1}"
62017,62,RMBattleMission::LevelClearMission::CountMission,Clear Level 1 for 3 times.,Clear Level 1 for 3 times.,984,3,"{""level"": 1}"
62018,62,RMBattleMission::LevelClearMission::CountMission,Clear Level 2.,Clear Level 2.,983,1,"{""level"": 2}"
62019,62,RMBattleMission::LevelClearMission::CountMission,Clear Level 2 for 2 times.,Clear Level 2 for 2 times.,982,2,"{""level"": 2}"
62020,62,RMBattleMission::LevelClearMission::CountMission,Clear Level 2 for 3 times.,Clear Level 2 for 3 times.,981,3,"{""level"": 2}"
62021,62,RMBattleMission::LevelClearMission::CountMission,Clear Level 3.,Clear Level 3.,980,1,"{""level"": 3}"
62022,62,RMBattleMission::LevelClearMission::CountMission,Clear Level 3 for 2 times.,Clear Level 3 for 2 times.,979,2,"{""level"": 3}"
62023,62,RMBattleMission::LevelClearMission::CountMission,Clear Level 3 for 3 times.,Clear Level 3 for 3 times.,978,3,"{""level"": 3}"
63001,63,RMBattleMission::EntryMission::CountMission,Enter an Ultimate Clash.,Enter an Ultimate Clash.,1000,1,{}
63002,63,RMBattleMission::StageClearMission::CountMission,[Weekly] Clear a stage once.,[Weekly] Clear a stage once.,999,1,{}
63003,63,RMBattleMission::StageClearMission::CountMission,[Weekly] Clear a stage 2 times.,[Weekly] Clear a stage 2 times.,998,2,{}
63004,63,RMBattleMission::StageClearMission::CountMission,[Weekly] Clear a stage 3 times.,[Weekly] Clear a stage 3 times.,997,3,{}
63005,63,RMBattleMission::StageClearMission::CountMission,Clear a stage once.,Clear a stage once.,996,1,{}
63006,63,RMBattleMission::StageClearMission::CountMission,Clear a stage 2 times.,Clear a stage 2 times.,995,2,{}
63007,63,RMBattleMission::StageClearMission::CountMission,Clear a stage 3 times.,Clear a stage 3 times.,994,3,{}
63008,63,RMBattleMission::StageClearMission::CountMission,Clear a stage 4 times.,Clear a stage 4 times.,993,4,{}
63009,63,RMBattleMission::StageClearMission::CountMission,Clear a stage 5 times.,Clear a stage 5 times.,992,5,{}
63010,63,RMBattleMission::StageClearMission::CountMission,Clear a stage 6 times.,Clear a stage 6 times.,991,6,{}
63011,63,RMBattleMission::StageClearMission::CountMission,Clear a stage 7 times.,Clear a stage 7 times.,990,7,{}
63012,63,RMBattleMission::StageClearMission::CountMission,Clear a stage 8 times.,Clear a stage 8 times.,989,8,{}
63013,63,RMBattleMission::StageClearMission::CountMission,Clear a stage 9 times.,Clear a stage 9 times.,988,9,{}
63014,63,RMBattleMission::StageClearMission::CountMission,Clear a stage 10 times.,Clear a stage 10 times.,987,10,{}
63015,63,RMBattleMission::LevelClearMission::CountMission,Clear Level 1.,Clear Level 1.,986,1,"{""level"": 1}"
63016,63,RMBattleMission::LevelClearMission::CountMission,Clear Level 1 for 2 times.,Clear Level 1 for 2 times.,985,2,"{""level"": 1}"
63017,63,RMBattleMission::LevelClearMission::CountMission,Clear Level 1 for 3 times.,Clear Level 1 for 3 times.,984,3,"{""level"": 1}"
63018,63,RMBattleMission::LevelClearMission::CountMission,Clear Level 2.,Clear Level 2.,983,1,"{""level"": 2}"
63019,63,RMBattleMission::LevelClearMission::CountMission,Clear Level 2 for 2 times.,Clear Level 2 for 2 times.,982,2,"{""level"": 2}"
63020,63,RMBattleMission::LevelClearMission::CountMission,Clear Level 2 for 3 times.,Clear Level 2 for 3 times.,981,3,"{""level"": 2}"
63021,63,RMBattleMission::LevelClearMission::CountMission,Clear Level 3.,Clear Level 3.,980,1,"{""level"": 3}"
63022,63,RMBattleMission::LevelClearMission::CountMission,Clear Level 3 for 2 times.,Clear Level 3 for 2 times.,979,2,"{""level"": 3}"
63023,63,RMBattleMission::LevelClearMission::CountMission,Clear Level 3 for 3 times.,Clear Level 3 for 3 times.,978,3,"{""level"": 3}"
65001,65,RMBattleMission::EntryMission::CountMission,Enter an Ultimate Clash.,Enter an Ultimate Clash.,1000,1,{}
65002,65,RMBattleMission::StageClearMission::CountMission,[Weekly] Clear a stage once.,[Weekly] Clear a stage once.,999,1,{}
65003,65,RMBattleMission::StageClearMission::CountMission,[Weekly] Clear a stage 2 times.,[Weekly] Clear a stage 2 times.,998,2,{}
65004,65,RMBattleMission::StageClearMission::CountMission,[Weekly] Clear a stage 3 times.,[Weekly] Clear a stage 3 times.,997,3,{}
65005,65,RMBattleMission::StageClearMission::CountMission,Clear a stage once.,Clear a stage once.,996,1,{}
65006,65,RMBattleMission::StageClearMission::CountMission,Clear a stage 2 times.,Clear a stage 2 times.,995,2,{}
65007,65,RMBattleMission::StageClearMission::CountMission,Clear a stage 3 times.,Clear a stage 3 times.,994,3,{}
65008,65,RMBattleMission::StageClearMission::CountMission,Clear a stage 4 times.,Clear a stage 4 times.,993,4,{}
65009,65,RMBattleMission::StageClearMission::CountMission,Clear a stage 5 times.,Clear a stage 5 times.,992,5,{}
65010,65,RMBattleMission::StageClearMission::CountMission,Clear a stage 6 times.,Clear a stage 6 times.,991,6,{}
65011,65,RMBattleMission::StageClearMission::CountMission,Clear a stage 7 times.,Clear a stage 7 times.,990,7,{}
65012,65,RMBattleMission::StageClearMission::CountMission,Clear a stage 8 times.,Clear a stage 8 times.,989,8,{}
65013,65,RMBattleMission::StageClearMission::CountMission,Clear a stage 9 times.,Clear a stage 9 times.,988,9,{}
65014,65,RMBattleMission::StageClearMission::CountMission,Clear a stage 10 times.,Clear a stage 10 times.,987,10,{}
65015,65,RMBattleMission::LevelClearMission::CountMission,Clear Level 1.,Clear Level 1.,986,1,"{""level"": 1}"
65016,65,RMBattleMission::LevelClearMission::CountMission,Clear Level 1 for 2 times.,Clear Level 1 for 2 times.,985,2,"{""level"": 1}"
65017,65,RMBattleMission::LevelClearMission::CountMission,Clear Level 1 for 3 times.,Clear Level 1 for 3 times.,984,3,"{""level"": 1}"
65018,65,RMBattleMission::LevelClearMission::CountMission,Clear Level 2.,Clear Level 2.,983,1,"{""level"": 2}"
65019,65,RMBattleMission::LevelClearMission::CountMission,Clear Level 2 for 2 times.,Clear Level 2 for 2 times.,982,2,"{""level"": 2}"
65020,65,RMBattleMission::LevelClearMission::CountMission,Clear Level 2 for 3 times.,Clear Level 2 for 3 times.,981,3,"{""level"": 2}"
65021,65,RMBattleMission::LevelClearMission::CountMission,Clear Level 3.,Clear Level 3.,980,1,"{""level"": 3}"
65022,65,RMBattleMission::LevelClearMission::CountMission,Clear Level 3 for 2 times.,Clear Level 3 for 2 times.,979,2,"{""level"": 3}"
65023,65,RMBattleMission::LevelClearMission::CountMission,Clear Level 3 for 3 times.,Clear Level 3 for 3 times.,978,3,"{""level"": 3}"
66001,66,RMBattleMission::EntryMission::CountMission,Enter an Ultimate Clash.,Enter an Ultimate Clash.,1000,1,{}
66002,66,RMBattleMission::StageClearMission::CountMission,[Weekly] Clear a stage once.,[Weekly] Clear a stage once.,999,1,{}
66003,66,RMBattleMission::StageClearMission::CountMission,[Weekly] Clear a stage 2 times.,[Weekly] Clear a stage 2 times.,998,2,{}
66004,66,RMBattleMission::StageClearMission::CountMission,[Weekly] Clear a stage 3 times.,[Weekly] Clear a stage 3 times.,997,3,{}
66005,66,RMBattleMission::StageClearMission::CountMission,Clear a stage once.,Clear a stage once.,996,1,{}
66006,66,RMBattleMission::StageClearMission::CountMission,Clear a stage 2 times.,Clear a stage 2 times.,995,2,{}
66007,66,RMBattleMission::StageClearMission::CountMission,Clear a stage 3 times.,Clear a stage 3 times.,994,3,{}
66008,66,RMBattleMission::StageClearMission::CountMission,Clear a stage 4 times.,Clear a stage 4 times.,993,4,{}
66009,66,RMBattleMission::StageClearMission::CountMission,Clear a stage 5 times.,Clear a stage 5 times.,992,5,{}
66010,66,RMBattleMission::StageClearMission::CountMission,Clear a stage 6 times.,Clear a stage 6 times.,991,6,{}
66011,66,RMBattleMission::StageClearMission::CountMission,Clear a stage 7 times.,Clear a stage 7 times.,990,7,{}
66012,66,RMBattleMission::StageClearMission::CountMission,Clear a stage 8 times.,Clear a stage 8 times.,989,8,{}
66013,66,RMBattleMission::StageClearMission::CountMission,Clear a stage 9 times.,Clear a stage 9 times.,988,9,{}
66014,66,RMBattleMission::StageClearMission::CountMission,Clear a stage 10 times.,Clear a stage 10 times.,987,10,{}
66015,66,RMBattleMission::LevelClearMission::CountMission,Clear Level 1.,Clear Level 1.,986,1,"{""level"": 1}"
66016,66,RMBattleMission::LevelClearMission::CountMission,Clear Level 1 for 2 times.,Clear Level 1 for 2 times.,985,2,"{""level"": 1}"
66017,66,RMBattleMission::LevelClearMission::CountMission,Clear Level 1 for 3 times.,Clear Level 1 for 3 times.,984,3,"{""level"": 1}"
66018,66,RMBattleMission::LevelClearMission::CountMission,Clear Level 2.,Clear Level 2.,983,1,"{""level"": 2}"
66019,66,RMBattleMission::LevelClearMission::CountMission,Clear Level 2 for 2 times.,Clear Level 2 for 2 times.,982,2,"{""level"": 2}"
66020,66,RMBattleMission::LevelClearMission::CountMission,Clear Level 2 for 3 times.,Clear Level 2 for 3 times.,981,3,"{""level"": 2}"
66021,66,RMBattleMission::LevelClearMission::CountMission,Clear Level 3.,Clear Level 3.,980,1,"{""level"": 3}"
66022,66,RMBattleMission::LevelClearMission::CountMission,Clear Level 3 for 2 times.,Clear Level 3 for 2 times.,979,2,"{""level"": 3}"
66023,66,RMBattleMission::LevelClearMission::CountMission,Clear Level 3 for 3 times.,Clear Level 3 for 3 times.,978,3,"{""level"": 3}"
68001,68,RMBattleMission::EntryMission::CountMission,Enter an Ultimate Clash.,Enter an Ultimate Clash.,1000,1,{}
68002,68,RMBattleMission::StageClearMission::CountMission,[Weekly] Clear a stage once.,[Weekly] Clear a stage once.,999,1,{}
68003,68,RMBattleMission::StageClearMission::CountMission,[Weekly] Clear a stage 2 times.,[Weekly] Clear a stage 2 times.,998,2,{}
68004,68,RMBattleMission::StageClearMission::CountMission,[Weekly] Clear a stage 3 times.,[Weekly] Clear a stage 3 times.,997,3,{}
68005,68,RMBattleMission::StageClearMission::CountMission,Clear a stage once.,Clear a stage once.,996,1,{}
68006,68,RMBattleMission::StageClearMission::CountMission,Clear a stage 2 times.,Clear a stage 2 times.,995,2,{}
68007,68,RMBattleMission::StageClearMission::CountMission,Clear a stage 3 times.,Clear a stage 3 times.,994,3,{}
68008,68,RMBattleMission::StageClearMission::CountMission,Clear a stage 4 times.,Clear a stage 4 times.,993,4,{}
68009,68,RMBattleMission::StageClearMission::CountMission,Clear a stage 5 times.,Clear a stage 5 times.,992,5,{}
68010,68,RMBattleMission::StageClearMission::CountMission,Clear a stage 6 times.,Clear a stage 6 times.,991,6,{}
68011,68,RMBattleMission::StageClearMission::CountMission,Clear a stage 7 times.,Clear a stage 7 times.,990,7,{}
68012,68,RMBattleMission::StageClearMission::CountMission,Clear a stage 8 times.,Clear a stage 8 times.,989,8,{}
68013,68,RMBattleMission::StageClearMission::CountMission,Clear a stage 9 times.,Clear a stage 9 times.,988,9,{}
68014,68,RMBattleMission::StageClearMission::CountMission,Clear a stage 10 times.,Clear a stage 10 times.,987,10,{}
68015,68,RMBattleMission::LevelClearMission::CountMission,Clear Level 1.,Clear Level 1.,986,1,"{""level"": 1}"
68016,68,RMBattleMission::LevelClearMission::CountMission,Clear Level 1 for 2 times.,Clear Level 1 for 2 times.,985,2,"{""level"": 1}"
68017,68,RMBattleMission::LevelClearMission::CountMission,Clear Level 1 for 3 times.,Clear Level 1 for 3 times.,984,3,"{""level"": 1}"
68018,68,RMBattleMission::LevelClearMission::CountMission,Clear Level 2.,Clear Level 2.,983,1,"{""level"": 2}"
68019,68,RMBattleMission::LevelClearMission::CountMission,Clear Level 2 for 2 times.,Clear Level 2 for 2 times.,982,2,"{""level"": 2}"
68020,68,RMBattleMission::LevelClearMission::CountMission,Clear Level 2 for 3 times.,Clear Level 2 for 3 times.,981,3,"{""level"": 2}"
68021,68,RMBattleMission::LevelClearMission::CountMission,Clear Level 3.,Clear Level 3.,980,1,"{""level"": 3}"
68022,68,RMBattleMission::LevelClearMission::CountMission,Clear Level 3 for 2 times.,Clear Level 3 for 2 times.,979,2,"{""level"": 3}"
68023,68,RMBattleMission::LevelClearMission::CountMission,Clear Level 3 for 3 times.,Clear Level 3 for 3 times.,978,3,"{""level"": 3}"
70001,70,RMBattleMission::EntryMission::CountMission,Enter an Ultimate Clash.,Enter an Ultimate Clash.,1000,1,{}
70002,70,RMBattleMission::StageClearMission::CountMission,[Weekly] Clear a stage once.,[Weekly] Clear a stage once.,999,1,{}
70003,70,RMBattleMission::StageClearMission::CountMission,[Weekly] Clear a stage 2 times.,[Weekly] Clear a stage 2 times.,998,2,{}
70004,70,RMBattleMission::StageClearMission::CountMission,[Weekly] Clear a stage 3 times.,[Weekly] Clear a stage 3 times.,997,3,{}
70005,70,RMBattleMission::StageClearMission::CountMission,Clear a stage once.,Clear a stage once.,996,1,{}
70006,70,RMBattleMission::StageClearMission::CountMission,Clear a stage 2 times.,Clear a stage 2 times.,995,2,{}
70007,70,RMBattleMission::StageClearMission::CountMission,Clear a stage 3 times.,Clear a stage 3 times.,994,3,{}
70008,70,RMBattleMission::StageClearMission::CountMission,Clear a stage 4 times.,Clear a stage 4 times.,993,4,{}
70009,70,RMBattleMission::StageClearMission::CountMission,Clear a stage 5 times.,Clear a stage 5 times.,992,5,{}
70010,70,RMBattleMission::StageClearMission::CountMission,Clear a stage 6 times.,Clear a stage 6 times.,991,6,{}
70011,70,RMBattleMission::StageClearMission::CountMission,Clear a stage 7 times.,Clear a stage 7 times.,990,7,{}
70012,70,RMBattleMission::StageClearMission::CountMission,Clear a stage 8 times.,Clear a stage 8 times.,989,8,{}
70013,70,RMBattleMission::StageClearMission::CountMission,Clear a stage 9 times.,Clear a stage 9 times.,988,9,{}
70014,70,RMBattleMission::StageClearMission::CountMission,Clear a stage 10 times.,Clear a stage 10 times.,987,10,{}
70015,70,RMBattleMission::LevelClearMission::CountMission,Clear Level 1.,Clear Level 1.,986,1,"{""level"": 1}"
70016,70,RMBattleMission::LevelClearMission::CountMission,Clear Level 1 for 2 times.,Clear Level 1 for 2 times.,985,2,"{""level"": 1}"
70017,70,RMBattleMission::LevelClearMission::CountMission,Clear Level 1 for 3 times.,Clear Level 1 for 3 times.,984,3,"{""level"": 1}"
70018,70,RMBattleMission::LevelClearMission::CountMission,Clear Level 2.,Clear Level 2.,983,1,"{""level"": 2}"
70019,70,RMBattleMission::LevelClearMission::CountMission,Clear Level 2 for 2 times.,Clear Level 2 for 2 times.,982,2,"{""level"": 2}"
70020,70,RMBattleMission::LevelClearMission::CountMission,Clear Level 2 for 3 times.,Clear Level 2 for 3 times.,981,3,"{""level"": 2}"
70021,70,RMBattleMission::LevelClearMission::CountMission,Clear Level 3.,Clear Level 3.,980,1,"{""level"": 3}"
70022,70,RMBattleMission::LevelClearMission::CountMission,Clear Level 3 for 2 times.,Clear Level 3 for 2 times.,979,2,"{""level"": 3}"
70023,70,RMBattleMission::LevelClearMission::CountMission,Clear Level 3 for 3 times.,Clear Level 3 for 3 times.,978,3,"{""level"": 3}"
71001,71,RMBattleMission::EntryMission::CountMission,Enter an Ultimate Clash.,Enter an Ultimate Clash.,1000,1,{}
71002,71,RMBattleMission::StageClearMission::CountMission,[Weekly] Clear a stage once.,[Weekly] Clear a stage once.,999,1,{}
71003,71,RMBattleMission::StageClearMission::CountMission,[Weekly] Clear a stage 2 times.,[Weekly] Clear a stage 2 times.,998,2,{}
71004,71,RMBattleMission::StageClearMission::CountMission,[Weekly] Clear a stage 3 times.,[Weekly] Clear a stage 3 times.,997,3,{}
71005,71,RMBattleMission::StageClearMission::CountMission,Clear a stage once.,Clear a stage once.,996,1,{}
71006,71,RMBattleMission::StageClearMission::CountMission,Clear a stage 2 times.,Clear a stage 2 times.,995,2,{}
71007,71,RMBattleMission::StageClearMission::CountMission,Clear a stage 3 times.,Clear a stage 3 times.,994,3,{}
71008,71,RMBattleMission::StageClearMission::CountMission,Clear a stage 4 times.,Clear a stage 4 times.,993,4,{}
71009,71,RMBattleMission::StageClearMission::CountMission,Clear a stage 5 times.,Clear a stage 5 times.,992,5,{}
71010,71,RMBattleMission::StageClearMission::CountMission,Clear a stage 6 times.,Clear a stage 6 times.,991,6,{}
71011,71,RMBattleMission::StageClearMission::CountMission,Clear a stage 7 times.,Clear a stage 7 times.,990,7,{}
71012,71,RMBattleMission::StageClearMission::CountMission,Clear a stage 8 times.,Clear a stage 8 times.,989,8,{}
71013,71,RMBattleMission::StageClearMission::CountMission,Clear a stage 9 times.,Clear a stage 9 times.,988,9,{}
71014,71,RMBattleMission::LevelClearMission::CountMission,Clear Level 1.,Clear Level 1.,987,1,"{""level"": 1}"
71015,71,RMBattleMission::LevelClearMission::CountMission,Clear Level 1 for 2 times.,Clear Level 1 for 2 times.,986,2,"{""level"": 1}"
71016,71,RMBattleMission::LevelClearMission::CountMission,Clear Level 1 for 3 times.,Clear Level 1 for 3 times.,985,3,"{""level"": 1}"
71017,71,RMBattleMission::LevelClearMission::CountMission,Clear Level 2.,Clear Level 2.,984,1,"{""level"": 2}"
71018,71,RMBattleMission::LevelClearMission::CountMission,Clear Level 2 for 2 times.,Clear Level 2 for 2 times.,983,2,"{""level"": 2}"
71019,71,RMBattleMission::LevelClearMission::CountMission,Clear Level 2 for 3 times.,Clear Level 2 for 3 times.,982,3,"{""level"": 2}"
71020,71,RMBattleMission::LevelClearMission::CountMission,Clear Level 3.,Clear Level 3.,981,1,"{""level"": 3}"
71021,71,RMBattleMission::LevelClearMission::CountMission,Clear Level 3 for 2 times.,Clear Level 3 for 2 times.,980,2,"{""level"": 3}"
71022,71,RMBattleMission::LevelClearMission::CountMission,Clear Level 3 for 3 times.,Clear Level 3 for 3 times.,979,3,"{""level"": 3}"
74001,74,RMBattleMission::EntryMission::CountMission,Enter an Ultimate Clash.,Enter an Ultimate Clash.,1000,1,{}
74002,74,RMBattleMission::StageClearMission::CountMission,[Weekly] Clear a stage once.,[Weekly] Clear a stage once.,999,1,{}
74003,74,RMBattleMission::StageClearMission::CountMission,[Weekly] Clear a stage 2 times.,[Weekly] Clear a stage 2 times.,998,2,{}
74004,74,RMBattleMission::StageClearMission::CountMission,[Weekly] Clear a stage 3 times.,[Weekly] Clear a stage 3 times.,997,3,{}
74005,74,RMBattleMission::StageClearMission::CountMission,Clear a stage once.,Clear a stage once.,996,1,{}
74006,74,RMBattleMission::StageClearMission::CountMission,Clear a stage 2 times.,Clear a stage 2 times.,995,2,{}
74007,74,RMBattleMission::StageClearMission::CountMission,Clear a stage 3 times.,Clear a stage 3 times.,994,3,{}
74008,74,RMBattleMission::StageClearMission::CountMission,Clear a stage 4 times.,Clear a stage 4 times.,993,4,{}
74009,74,RMBattleMission::StageClearMission::CountMission,Clear a stage 5 times.,Clear a stage 5 times.,992,5,{}
74010,74,RMBattleMission::StageClearMission::CountMission,Clear a stage 6 times.,Clear a stage 6 times.,991,6,{}
74011,74,RMBattleMission::StageClearMission::CountMission,Clear a stage 7 times.,Clear a stage 7 times.,990,7,{}
74012,74,RMBattleMission::StageClearMission::CountMission,Clear a stage 8 times.,Clear a stage 8 times.,989,8,{}
74013,74,RMBattleMission::StageClearMission::CountMission,Clear a stage 9 times.,Clear a stage 9 times.,988,9,{}
74014,74,RMBattleMission::StageClearMission::CountMission,Clear a stage 10 times.,Clear a stage 10 times.,987,10,{}
74015,74,RMBattleMission::LevelClearMission::CountMission,Clear Level 1.,Clear Level 1.,986,1,"{""level"": 1}"
74016,74,RMBattleMission::LevelClearMission::CountMission,Clear Level 1 for 2 times.,Clear Level 1 for 2 times.,985,2,"{""level"": 1}"
74017,74,RMBattleMission::LevelClearMission::CountMission,Clear Level 1 for 3 times.,Clear Level 1 for 3 times.,984,3,"{""level"": 1}"
74018,74,RMBattleMission::LevelClearMission::CountMission,Clear Level 2.,Clear Level 2.,983,1,"{""level"": 2}"
74019,74,RMBattleMission::LevelClearMission::CountMission,Clear Level 2 for 2 times.,Clear Level 2 for 2 times.,982,2,"{""level"": 2}"
74020,74,RMBattleMission::LevelClearMission::CountMission,Clear Level 2 for 3 times.,Clear Level 2 for 3 times.,981,3,"{""level"": 2}"
74021,74,RMBattleMission::LevelClearMission::CountMission,Clear Level 3.,Clear Level 3.,980,1,"{""level"": 3}"
74022,74,RMBattleMission::LevelClearMission::CountMission,Clear Level 3 for 2 times.,Clear Level 3 for 2 times.,979,2,"{""level"": 3}"
74023,74,RMBattleMission::LevelClearMission::CountMission,Clear Level 3 for 3 times.,Clear Level 3 for 3 times.,978,3,"{""level"": 3}"
77001,77,RMBattleMission::EntryMission::CountMission,Enter an Ultimate Clash.,Enter an Ultimate Clash.,1000,1,{}
77002,77,RMBattleMission::StageClearMission::CountMission,[Weekly] Clear a stage once.,[Weekly] Clear a stage once.,999,1,{}
77003,77,RMBattleMission::StageClearMission::CountMission,[Weekly] Clear a stage 2 times.,[Weekly] Clear a stage 2 times.,998,2,{}
77004,77,RMBattleMission::StageClearMission::CountMission,[Weekly] Clear a stage 3 times.,[Weekly] Clear a stage 3 times.,997,3,{}
77005,77,RMBattleMission::StageClearMission::CountMission,Clear a stage once.,Clear a stage once.,996,1,{}
77006,77,RMBattleMission::StageClearMission::CountMission,Clear a stage 2 times.,Clear a stage 2 times.,995,2,{}
77007,77,RMBattleMission::StageClearMission::CountMission,Clear a stage 3 times.,Clear a stage 3 times.,994,3,{}
77008,77,RMBattleMission::StageClearMission::CountMission,Clear a stage 4 times.,Clear a stage 4 times.,993,4,{}
77009,77,RMBattleMission::StageClearMission::CountMission,Clear a stage 5 times.,Clear a stage 5 times.,992,5,{}
77010,77,RMBattleMission::StageClearMission::CountMission,Clear a stage 6 times.,Clear a stage 6 times.,991,6,{}
77011,77,RMBattleMission::StageClearMission::CountMission,Clear a stage 7 times.,Clear a stage 7 times.,990,7,{}
77012,77,RMBattleMission::StageClearMission::CountMission,Clear a stage 8 times.,Clear a stage 8 times.,989,8,{}
77013,77,RMBattleMission::StageClearMission::CountMission,Clear a stage 9 times.,Clear a stage 9 times.,988,9,{}
77014,77,RMBattleMission::StageClearMission::CountMission,Clear a stage 10 times.,Clear a stage 10 times.,987,10,{}
77015,77,RMBattleMission::LevelClearMission::CountMission,Clear Level 1.,Clear Level 1.,986,1,"{""level"": 1}"
77016,77,RMBattleMission::LevelClearMission::CountMission,Clear Level 1 for 2 times.,Clear Level 1 for 2 times.,985,2,"{""level"": 1}"
77017,77,RMBattleMission::LevelClearMission::CountMission,Clear Level 1 for 3 times.,Clear Level 1 for 3 times.,984,3,"{""level"": 1}"
77018,77,RMBattleMission::LevelClearMission::CountMission,Clear Level 2.,Clear Level 2.,983,1,"{""level"": 2}"
77019,77,RMBattleMission::LevelClearMission::CountMission,Clear Level 2 for 2 times.,Clear Level 2 for 2 times.,982,2,"{""level"": 2}"
77020,77,RMBattleMission::LevelClearMission::CountMission,Clear Level 2 for 3 times.,Clear Level 2 for 3 times.,981,3,"{""level"": 2}"
77021,77,RMBattleMission::LevelClearMission::CountMission,Clear Level 3.,Clear Level 3.,980,1,"{""level"": 3}"
77022,77,RMBattleMission::LevelClearMission::CountMission,Clear Level 3 for 2 times.,Clear Level 3 for 2 times.,979,2,"{""level"": 3}"
77023,77,RMBattleMission::LevelClearMission::CountMission,Clear Level 3 for 3 times.,Clear Level 3 for 3 times.,978,3,"{""level"": 3}"
78001,78,RMBattleMission::EntryMission::CountMission,Enter an Ultimate Clash.,Enter an Ultimate Clash.,1000,1,{}
78002,78,RMBattleMission::StageClearMission::CountMission,[Weekly] Clear a stage once.,[Weekly] Clear a stage once.,999,1,{}
78003,78,RMBattleMission::StageClearMission::CountMission,[Weekly] Clear a stage 2 times.,[Weekly] Clear a stage 2 times.,998,2,{}
78004,78,RMBattleMission::StageClearMission::CountMission,[Weekly] Clear a stage 3 times.,[Weekly] Clear a stage 3 times.,997,3,{}
78005,78,RMBattleMission::StageClearMission::CountMission,Clear a stage once.,Clear a stage once.,996,1,{}
78006,78,RMBattleMission::StageClearMission::CountMission,Clear a stage 2 times.,Clear a stage 2 times.,995,2,{}
78007,78,RMBattleMission::StageClearMission::CountMission,Clear a stage 3 times.,Clear a stage 3 times.,994,3,{}
78008,78,RMBattleMission::StageClearMission::CountMission,Clear a stage 4 times.,Clear a stage 4 times.,993,4,{}
78009,78,RMBattleMission::StageClearMission::CountMission,Clear a stage 5 times.,Clear a stage 5 times.,992,5,{}
78010,78,RMBattleMission::StageClearMission::CountMission,Clear a stage 6 times.,Clear a stage 6 times.,991,6,{}
78011,78,RMBattleMission::StageClearMission::CountMission,Clear a stage 7 times.,Clear a stage 7 times.,990,7,{}
78012,78,RMBattleMission::StageClearMission::CountMission,Clear a stage 8 times.,Clear a stage 8 times.,989,8,{}
78013,78,RMBattleMission::StageClearMission::CountMission,Clear a stage 9 times.,Clear a stage 9 times.,988,9,{}
78014,78,RMBattleMission::StageClearMission::CountMission,Clear a stage 10 times.,Clear a stage 10 times.,987,10,{}
78015,78,RMBattleMission::LevelClearMission::CountMission,Clear Level 1.,Clear Level 1.,986,1,"{""level"": 1}"
78016,78,RMBattleMission::LevelClearMission::CountMission,Clear Level 1 for 2 times.,Clear Level 1 for 2 times.,985,2,"{""level"": 1}"
78017,78,RMBattleMission::LevelClearMission::CountMission,Clear Level 1 for 3 times.,Clear Level 1 for 3 times.,984,3,"{""level"": 1}"
78018,78,RMBattleMission::LevelClearMission::CountMission,Clear Level 2.,Clear Level 2.,983,1,"{""level"": 2}"
78019,78,RMBattleMission::LevelClearMission::CountMission,Clear Level 2 for 2 times.,Clear Level 2 for 2 times.,982,2,"{""level"": 2}"
78020,78,RMBattleMission::LevelClearMission::CountMission,Clear Level 2 for 3 times.,Clear Level 2 for 3 times.,981,3,"{""level"": 2}"
78021,78,RMBattleMission::LevelClearMission::CountMission,Clear Level 3.,Clear Level 3.,980,1,"{""level"": 3}"
78022,78,RMBattleMission::LevelClearMission::CountMission,Clear Level 3 for 2 times.,Clear Level 3 for 2 times.,979,2,"{""level"": 3}"
78023,78,RMBattleMission::LevelClearMission::CountMission,Clear Level 3 for 3 times.,Clear Level 3 for 3 times.,978,3,"{""level"": 3}"
79001,79,RMBattleMission::EntryMission::CountMission,Enter an Ultimate Clash.,Enter an Ultimate Clash.,1000,1,{}
79002,79,RMBattleMission::StageClearMission::CountMission,[Weekly] Clear a stage once.,[Weekly] Clear a stage once.,999,1,{}
79003,79,RMBattleMission::StageClearMission::CountMission,[Weekly] Clear a stage 2 times.,[Weekly] Clear a stage 2 times.,998,2,{}
79004,79,RMBattleMission::StageClearMission::CountMission,Clear a stage once.,Clear a stage once.,996,1,{}
79005,79,RMBattleMission::StageClearMission::CountMission,Clear a stage 2 times.,Clear a stage 2 times.,995,2,{}
79006,79,RMBattleMission::LevelClearMission::CountMission,Clear Level 1.,Clear Level 1.,994,1,"{""level"": 1}"
79007,79,RMBattleMission::LevelClearMission::CountMission,Clear Level 1 for 2 times.,Clear Level 1 for 2 times.,993,2,"{""level"": 1}"
79008,79,RMBattleMission::LevelClearMission::CountMission,Clear Level 1 for 3 times.,Clear Level 1 for 3 times.,992,3,"{""level"": 1}"
80001,80,RMBattleMission::EntryMission::CountMission,Enter an Ultimate Clash.,Enter an Ultimate Clash.,1000,1,{}
80002,80,RMBattleMission::StageClearMission::CountMission,[Weekly] Clear a stage once.,[Weekly] Clear a stage once.,999,1,{}
80003,80,RMBattleMission::StageClearMission::CountMission,[Weekly] Clear a stage 2 times.,[Weekly] Clear a stage 2 times.,998,2,{}
80004,80,RMBattleMission::StageClearMission::CountMission,[Weekly] Clear a stage 3 times.,[Weekly] Clear a stage 3 times.,997,3,{}
80005,80,RMBattleMission::StageClearMission::CountMission,Clear a stage once.,Clear a stage once.,996,1,{}
80006,80,RMBattleMission::StageClearMission::CountMission,Clear a stage 2 times.,Clear a stage 2 times.,995,2,{}
80007,80,RMBattleMission::StageClearMission::CountMission,Clear a stage 3 times.,Clear a stage 3 times.,994,3,{}
80008,80,RMBattleMission::StageClearMission::CountMission,Clear a stage 4 times.,Clear a stage 4 times.,993,4,{}
80009,80,RMBattleMission::StageClearMission::CountMission,Clear a stage 5 times.,Clear a stage 5 times.,992,5,{}
80010,80,RMBattleMission::StageClearMission::CountMission,Clear a stage 6 times.,Clear a stage 6 times.,991,6,{}
80011,80,RMBattleMission::StageClearMission::CountMission,Clear a stage 7 times.,Clear a stage 7 times.,990,7,{}
80012,80,RMBattleMission::StageClearMission::CountMission,Clear a stage 8 times.,Clear a stage 8 times.,989,8,{}
80013,80,RMBattleMission::StageClearMission::CountMission,Clear a stage 9 times.,Clear a stage 9 times.,988,9,{}
80014,80,RMBattleMission::StageClearMission::CountMission,Clear a stage 10 times.,Clear a stage 10 times.,987,10,{}
80015,80,RMBattleMission::LevelClearMission::CountMission,Clear Level 1.,Clear Level 1.,986,1,"{""level"": 1}"
80016,80,RMBattleMission::LevelClearMission::CountMission,Clear Level 1 for 2 times.,Clear Level 1 for 2 times.,985,2,"{""level"": 1}"
80017,80,RMBattleMission::LevelClearMission::CountMission,Clear Level 1 for 3 times.,Clear Level 1 for 3 times.,984,3,"{""level"": 1}"
80018,80,RMBattleMission::LevelClearMission::CountMission,Clear Level 2.,Clear Level 2.,983,1,"{""level"": 2}"
80019,80,RMBattleMission::LevelClearMission::CountMission,Clear Level 2 for 2 times.,Clear Level 2 for 2 times.,982,2,"{""level"": 2}"
80020,80,RMBattleMission::LevelClearMission::CountMission,Clear Level 2 for 3 times.,Clear Level 2 for 3 times.,981,3,"{""level"": 2}"
80021,80,RMBattleMission::LevelClearMission::CountMission,Clear Level 3.,Clear Level 3.,980,1,"{""level"": 3}"
80022,80,RMBattleMission::LevelClearMission::CountMission,Clear Level 3 for 2 times.,Clear Level 3 for 2 times.,979,2,"{""level"": 3}"
80023,80,RMBattleMission::LevelClearMission::CountMission,Clear Level 3 for 3 times.,Clear Level 3 for 3 times.,978,3,"{""level"": 3}"
80024,80,RMBattleMission::StageFinishMission::RoundPassedMission,[Bonus] Defeat the 1st enemy in Level 1.,[Bonus] Defeat the 1st enemy in Level 1.,976,1,"{""stage_enemy_id"": 8001}"
80025,80,RMBattleMission::LevelClearMission::CountMission,[Bonus] Clear Level 1.,[Bonus] Clear Level 1.,975,1,"{""level"": 1}"
80026,80,RMBattleMission::StageFinishMission::RoundPassedMission,[Bonus] Defeat the 1st enemy in Level 2.,[Bonus] Defeat the 1st enemy in Level 2.,974,1,"{""stage_enemy_id"": 8003}"
80027,80,RMBattleMission::StageFinishMission::RoundPassedMission,[Bonus] Defeat the 2nd enemy in Level 2.,[Bonus] Defeat the 2nd enemy in Level 2.,973,1,"{""stage_enemy_id"": 8004}"
80028,80,RMBattleMission::LevelClearMission::CountMission,[Bonus] Clear Level 2.,[Bonus] Clear Level 2.,972,1,"{""level"": 2}"
80029,80,RMBattleMission::StageFinishMission::RoundPassedMission,[Bonus] Defeat the 1st enemy in Level 3.,[Bonus] Defeat the 1st enemy in Level 3.,971,1,"{""stage_enemy_id"": 8006}"
80030,80,RMBattleMission::StageFinishMission::RoundPassedMission,[Bonus] Defeat the 2nd enemy in Level 3.,[Bonus] Defeat the 2nd enemy in Level 3.,970,1,"{""stage_enemy_id"": 8007}"
80031,80,RMBattleMission::StageFinishMission::RoundPassedMission,[Bonus] Defeat the 3rd enemy in Level 3.,[Bonus] Defeat the 3rd enemy in Level 3.,969,1,"{""stage_enemy_id"": 8008}"
80032,80,RMBattleMission::StageFinishMission::RoundPassedMission,[Bonus] Defeat the 4th enemy in Level 3.,[Bonus] Defeat the 4th enemy in Level 3.,968,1,"{""stage_enemy_id"": 8009}"
80033,80,RMBattleMission::LevelClearMission::CountMission,[Bonus] Clear Level 3.,[Bonus] Clear Level 3.,967,1,"{""level"": 3}"
81001,81,RMBattleMission::EntryMission::CountMission,Enter an Ultimate Clash.,Enter an Ultimate Clash.,1000,1,{}
81002,81,RMBattleMission::StageClearMission::CountMission,[Weekly] Clear a stage once.,[Weekly] Clear a stage once.,999,1,{}
81003,81,RMBattleMission::StageClearMission::CountMission,[Weekly] Clear a stage 2 times.,[Weekly] Clear a stage 2 times.,998,2,{}
81004,81,RMBattleMission::StageClearMission::CountMission,[Weekly] Clear a stage 3 times.,[Weekly] Clear a stage 3 times.,997,3,{}
81005,81,RMBattleMission::StageClearMission::CountMission,Clear a stage once.,Clear a stage once.,996,1,{}
81006,81,RMBattleMission::StageClearMission::CountMission,Clear a stage 2 times.,Clear a stage 2 times.,995,2,{}
81007,81,RMBattleMission::StageClearMission::CountMission,Clear a stage 3 times.,Clear a stage 3 times.,994,3,{}
81008,81,RMBattleMission::StageClearMission::CountMission,Clear a stage 4 times.,Clear a stage 4 times.,993,4,{}
81009,81,RMBattleMission::StageClearMission::CountMission,Clear a stage 5 times.,Clear a stage 5 times.,992,5,{}
81010,81,RMBattleMission::StageClearMission::CountMission,Clear a stage 6 times.,Clear a stage 6 times.,991,6,{}
81011,81,RMBattleMission::StageClearMission::CountMission,Clear a stage 7 times.,Clear a stage 7 times.,990,7,{}
81012,81,RMBattleMission::StageClearMission::CountMission,Clear a stage 8 times.,Clear a stage 8 times.,989,8,{}
81013,81,RMBattleMission::StageClearMission::CountMission,Clear a stage 9 times.,Clear a stage 9 times.,988,9,{}
81014,81,RMBattleMission::StageClearMission::CountMission,Clear a stage 10 times.,Clear a stage 10 times.,987,10,{}
81015,81,RMBattleMission::LevelClearMission::CountMission,Clear Level 1.,Clear Level 1.,986,1,"{""level"": 1}"
81016,81,RMBattleMission::LevelClearMission::CountMission,Clear Level 1 for 2 times.,Clear Level 1 for 2 times.,985,2,"{""level"": 1}"
81017,81,RMBattleMission::LevelClearMission::CountMission,Clear Level 1 for 3 times.,Clear Level 1 for 3 times.,984,3,"{""level"": 1}"
81018,81,RMBattleMission::LevelClearMission::CountMission,Clear Level 2.,Clear Level 2.,983,1,"{""level"": 2}"
81019,81,RMBattleMission::LevelClearMission::CountMission,Clear Level 2 for 2 times.,Clear Level 2 for 2 times.,982,2,"{""level"": 2}"
81020,81,RMBattleMission::LevelClearMission::CountMission,Clear Level 2 for 3 times.,Clear Level 2 for 3 times.,981,3,"{""level"": 2}"
81021,81,RMBattleMission::LevelClearMission::CountMission,Clear Level 3.,Clear Level 3.,980,1,"{""level"": 3}"
81022,81,RMBattleMission::LevelClearMission::CountMission,Clear Level 3 for 2 times.,Clear Level 3 for 2 times.,979,2,"{""level"": 3}"
81023,81,RMBattleMission::LevelClearMission::CountMission,Clear Level 3 for 3 times.,Clear Level 3 for 3 times.,978,3,"{""level"": 3}"
81024,81,RMBattleMission::StageFinishMission::RoundPassedMission,[Bonus] Defeat the 1st enemy in Level 1.,[Bonus] Defeat the 1st enemy in Level 1.,976,1,"{""stage_enemy_id"": 8101}"
81025,81,RMBattleMission::LevelClearMission::CountMission,[Bonus] Clear Level 1.,[Bonus] Clear Level 1.,975,1,"{""level"": 1}"
81026,81,RMBattleMission::StageFinishMission::RoundPassedMission,[Bonus] Defeat the 1st enemy in Level 2.,[Bonus] Defeat the 1st enemy in Level 2.,974,1,"{""stage_enemy_id"": 8103}"
81027,81,RMBattleMission::StageFinishMission::RoundPassedMission,[Bonus] Defeat the 2nd enemy in Level 2.,[Bonus] Defeat the 2nd enemy in Level 2.,973,1,"{""stage_enemy_id"": 8104}"
81028,81,RMBattleMission::LevelClearMission::CountMission,[Bonus] Clear Level 2.,[Bonus] Clear Level 2.,972,1,"{""level"": 2}"
81029,81,RMBattleMission::StageFinishMission::RoundPassedMission,[Bonus] Defeat the 1st enemy in Level 3.,[Bonus] Defeat the 1st enemy in Level 3.,971,1,"{""stage_enemy_id"": 8106}"
81030,81,RMBattleMission::StageFinishMission::RoundPassedMission,[Bonus] Defeat the 2nd enemy in Level 3.,[Bonus] Defeat the 2nd enemy in Level 3.,970,1,"{""stage_enemy_id"": 8107}"
81031,81,RMBattleMission::StageFinishMission::RoundPassedMission,[Bonus] Defeat the 3rd enemy in Level 3.,[Bonus] Defeat the 3rd enemy in Level 3.,969,1,"{""stage_enemy_id"": 8108}"
81032,81,RMBattleMission::StageFinishMission::RoundPassedMission,[Bonus] Defeat the 4th enemy in Level 3.,[Bonus] Defeat the 4th enemy in Level 3.,968,1,"{""stage_enemy_id"": 8109}"
81033,81,RMBattleMission::LevelClearMission::CountMission,[Bonus] Clear Level 3.,[Bonus] Clear Level 3.,967,1,"{""level"": 3}"
82001,82,RMBattleMission::EntryMission::CountMission,Enter an Ultimate Clash.,Enter an Ultimate Clash.,1000,1,{}
82002,82,RMBattleMission::StageClearMission::CountMission,[Weekly] Clear a stage once.,[Weekly] Clear a stage once.,999,1,{}
82003,82,RMBattleMission::StageClearMission::CountMission,[Weekly] Clear a stage 2 times.,[Weekly] Clear a stage 2 times.,998,2,{}
82004,82,RMBattleMission::StageClearMission::CountMission,[Weekly] Clear a stage 3 times.,[Weekly] Clear a stage 3 times.,997,3,{}
82005,82,RMBattleMission::StageClearMission::CountMission,Clear a stage once.,Clear a stage once.,996,1,{}
82006,82,RMBattleMission::StageClearMission::CountMission,Clear a stage 2 times.,Clear a stage 2 times.,995,2,{}
82007,82,RMBattleMission::StageClearMission::CountMission,Clear a stage 3 times.,Clear a stage 3 times.,994,3,{}
82008,82,RMBattleMission::StageClearMission::CountMission,Clear a stage 4 times.,Clear a stage 4 times.,993,4,{}
82009,82,RMBattleMission::StageClearMission::CountMission,Clear a stage 5 times.,Clear a stage 5 times.,992,5,{}
82010,82,RMBattleMission::StageClearMission::CountMission,Clear a stage 6 times.,Clear a stage 6 times.,991,6,{}
82011,82,RMBattleMission::StageClearMission::CountMission,Clear a stage 7 times.,Clear a stage 7 times.,990,7,{}
82012,82,RMBattleMission::StageClearMission::CountMission,Clear a stage 8 times.,Clear a stage 8 times.,989,8,{}
82013,82,RMBattleMission::StageClearMission::CountMission,Clear a stage 9 times.,Clear a stage 9 times.,988,9,{}
82014,82,RMBattleMission::StageClearMission::CountMission,Clear a stage 10 times.,Clear a stage 10 times.,987,10,{}
82015,82,RMBattleMission::LevelClearMission::CountMission,Clear Level 1.,Clear Level 1.,986,1,"{""level"": 1}"
82016,82,RMBattleMission::LevelClearMission::CountMission,Clear Level 1 for 2 times.,Clear Level 1 for 2 times.,985,2,"{""level"": 1}"
82017,82,RMBattleMission::LevelClearMission::CountMission,Clear Level 1 for 3 times.,Clear Level 1 for 3 times.,984,3,"{""level"": 1}"
82018,82,RMBattleMission::LevelClearMission::CountMission,Clear Level 2.,Clear Level 2.,983,1,"{""level"": 2}"
82019,82,RMBattleMission::LevelClearMission::CountMission,Clear Level 2 for 2 times.,Clear Level 2 for 2 times.,982,2,"{""level"": 2}"
82020,82,RMBattleMission::LevelClearMission::CountMission,Clear Level 2 for 3 times.,Clear Level 2 for 3 times.,981,3,"{""level"": 2}"
82021,82,RMBattleMission::LevelClearMission::CountMission,Clear Level 3.,Clear Level 3.,980,1,"{""level"": 3}"
82022,82,RMBattleMission::LevelClearMission::CountMission,Clear Level 3 for 2 times.,Clear Level 3 for 2 times.,979,2,"{""level"": 3}"
82023,82,RMBattleMission::LevelClearMission::CountMission,Clear Level 3 for 3 times.,Clear Level 3 for 3 times.,978,3,"{""level"": 3}"
82024,82,RMBattleMission::StageFinishMission::RoundPassedMission,[Bonus] Defeat the 1st enemy in Level 1.,[Bonus] Defeat the 1st enemy in Level 1.,976,1,"{""stage_enemy_id"": 8201}"
82025,82,RMBattleMission::LevelClearMission::CountMission,[Bonus] Clear Level 1.,[Bonus] Clear Level 1.,975,1,"{""level"": 1}"
82026,82,RMBattleMission::StageFinishMission::RoundPassedMission,[Bonus] Defeat the 1st enemy in Level 2.,[Bonus] Defeat the 1st enemy in Level 2.,974,1,"{""stage_enemy_id"": 8203}"
82027,82,RMBattleMission::StageFinishMission::RoundPassedMission,[Bonus] Defeat the 2nd enemy in Level 2.,[Bonus] Defeat the 2nd enemy in Level 2.,973,1,"{""stage_enemy_id"": 8204}"
82028,82,RMBattleMission::LevelClearMission::CountMission,[Bonus] Clear Level 2.,[Bonus] Clear Level 2.,972,1,"{""level"": 2}"
82029,82,RMBattleMission::StageFinishMission::RoundPassedMission,[Bonus] Defeat the 1st enemy in Level 3.,[Bonus] Defeat the 1st enemy in Level 3.,971,1,"{""stage_enemy_id"": 8206}"
82030,82,RMBattleMission::StageFinishMission::RoundPassedMission,[Bonus] Defeat the 2nd enemy in Level 3.,[Bonus] Defeat the 2nd enemy in Level 3.,970,1,"{""stage_enemy_id"": 8207}"
82031,82,RMBattleMission::StageFinishMission::RoundPassedMission,[Bonus] Defeat the 3rd enemy in Level 3.,[Bonus] Defeat the 3rd enemy in Level 3.,969,1,"{""stage_enemy_id"": 8208}"
82032,82,RMBattleMission::StageFinishMission::RoundPassedMission,[Bonus] Defeat the 4th enemy in Level 3.,[Bonus] Defeat the 4th enemy in Level 3.,968,1,"{""stage_enemy_id"": 8209}"
82033,82,RMBattleMission::LevelClearMission::CountMission,[Bonus] Clear Level 3.,[Bonus] Clear Level 3.,967,1,"{""level"": 3}"
83001,83,RMBattleMission::EntryMission::CountMission,Enter an Ultimate Clash.,Enter an Ultimate Clash.,1000,1,{}
83002,83,RMBattleMission::StageClearMission::CountMission,[Weekly] Clear a stage once.,[Weekly] Clear a stage once.,999,1,{}
83003,83,RMBattleMission::StageClearMission::CountMission,[Weekly] Clear a stage 2 times.,[Weekly] Clear a stage 2 times.,998,2,{}
83004,83,RMBattleMission::StageClearMission::CountMission,[Weekly] Clear a stage 3 times.,[Weekly] Clear a stage 3 times.,997,3,{}
83005,83,RMBattleMission::StageClearMission::CountMission,Clear a stage once.,Clear a stage once.,996,1,{}
83006,83,RMBattleMission::StageClearMission::CountMission,Clear a stage 2 times.,Clear a stage 2 times.,995,2,{}
83007,83,RMBattleMission::StageClearMission::CountMission,Clear a stage 3 times.,Clear a stage 3 times.,994,3,{}
83008,83,RMBattleMission::StageClearMission::CountMission,Clear a stage 4 times.,Clear a stage 4 times.,993,4,{}
83009,83,RMBattleMission::StageClearMission::CountMission,Clear a stage 5 times.,Clear a stage 5 times.,992,5,{}
83010,83,RMBattleMission::StageClearMission::CountMission,Clear a stage 6 times.,Clear a stage 6 times.,991,6,{}
83011,83,RMBattleMission::StageClearMission::CountMission,Clear a stage 7 times.,Clear a stage 7 times.,990,7,{}
83012,83,RMBattleMission::StageClearMission::CountMission,Clear a stage 8 times.,Clear a stage 8 times.,989,8,{}
83013,83,RMBattleMission::StageClearMission::CountMission,Clear a stage 9 times.,Clear a stage 9 times.,988,9,{}
83014,83,RMBattleMission::StageClearMission::CountMission,Clear a stage 10 times.,Clear a stage 10 times.,987,10,{}
83015,83,RMBattleMission::LevelClearMission::CountMission,Clear Level 1.,Clear Level 1.,986,1,"{""level"": 1}"
83016,83,RMBattleMission::LevelClearMission::CountMission,Clear Level 1 for 2 times.,Clear Level 1 for 2 times.,985,2,"{""level"": 1}"
83017,83,RMBattleMission::LevelClearMission::CountMission,Clear Level 1 for 3 times.,Clear Level 1 for 3 times.,984,3,"{""level"": 1}"
83018,83,RMBattleMission::LevelClearMission::CountMission,Clear Level 2.,Clear Level 2.,983,1,"{""level"": 2}"
83019,83,RMBattleMission::LevelClearMission::CountMission,Clear Level 2 for 2 times.,Clear Level 2 for 2 times.,982,2,"{""level"": 2}"
83020,83,RMBattleMission::LevelClearMission::CountMission,Clear Level 2 for 3 times.,Clear Level 2 for 3 times.,981,3,"{""level"": 2}"
83021,83,RMBattleMission::LevelClearMission::CountMission,Clear Level 3.,Clear Level 3.,980,1,"{""level"": 3}"
83022,83,RMBattleMission::LevelClearMission::CountMission,Clear Level 3 for 2 times.,Clear Level 3 for 2 times.,979,2,"{""level"": 3}"
83023,83,RMBattleMission::LevelClearMission::CountMission,Clear Level 3 for 3 times.,Clear Level 3 for 3 times.,978,3,"{""level"": 3}"
84001,84,RMBattleMission::EntryMission::CountMission,Enter an Ultimate Clash.,Enter an Ultimate Clash.,1000,1,{}
84002,84,RMBattleMission::StageClearMission::CountMission,[Weekly] Clear a stage once.,[Weekly] Clear a stage once.,999,1,{}
84003,84,RMBattleMission::StageClearMission::CountMission,[Weekly] Clear a stage 2 times.,[Weekly] Clear a stage 2 times.,998,2,{}
84004,84,RMBattleMission::StageClearMission::CountMission,[Weekly] Clear a stage 3 times.,[Weekly] Clear a stage 3 times.,997,3,{}
84005,84,RMBattleMission::StageClearMission::CountMission,Clear a stage once.,Clear a stage once.,996,1,{}
84006,84,RMBattleMission::StageClearMission::CountMission,Clear a stage 2 times.,Clear a stage 2 times.,995,2,{}
84007,84,RMBattleMission::StageClearMission::CountMission,Clear a stage 3 times.,Clear a stage 3 times.,994,3,{}
84008,84,RMBattleMission::StageClearMission::CountMission,Clear a stage 4 times.,Clear a stage 4 times.,993,4,{}
84009,84,RMBattleMission::StageClearMission::CountMission,Clear a stage 5 times.,Clear a stage 5 times.,992,5,{}
84010,84,RMBattleMission::StageClearMission::CountMission,Clear a stage 6 times.,Clear a stage 6 times.,991,6,{}
84011,84,RMBattleMission::StageClearMission::CountMission,Clear a stage 7 times.,Clear a stage 7 times.,990,7,{}
84012,84,RMBattleMission::StageClearMission::CountMission,Clear a stage 8 times.,Clear a stage 8 times.,989,8,{}
84013,84,RMBattleMission::StageClearMission::CountMission,Clear a stage 9 times.,Clear a stage 9 times.,988,9,{}
84014,84,RMBattleMission::LevelClearMission::CountMission,Clear Level 1.,Clear Level 1.,986,1,"{""level"": 1}"
84015,84,RMBattleMission::LevelClearMission::CountMission,Clear Level 1 for 2 times.,Clear Level 1 for 2 times.,985,2,"{""level"": 1}"
84016,84,RMBattleMission::LevelClearMission::CountMission,Clear Level 1 for 3 times.,Clear Level 1 for 3 times.,984,3,"{""level"": 1}"
84017,84,RMBattleMission::LevelClearMission::CountMission,Clear Level 2.,Clear Level 2.,983,1,"{""level"": 2}"
84018,84,RMBattleMission::LevelClearMission::CountMission,Clear Level 2 for 2 times.,Clear Level 2 for 2 times.,982,2,"{""level"": 2}"
84019,84,RMBattleMission::LevelClearMission::CountMission,Clear Level 2 for 3 times.,Clear Level 2 for 3 times.,981,3,"{""level"": 2}"
84020,84,RMBattleMission::LevelClearMission::CountMission,Clear Level 3.,Clear Level 3.,980,1,"{""level"": 3}"
84021,84,RMBattleMission::LevelClearMission::CountMission,Clear Level 3 for 2 times.,Clear Level 3 for 2 times.,979,2,"{""level"": 3}"
84022,84,RMBattleMission::LevelClearMission::CountMission,Clear Level 3 for 3 times.,Clear Level 3 for 3 times.,978,3,"{""level"": 3}"
85001,85,RMBattleMission::EntryMission::CountMission,Enter an Ultimate Clash.,Enter an Ultimate Clash.,1000,1,{}
85002,85,RMBattleMission::StageClearMission::CountMission,[Weekly] Clear a stage once.,[Weekly] Clear a stage once.,999,1,{}
85003,85,RMBattleMission::StageClearMission::CountMission,[Weekly] Clear a stage 2 times.,[Weekly] Clear a stage 2 times.,998,2,{}
85004,85,RMBattleMission::StageClearMission::CountMission,[Weekly] Clear a stage 3 times.,[Weekly] Clear a stage 3 times.,997,3,{}
85005,85,RMBattleMission::StageClearMission::CountMission,Clear a stage once.,Clear a stage once.,996,1,{}
85006,85,RMBattleMission::StageClearMission::CountMission,Clear a stage 2 times.,Clear a stage 2 times.,995,2,{}
85007,85,RMBattleMission::StageClearMission::CountMission,Clear a stage 3 times.,Clear a stage 3 times.,994,3,{}
85008,85,RMBattleMission::LevelClearMission::CountMission,Clear Level 1.,Clear Level 1.,986,1,"{""level"": 1}"
85009,85,RMBattleMission::LevelClearMission::CountMission,Clear Level 1 for 2 times.,Clear Level 1 for 2 times.,985,2,"{""level"": 1}"
85010,85,RMBattleMission::LevelClearMission::CountMission,Clear Level 1 for 3 times.,Clear Level 1 for 3 times.,984,3,"{""level"": 1}"
86001,86,RMBattleMission::EntryMission::CountMission,Enter an Ultimate Clash.,Enter an Ultimate Clash.,1000,1,{}
86002,86,RMBattleMission::StageClearMission::CountMission,[Weekly] Clear a stage once.,[Weekly] Clear a stage once.,999,1,{}
86003,86,RMBattleMission::StageClearMission::CountMission,[Weekly] Clear a stage 2 times.,[Weekly] Clear a stage 2 times.,998,2,{}
86004,86,RMBattleMission::StageClearMission::CountMission,[Weekly] Clear a stage 3 times.,[Weekly] Clear a stage 3 times.,997,3,{}
86005,86,RMBattleMission::StageClearMission::CountMission,Clear a stage once.,Clear a stage once.,996,1,{}
86006,86,RMBattleMission::StageClearMission::CountMission,Clear a stage 2 times.,Clear a stage 2 times.,995,2,{}
86007,86,RMBattleMission::StageClearMission::CountMission,Clear a stage 3 times.,Clear a stage 3 times.,994,3,{}
86008,86,RMBattleMission::StageClearMission::CountMission,Clear a stage 4 times.,Clear a stage 4 times.,993,4,{}
86009,86,RMBattleMission::StageClearMission::CountMission,Clear a stage 5 times.,Clear a stage 5 times.,992,5,{}
86010,86,RMBattleMission::StageClearMission::CountMission,Clear a stage 6 times.,Clear a stage 6 times.,991,6,{}
86011,86,RMBattleMission::StageClearMission::CountMission,Clear a stage 7 times.,Clear a stage 7 times.,990,7,{}
86012,86,RMBattleMission::StageClearMission::CountMission,Clear a stage 8 times.,Clear a stage 8 times.,989,8,{}
86013,86,RMBattleMission::StageClearMission::CountMission,Clear a stage 9 times.,Clear a stage 9 times.,988,9,{}
86014,86,RMBattleMission::StageClearMission::CountMission,Clear a stage 10 times.,Clear a stage 10 times.,987,10,{}
86015,86,RMBattleMission::LevelClearMission::CountMission,Clear Level 1.,Clear Level 1.,986,1,"{""level"": 1}"
86016,86,RMBattleMission::LevelClearMission::CountMission,Clear Level 1 for 2 times.,Clear Level 1 for 2 times.,985,2,"{""level"": 1}"
86017,86,RMBattleMission::LevelClearMission::CountMission,Clear Level 1 for 3 times.,Clear Level 1 for 3 times.,984,3,"{""level"": 1}"
86018,86,RMBattleMission::LevelClearMission::CountMission,Clear Level 2.,Clear Level 2.,983,1,"{""level"": 2}"
86019,86,RMBattleMission::LevelClearMission::CountMission,Clear Level 2 for 2 times.,Clear Level 2 for 2 times.,982,2,"{""level"": 2}"
86020,86,RMBattleMission::LevelClearMission::CountMission,Clear Level 2 for 3 times.,Clear Level 2 for 3 times.,981,3,"{""level"": 2}"
86021,86,RMBattleMission::LevelClearMission::CountMission,Clear Level 3.,Clear Level 3.,980,1,"{""level"": 3}"
86022,86,RMBattleMission::LevelClearMission::CountMission,Clear Level 3 for 2 times.,Clear Level 3 for 2 times.,979,2,"{""level"": 3}"
86023,86,RMBattleMission::LevelClearMission::CountMission,Clear Level 3 for 3 times.,Clear Level 3 for 3 times.,978,3,"{""level"": 3}"
87001,87,RMBattleMission::EntryMission::CountMission,Enter an Ultimate Clash.,Enter an Ultimate Clash.,1000,1,{}
87002,87,RMBattleMission::StageClearMission::CountMission,[Weekly] Clear a stage once.,[Weekly] Clear a stage once.,999,1,{}
87003,87,RMBattleMission::StageClearMission::CountMission,[Weekly] Clear a stage 2 times.,[Weekly] Clear a stage 2 times.,998,2,{}
87004,87,RMBattleMission::StageClearMission::CountMission,[Weekly] Clear a stage 3 times.,[Weekly] Clear a stage 3 times.,997,3,{}
87005,87,RMBattleMission::StageClearMission::CountMission,Clear a stage once.,Clear a stage once.,996,1,{}
87006,87,RMBattleMission::StageClearMission::CountMission,Clear a stage 2 times.,Clear a stage 2 times.,995,2,{}
87007,87,RMBattleMission::StageClearMission::CountMission,Clear a stage 3 times.,Clear a stage 3 times.,994,3,{}
87008,87,RMBattleMission::StageClearMission::CountMission,Clear a stage 4 times.,Clear a stage 4 times.,993,4,{}
87009,87,RMBattleMission::StageClearMission::CountMission,Clear a stage 5 times.,Clear a stage 5 times.,992,5,{}
87010,87,RMBattleMission::StageClearMission::CountMission,Clear a stage 6 times.,Clear a stage 6 times.,991,6,{}
87011,87,RMBattleMission::StageClearMission::CountMission,Clear a stage 7 times.,Clear a stage 7 times.,990,7,{}
87012,87,RMBattleMission::StageClearMission::CountMission,Clear a stage 8 times.,Clear a stage 8 times.,989,8,{}
87013,87,RMBattleMission::StageClearMission::CountMission,Clear a stage 9 times.,Clear a stage 9 times.,988,9,{}
87014,87,RMBattleMission::StageClearMission::CountMission,Clear a stage 10 times.,Clear a stage 10 times.,987,10,{}
87015,87,RMBattleMission::LevelClearMission::CountMission,Clear Level 1.,Clear Level 1.,986,1,"{""level"": 1}"
87016,87,RMBattleMission::LevelClearMission::CountMission,Clear Level 1 for 2 times.,Clear Level 1 for 2 times.,985,2,"{""level"": 1}"
87017,87,RMBattleMission::LevelClearMission::CountMission,Clear Level 1 for 3 times.,Clear Level 1 for 3 times.,984,3,"{""level"": 1}"
87018,87,RMBattleMission::LevelClearMission::CountMission,Clear Level 2.,Clear Level 2.,983,1,"{""level"": 2}"
87019,87,RMBattleMission::LevelClearMission::CountMission,Clear Level 2 for 2 times.,Clear Level 2 for 2 times.,982,2,"{""level"": 2}"
87020,87,RMBattleMission::LevelClearMission::CountMission,Clear Level 2 for 3 times.,Clear Level 2 for 3 times.,981,3,"{""level"": 2}"
87021,87,RMBattleMission::LevelClearMission::CountMission,Clear Level 3.,Clear Level 3.,980,1,"{""level"": 3}"
87022,87,RMBattleMission::LevelClearMission::CountMission,Clear Level 3 for 2 times.,Clear Level 3 for 2 times.,979,2,"{""level"": 3}"
87023,87,RMBattleMission::LevelClearMission::CountMission,Clear Level 3 for 3 times.,Clear Level 3 for 3 times.,978,3,"{""level"": 3}"
88001,88,RMBattleMission::EntryMission::CountMission,Enter an Ultimate Clash.,Enter an Ultimate Clash.,1000,1,{}
88002,88,RMBattleMission::StageClearMission::CountMission,[Weekly] Clear a stage once.,[Weekly] Clear a stage once.,999,1,{}
88003,88,RMBattleMission::StageClearMission::CountMission,[Weekly] Clear a stage 2 times.,[Weekly] Clear a stage 2 times.,998,2,{}
88004,88,RMBattleMission::StageClearMission::CountMission,[Weekly] Clear a stage 3 times.,[Weekly] Clear a stage 3 times.,997,3,{}
88005,88,RMBattleMission::StageClearMission::CountMission,Clear a stage once.,Clear a stage once.,996,1,{}
88006,88,RMBattleMission::StageClearMission::CountMission,Clear a stage 2 times.,Clear a stage 2 times.,995,2,{}
88007,88,RMBattleMission::StageClearMission::CountMission,Clear a stage 3 times.,Clear a stage 3 times.,994,3,{}
88008,88,RMBattleMission::StageClearMission::CountMission,Clear a stage 4 times.,Clear a stage 4 times.,993,4,{}
88009,88,RMBattleMission::StageClearMission::CountMission,Clear a stage 5 times.,Clear a stage 5 times.,992,5,{}
88010,88,RMBattleMission::StageClearMission::CountMission,Clear a stage 6 times.,Clear a stage 6 times.,991,6,{}
88011,88,RMBattleMission::StageClearMission::CountMission,Clear a stage 7 times.,Clear a stage 7 times.,990,7,{}
88012,88,RMBattleMission::StageClearMission::CountMission,Clear a stage 8 times.,Clear a stage 8 times.,989,8,{}
88013,88,RMBattleMission::StageClearMission::CountMission,Clear a stage 9 times.,Clear a stage 9 times.,988,9,{}
88014,88,RMBattleMission::StageClearMission::CountMission,Clear a stage 10 times.,Clear a stage 10 times.,987,10,{}
88015,88,RMBattleMission::LevelClearMission::CountMission,Clear Level 1.,Clear Level 1.,986,1,"{""level"": 1}"
88016,88,RMBattleMission::LevelClearMission::CountMission,Clear Level 1 for 2 times.,Clear Level 1 for 2 times.,985,2,"{""level"": 1}"
88017,88,RMBattleMission::LevelClearMission::CountMission,Clear Level 1 for 3 times.,Clear Level 1 for 3 times.,984,3,"{""level"": 1}"
88018,88,RMBattleMission::LevelClearMission::CountMission,Clear Level 2.,Clear Level 2.,983,1,"{""level"": 2}"
88019,88,RMBattleMission::LevelClearMission::CountMission,Clear Level 2 for 2 times.,Clear Level 2 for 2 times.,982,2,"{""level"": 2}"
88020,88,RMBattleMission::LevelClearMission::CountMission,Clear Level 2 for 3 times.,Clear Level 2 for 3 times.,981,3,"{""level"": 2}"
88021,88,RMBattleMission::LevelClearMission::CountMission,Clear Level 3.,Clear Level 3.,980,1,"{""level"": 3}"
88022,88,RMBattleMission::LevelClearMission::CountMission,Clear Level 3 for 2 times.,Clear Level 3 for 2 times.,979,2,"{""level"": 3}"
88023,88,RMBattleMission::LevelClearMission::CountMission,Clear Level 3 for 3 times.,Clear Level 3 for 3 times.,978,3,"{""level"": 3}"
89001,89,RMBattleMission::EntryMission::CountMission,Enter an Ultimate Clash.,Enter an Ultimate Clash.,1000,1,{}
89002,89,RMBattleMission::StageClearMission::CountMission,[Weekly] Clear a stage once.,[Weekly] Clear a stage once.,999,1,{}
89003,89,RMBattleMission::StageClearMission::CountMission,[Weekly] Clear a stage 2 times.,[Weekly] Clear a stage 2 times.,998,2,{}
89004,89,RMBattleMission::StageClearMission::CountMission,[Weekly] Clear a stage 3 times.,[Weekly] Clear a stage 3 times.,997,3,{}
89005,89,RMBattleMission::StageClearMission::CountMission,Clear a stage once.,Clear a stage once.,996,1,{}
89006,89,RMBattleMission::StageClearMission::CountMission,Clear a stage 2 times.,Clear a stage 2 times.,995,2,{}
89007,89,RMBattleMission::StageClearMission::CountMission,Clear a stage 3 times.,Clear a stage 3 times.,994,3,{}
89008,89,RMBattleMission::StageClearMission::CountMission,Clear a stage 4 times.,Clear a stage 4 times.,993,4,{}
89009,89,RMBattleMission::StageClearMission::CountMission,Clear a stage 5 times.,Clear a stage 5 times.,992,5,{}
89010,89,RMBattleMission::StageClearMission::CountMission,Clear a stage 6 times.,Clear a stage 6 times.,991,6,{}
89011,89,RMBattleMission::StageClearMission::CountMission,Clear a stage 7 times.,Clear a stage 7 times.,990,7,{}
89012,89,RMBattleMission::StageClearMission::CountMission,Clear a stage 8 times.,Clear a stage 8 times.,989,8,{}
89013,89,RMBattleMission::StageClearMission::CountMission,Clear a stage 9 times.,Clear a stage 9 times.,988,9,{}
89014,89,RMBattleMission::StageClearMission::CountMission,Clear a stage 10 times.,Clear a stage 10 times.,987,10,{}
89015,89,RMBattleMission::LevelClearMission::CountMission,Clear Level 1.,Clear Level 1.,986,1,"{""level"": 1}"
89016,89,RMBattleMission::LevelClearMission::CountMission,Clear Level 1 for 2 times.,Clear Level 1 for 2 times.,985,2,"{""level"": 1}"
89017,89,RMBattleMission::LevelClearMission::CountMission,Clear Level 1 for 3 times.,Clear Level 1 for 3 times.,984,3,"{""level"": 1}"
89018,89,RMBattleMission::LevelClearMission::CountMission,Clear Level 2.,Clear Level 2.,983,1,"{""level"": 2}"
89019,89,RMBattleMission::LevelClearMission::CountMission,Clear Level 2 for 2 times.,Clear Level 2 for 2 times.,982,2,"{""level"": 2}"
89020,89,RMBattleMission::LevelClearMission::CountMission,Clear Level 2 for 3 times.,Clear Level 2 for 3 times.,981,3,"{""level"": 2}"
89021,89,RMBattleMission::LevelClearMission::CountMission,Clear Level 3.,Clear Level 3.,980,1,"{""level"": 3}"
89022,89,RMBattleMission::LevelClearMission::CountMission,Clear Level 3 for 2 times.,Clear Level 3 for 2 times.,979,2,"{""level"": 3}"
89023,89,RMBattleMission::LevelClearMission::CountMission,Clear Level 3 for 3 times.,Clear Level 3 for 3 times.,978,3,"{""level"": 3}"
90001,90,RMBattleMission::EntryMission::CountMission,Enter an Ultimate Clash.,Enter an Ultimate Clash.,1000,1,{}
90002,90,RMBattleMission::StageClearMission::CountMission,Clear a stage once.,Clear a stage once.,999,1,{}
90003,90,RMBattleMission::StageClearMission::CountMission,Clear a stage 2 times.,Clear a stage 2 times.,998,2,{}
90004,90,RMBattleMission::StageClearMission::CountMission,Clear a stage 3 times.,Clear a stage 3 times.,997,3,{}
90005,90,RMBattleMission::StageClearMission::CountMission,Clear a stage 4 times.,Clear a stage 4 times.,996,4,{}
90006,90,RMBattleMission::StageClearMission::CountMission,Clear a stage 5 times.,Clear a stage 5 times.,995,5,{}
90007,90,RMBattleMission::StageClearMission::CountMission,Clear a stage 6 times.,Clear a stage 6 times.,994,6,{}
90008,90,RMBattleMission::StageClearMission::CountMission,Clear a stage 7 times.,Clear a stage 7 times.,993,7,{}
90009,90,RMBattleMission::StageClearMission::CountMission,Clear a stage 8 times.,Clear a stage 8 times.,992,8,{}
90010,90,RMBattleMission::StageClearMission::CountMission,Clear a stage 9 times.,Clear a stage 9 times.,991,9,{}
90011,90,RMBattleMission::StageFinishMission::RoundPassedMission,Defeat Super Vegito.,Defeat Super Vegito.,990,1,"{""stage_enemy_id"": 9003}"
90012,90,RMBattleMission::LevelClearMission::CountMission,Clear Level 1.,Clear Level 1.,989,1,"{""level"": 1}"
90013,90,RMBattleMission::LevelClearMission::CountMission,Clear Level 1 for 2 times.,Clear Level 1 for 2 times.,988,2,"{""level"": 1}"
90014,90,RMBattleMission::LevelClearMission::CountMission,Clear Level 1 for 3 times.,Clear Level 1 for 3 times.,987,3,"{""level"": 1}"
91001,91,RMBattleMission::EntryMission::CountMission,Enter an Ultimate Clash.,Enter an Ultimate Clash.,1000,1,{}
91002,91,RMBattleMission::StageClearMission::CountMission,Clear a stage once.,Clear a stage once.,999,1,{}
91003,91,RMBattleMission::StageClearMission::CountMission,Clear a stage 2 times.,Clear a stage 2 times.,998,2,{}
91004,91,RMBattleMission::StageClearMission::CountMission,Clear a stage 3 times.,Clear a stage 3 times.,997,3,{}
91005,91,RMBattleMission::StageClearMission::CountMission,Clear a stage 4 times.,Clear a stage 4 times.,996,4,{}
91006,91,RMBattleMission::StageClearMission::CountMission,Clear a stage 5 times.,Clear a stage 5 times.,995,5,{}
91007,91,RMBattleMission::StageClearMission::CountMission,Clear a stage 6 times.,Clear a stage 6 times.,994,6,{}
91008,91,RMBattleMission::StageClearMission::CountMission,Clear a stage 7 times.,Clear a stage 7 times.,993,7,{}
91009,91,RMBattleMission::StageClearMission::CountMission,Clear a stage 8 times.,Clear a stage 8 times.,992,8,{}
91010,91,RMBattleMission::StageClearMission::CountMission,Clear a stage 9 times.,Clear a stage 9 times.,991,9,{}
91011,91,RMBattleMission::StageFinishMission::RoundPassedMission,Defeat Super Gogeta.,Defeat Super Gogeta.,990,1,"{""stage_enemy_id"": 9103}"
91012,91,RMBattleMission::LevelClearMission::CountMission,Clear Level 1.,Clear Level 1.,989,1,"{""level"": 1}"
91013,91,RMBattleMission::LevelClearMission::CountMission,Clear Level 1 for 2 times.,Clear Level 1 for 2 times.,988,2,"{""level"": 1}"
91014,91,RMBattleMission::LevelClearMission::CountMission,Clear Level 1 for 3 times.,Clear Level 1 for 3 times.,987,3,"{""level"": 1}"
92001,92,RMBattleMission::EntryMission::CountMission,Enter an Ultimate Clash.,Enter an Ultimate Clash.,1000,1,{}
92002,92,RMBattleMission::StageClearMission::CountMission,[Weekly] Clear a stage once.,[Weekly] Clear a stage once.,999,1,{}
92003,92,RMBattleMission::StageClearMission::CountMission,[Weekly] Clear a stage 2 times.,[Weekly] Clear a stage 2 times.,998,2,{}
92004,92,RMBattleMission::StageClearMission::CountMission,[Weekly] Clear a stage 3 times.,[Weekly] Clear a stage 3 times.,997,3,{}
92005,92,RMBattleMission::StageClearMission::CountMission,Clear a stage once.,Clear a stage once.,996,1,{}
92006,92,RMBattleMission::StageClearMission::CountMission,Clear a stage 2 times.,Clear a stage 2 times.,995,2,{}
92007,92,RMBattleMission::StageClearMission::CountMission,Clear a stage 3 times.,Clear a stage 3 times.,994,3,{}
92008,92,RMBattleMission::StageClearMission::CountMission,Clear a stage 4 times.,Clear a stage 4 times.,993,4,{}
92009,92,RMBattleMission::StageClearMission::CountMission,Clear a stage 5 times.,Clear a stage 5 times.,992,5,{}
92010,92,RMBattleMission::StageClearMission::CountMission,Clear a stage 6 times.,Clear a stage 6 times.,991,6,{}
92011,92,RMBattleMission::StageClearMission::CountMission,Clear a stage 7 times.,Clear a stage 7 times.,990,7,{}
92012,92,RMBattleMission::StageClearMission::CountMission,Clear a stage 8 times.,Clear a stage 8 times.,989,8,{}
92013,92,RMBattleMission::StageClearMission::CountMission,Clear a stage 9 times.,Clear a stage 9 times.,988,9,{}
92014,92,RMBattleMission::StageClearMission::CountMission,Clear a stage 10 times.,Clear a stage 10 times.,987,10,{}
92015,92,RMBattleMission::LevelClearMission::CountMission,Clear Level 1.,Clear Level 1.,986,1,"{""level"": 1}"
92016,92,RMBattleMission::LevelClearMission::CountMission,Clear Level 1 for 2 times.,Clear Level 1 for 2 times.,985,2,"{""level"": 1}"
92017,92,RMBattleMission::LevelClearMission::CountMission,Clear Level 1 for 3 times.,Clear Level 1 for 3 times.,984,3,"{""level"": 1}"
92018,92,RMBattleMission::LevelClearMission::CountMission,Clear Level 2.,Clear Level 2.,983,1,"{""level"": 2}"
92019,92,RMBattleMission::LevelClearMission::CountMission,Clear Level 2 for 2 times.,Clear Level 2 for 2 times.,982,2,"{""level"": 2}"
92020,92,RMBattleMission::LevelClearMission::CountMission,Clear Level 2 for 3 times.,Clear Level 2 for 3 times.,981,3,"{""level"": 2}"
92021,92,RMBattleMission::LevelClearMission::CountMission,Clear Level 3.,Clear Level 3.,980,1,"{""level"": 3}"
92022,92,RMBattleMission::LevelClearMission::CountMission,Clear Level 3 for 2 times.,Clear Level 3 for 2 times.,979,2,"{""level"": 3}"
92023,92,RMBattleMission::LevelClearMission::CountMission,Clear Level 3 for 3 times.,Clear Level 3 for 3 times.,978,3,"{""level"": 3}"
93001,93,RMBattleMission::EntryMission::CountMission,Enter an Ultimate Clash.,Enter an Ultimate Clash.,1000,1,{}
93002,93,RMBattleMission::StageClearMission::CountMission,[Weekly] Clear a stage once.,[Weekly] Clear a stage once.,999,1,{}
93003,93,RMBattleMission::StageClearMission::CountMission,[Weekly] Clear a stage 2 times.,[Weekly] Clear a stage 2 times.,998,2,{}
93004,93,RMBattleMission::StageClearMission::CountMission,[Weekly] Clear a stage 3 times.,[Weekly] Clear a stage 3 times.,997,3,{}
93005,93,RMBattleMission::StageClearMission::CountMission,Clear a stage once.,Clear a stage once.,996,1,{}
93006,93,RMBattleMission::StageClearMission::CountMission,Clear a stage 2 times.,Clear a stage 2 times.,995,2,{}
93007,93,RMBattleMission::StageClearMission::CountMission,Clear a stage 3 times.,Clear a stage 3 times.,994,3,{}
93008,93,RMBattleMission::StageClearMission::CountMission,Clear a stage 4 times.,Clear a stage 4 times.,993,4,{}
93009,93,RMBattleMission::StageClearMission::CountMission,Clear a stage 5 times.,Clear a stage 5 times.,992,5,{}
93010,93,RMBattleMission::StageClearMission::CountMission,Clear a stage 6 times.,Clear a stage 6 times.,991,6,{}
93011,93,RMBattleMission::StageClearMission::CountMission,Clear a stage 7 times.,Clear a stage 7 times.,990,7,{}
93012,93,RMBattleMission::StageClearMission::CountMission,Clear a stage 8 times.,Clear a stage 8 times.,989,8,{}
93013,93,RMBattleMission::StageClearMission::CountMission,Clear a stage 9 times.,Clear a stage 9 times.,988,9,{}
93014,93,RMBattleMission::StageClearMission::CountMission,Clear a stage 10 times.,Clear a stage 10 times.,987,10,{}
93015,93,RMBattleMission::LevelClearMission::CountMission,Clear Level 1.,Clear Level 1.,986,1,"{""level"": 1}"
93016,93,RMBattleMission::LevelClearMission::CountMission,Clear Level 1 for 2 times.,Clear Level 1 for 2 times.,985,2,"{""level"": 1}"
93017,93,RMBattleMission::LevelClearMission::CountMission,Clear Level 1 for 3 times.,Clear Level 1 for 3 times.,984,3,"{""level"": 1}"
93018,93,RMBattleMission::LevelClearMission::CountMission,Clear Level 2.,Clear Level 2.,983,1,"{""level"": 2}"
93019,93,RMBattleMission::LevelClearMission::CountMission,Clear Level 2 for 2 times.,Clear Level 2 for 2 times.,982,2,"{""level"": 2}"
93020,93,RMBattleMission::LevelClearMission::CountMission,Clear Level 2 for 3 times.,Clear Level 2 for 3 times.,981,3,"{""level"": 2}"
93021,93,RMBattleMission::LevelClearMission::CountMission,Clear Level 3.,Clear Level 3.,980,1,"{""level"": 3}"
93022,93,RMBattleMission::LevelClearMission::CountMission,Clear Level 3 for 2 times.,Clear Level 3 for 2 times.,979,2,"{""level"": 3}"
93023,93,RMBattleMission::LevelClearMission::CountMission,Clear Level 3 for 3 times.,Clear Level 3 for 3 times.,978,3,"{""level"": 3}"
94001,94,RMBattleMission::EntryMission::CountMission,Enter an Ultimate Clash.,Enter an Ultimate Clash.,1000,1,{}
94002,94,RMBattleMission::StageClearMission::CountMission,[Weekly] Clear a stage once.,[Weekly] Clear a stage once.,999,1,{}
94003,94,RMBattleMission::StageClearMission::CountMission,[Weekly] Clear a stage 2 times.,[Weekly] Clear a stage 2 times.,998,2,{}
94004,94,RMBattleMission::StageClearMission::CountMission,[Weekly] Clear a stage 3 times.,[Weekly] Clear a stage 3 times.,997,3,{}
94005,94,RMBattleMission::StageClearMission::CountMission,Clear a stage once.,Clear a stage once.,996,1,{}
94006,94,RMBattleMission::StageClearMission::CountMission,Clear a stage 2 times.,Clear a stage 2 times.,995,2,{}
94007,94,RMBattleMission::StageClearMission::CountMission,Clear a stage 3 times.,Clear a stage 3 times.,994,3,{}
94008,94,RMBattleMission::StageClearMission::CountMission,Clear a stage 4 times.,Clear a stage 4 times.,993,4,{}
94009,94,RMBattleMission::StageClearMission::CountMission,Clear a stage 5 times.,Clear a stage 5 times.,992,5,{}
94010,94,RMBattleMission::StageClearMission::CountMission,Clear a stage 6 times.,Clear a stage 6 times.,991,6,{}
94011,94,RMBattleMission::StageClearMission::CountMission,Clear a stage 7 times.,Clear a stage 7 times.,990,7,{}
94012,94,RMBattleMission::StageClearMission::CountMission,Clear a stage 8 times.,Clear a stage 8 times.,989,8,{}
94013,94,RMBattleMission::StageClearMission::CountMission,Clear a stage 9 times.,Clear a stage 9 times.,988,9,{}
94014,94,RMBattleMission::StageClearMission::CountMission,Clear a stage 10 times.,Clear a stage 10 times.,987,10,{}
94015,94,RMBattleMission::LevelClearMission::CountMission,Clear Level 1.,Clear Level 1.,986,1,"{""level"": 1}"
94016,94,RMBattleMission::LevelClearMission::CountMission,Clear Level 1 for 2 times.,Clear Level 1 for 2 times.,985,2,"{""level"": 1}"
94017,94,RMBattleMission::LevelClearMission::CountMission,Clear Level 1 for 3 times.,Clear Level 1 for 3 times.,984,3,"{""level"": 1}"
94018,94,RMBattleMission::LevelClearMission::CountMission,Clear Level 2.,Clear Level 2.,983,1,"{""level"": 2}"
94019,94,RMBattleMission::LevelClearMission::CountMission,Clear Level 2 for 2 times.,Clear Level 2 for 2 times.,982,2,"{""level"": 2}"
94020,94,RMBattleMission::LevelClearMission::CountMission,Clear Level 2 for 3 times.,Clear Level 2 for 3 times.,981,3,"{""level"": 2}"
94021,94,RMBattleMission::LevelClearMission::CountMission,Clear Level 3.,Clear Level 3.,980,1,"{""level"": 3}"
94022,94,RMBattleMission::LevelClearMission::CountMission,Clear Level 3 for 2 times.,Clear Level 3 for 2 times.,979,2,"{""level"": 3}"
94023,94,RMBattleMission::LevelClearMission::CountMission,Clear Level 3 for 3 times.,Clear Level 3 for 3 times.,978,3,"{""level"": 3}"
95001,95,RMBattleMission::EntryMission::CountMission,Enter an Ultimate Clash.,Enter an Ultimate Clash.,1000,1,{}
95002,95,RMBattleMission::StageClearMission::CountMission,[Weekly] Clear a stage once.,[Weekly] Clear a stage once.,999,1,{}
95003,95,RMBattleMission::StageClearMission::CountMission,[Weekly] Clear a stage 2 times.,[Weekly] Clear a stage 2 times.,998,2,{}
95004,95,RMBattleMission::StageClearMission::CountMission,[Weekly] Clear a stage 3 times.,[Weekly] Clear a stage 3 times.,997,3,{}
95005,95,RMBattleMission::StageClearMission::CountMission,Clear a stage once.,Clear a stage once.,996,1,{}
95006,95,RMBattleMission::StageClearMission::CountMission,Clear a stage 2 times.,Clear a stage 2 times.,995,2,{}
95007,95,RMBattleMission::StageClearMission::CountMission,Clear a stage 3 times.,Clear a stage 3 times.,994,3,{}
95008,95,RMBattleMission::StageClearMission::CountMission,Clear a stage 4 times.,Clear a stage 4 times.,993,4,{}
95009,95,RMBattleMission::StageClearMission::CountMission,Clear a stage 5 times.,Clear a stage 5 times.,992,5,{}
95010,95,RMBattleMission::StageClearMission::CountMission,Clear a stage 6 times.,Clear a stage 6 times.,991,6,{}
95011,95,RMBattleMission::StageClearMission::CountMission,Clear a stage 7 times.,Clear a stage 7 times.,990,7,{}
95012,95,RMBattleMission::LevelClearMission::CountMission,Clear Level 1.,Clear Level 1.,986,1,"{""level"": 1}"
95013,95,RMBattleMission::LevelClearMission::CountMission,Clear Level 1 for 2 times.,Clear Level 1 for 2 times.,985,2,"{""level"": 1}"
95014,95,RMBattleMission::LevelClearMission::CountMission,Clear Level 1 for 3 times.,Clear Level 1 for 3 times.,984,3,"{""level"": 1}"
95015,95,RMBattleMission::LevelClearMission::CountMission,Clear Level 2.,Clear Level 2.,983,1,"{""level"": 2}"
95016,95,RMBattleMission::LevelClearMission::CountMission,Clear Level 2 for 2 times.,Clear Level 2 for 2 times.,982,2,"{""level"": 2}"
95017,95,RMBattleMission::LevelClearMission::CountMission,Clear Level 2 for 3 times.,Clear Level 2 for 3 times.,981,3,"{""level"": 2}"
95018,95,RMBattleMission::LevelClearMission::CountMission,Clear Level 3.,Clear Level 3.,980,1,"{""level"": 3}"
95019,95,RMBattleMission::LevelClearMission::CountMission,Clear Level 3 for 2 times.,Clear Level 3 for 2 times.,979,2,"{""level"": 3}"
95020,95,RMBattleMission::LevelClearMission::CountMission,Clear Level 3 for 3 times.,Clear Level 3 for 3 times.,978,3,"{""level"": 3}"
96001,96,RMBattleMission::EntryMission::CountMission,Enter an Ultimate Clash.,Enter an Ultimate Clash.,1000,1,{}
96002,96,RMBattleMission::StageClearMission::CountMission,[Weekly] Clear a stage once.,[Weekly] Clear a stage once.,999,1,{}
96003,96,RMBattleMission::StageClearMission::CountMission,[Weekly] Clear a stage 2 times.,[Weekly] Clear a stage 2 times.,998,2,{}
96004,96,RMBattleMission::StageClearMission::CountMission,[Weekly] Clear a stage 3 times.,[Weekly] Clear a stage 3 times.,997,3,{}
96005,96,RMBattleMission::StageClearMission::CountMission,Clear a stage once.,Clear a stage once.,996,1,{}
96006,96,RMBattleMission::StageClearMission::CountMission,Clear a stage 2 times.,Clear a stage 2 times.,995,2,{}
96007,96,RMBattleMission::StageClearMission::CountMission,Clear a stage 3 times.,Clear a stage 3 times.,994,3,{}
96008,96,RMBattleMission::StageClearMission::CountMission,Clear a stage 4 times.,Clear a stage 4 times.,993,4,{}
96009,96,RMBattleMission::StageClearMission::CountMission,Clear a stage 5 times.,Clear a stage 5 times.,992,5,{}
96010,96,RMBattleMission::StageClearMission::CountMission,Clear a stage 6 times.,Clear a stage 6 times.,991,6,{}
96011,96,RMBattleMission::StageClearMission::CountMission,Clear a stage 7 times.,Clear a stage 7 times.,990,7,{}
96012,96,RMBattleMission::LevelClearMission::CountMission,Clear Level 1.,Clear Level 1.,986,1,"{""level"": 1}"
96013,96,RMBattleMission::LevelClearMission::CountMission,Clear Level 1 for 2 times.,Clear Level 1 for 2 times.,985,2,"{""level"": 1}"
96014,96,RMBattleMission::LevelClearMission::CountMission,Clear Level 1 for 3 times.,Clear Level 1 for 3 times.,984,3,"{""level"": 1}"
96015,96,RMBattleMission::LevelClearMission::CountMission,Clear Level 2.,Clear Level 2.,983,1,"{""level"": 2}"
96016,96,RMBattleMission::LevelClearMission::CountMission,Clear Level 2 for 2 times.,Clear Level 2 for 2 times.,982,2,"{""level"": 2}"
96017,96,RMBattleMission::LevelClearMission::CountMission,Clear Level 2 for 3 times.,Clear Level 2 for 3 times.,981,3,"{""level"": 2}"
96018,96,RMBattleMission::LevelClearMission::CountMission,Clear Level 3.,Clear Level 3.,980,1,"{""level"": 3}"
96019,96,RMBattleMission::LevelClearMission::CountMission,Clear Level 3 for 2 times.,Clear Level 3 for 2 times.,979,2,"{""level"": 3}"
96020,96,RMBattleMission::LevelClearMission::CountMission,Clear Level 3 for 3 times.,Clear Level 3 for 3 times.,978,3,"{""level"": 3}"
97001,97,RMBattleMission::EntryMission::CountMission,Enter an Ultimate Clash.,Enter an Ultimate Clash.,1000,1,{}
97002,97,RMBattleMission::StageClearMission::CountMission,Clear a stage once.,Clear a stage once.,999,1,{}
97003,97,RMBattleMission::StageClearMission::CountMission,Clear a stage 2 times.,Clear a stage 2 times.,998,2,{}
97004,97,RMBattleMission::StageClearMission::CountMission,Clear a stage 3 times.,Clear a stage 3 times.,997,3,{}
97005,97,RMBattleMission::StageClearMission::CountMission,Clear a stage 4 times.,Clear a stage 4 times.,996,4,{}
97006,97,RMBattleMission::StageClearMission::CountMission,Clear a stage 5 times.,Clear a stage 5 times.,995,5,{}
97007,97,RMBattleMission::StageClearMission::CountMission,Clear a stage 6 times.,Clear a stage 6 times.,994,6,{}
97008,97,RMBattleMission::StageClearMission::CountMission,Clear a stage 7 times.,Clear a stage 7 times.,993,7,{}
97009,97,RMBattleMission::StageClearMission::CountMission,Clear a stage 8 times.,Clear a stage 8 times.,992,8,{}
97010,97,RMBattleMission::StageClearMission::CountMission,Clear a stage 9 times.,Clear a stage 9 times.,991,9,{}
97011,97,RMBattleMission::StageClearMission::CountMission,Clear a stage 10 times.,Clear a stage 10 times.,990,10,{}
97012,97,RMBattleMission::StageFinishMission::RoundPassedMission,Defeat Buu (Kid).,Defeat Buu (Kid).,989,1,"{""stage_enemy_id"": 9705}"
97013,97,RMBattleMission::LevelClearMission::CountMission,Clear Level 1.,Clear Level 1.,988,1,"{""level"": 1}"
97014,97,RMBattleMission::LevelClearMission::CountMission,Clear Level 1 for 2 times.,Clear Level 1 for 2 times.,987,2,"{""level"": 1}"
97015,97,RMBattleMission::LevelClearMission::CountMission,Clear Level 1 for 3 times.,Clear Level 1 for 3 times.,986,3,"{""level"": 1}"
98001,98,RMBattleMission::EntryMission::CountMission,Enter an Ultimate Clash.,Enter an Ultimate Clash.,1000,1,{}
98002,98,RMBattleMission::StageClearMission::CountMission,Clear a stage once.,Clear a stage once.,999,1,{}
98003,98,RMBattleMission::StageClearMission::CountMission,Clear a stage 2 times.,Clear a stage 2 times.,998,2,{}
98004,98,RMBattleMission::StageClearMission::CountMission,Clear a stage 3 times.,Clear a stage 3 times.,997,3,{}
98005,98,RMBattleMission::StageClearMission::CountMission,Clear a stage 4 times.,Clear a stage 4 times.,996,4,{}
98006,98,RMBattleMission::StageClearMission::CountMission,Clear a stage 5 times.,Clear a stage 5 times.,995,5,{}
98007,98,RMBattleMission::StageClearMission::CountMission,Clear a stage 6 times.,Clear a stage 6 times.,994,6,{}
98008,98,RMBattleMission::StageClearMission::CountMission,Clear a stage 7 times.,Clear a stage 7 times.,993,7,{}
98009,98,RMBattleMission::StageClearMission::CountMission,Clear a stage 8 times.,Clear a stage 8 times.,992,8,{}
98010,98,RMBattleMission::StageClearMission::CountMission,Clear a stage 9 times.,Clear a stage 9 times.,991,9,{}
98011,98,RMBattleMission::StageClearMission::CountMission,Clear a stage 10 times.,Clear a stage 10 times.,990,10,{}
98012,98,RMBattleMission::StageFinishMission::RoundPassedMission,"Defeat the enemy in Phase 1 
of the Level 1 boss battle.","Defeat the enemy in Phase 1 
of the Level 1 boss battle.",989,1,"{""stage_enemy_id"": 9805}"
98013,98,RMBattleMission::LevelClearMission::CountMission,Clear Level 1.,Clear Level 1.,988,1,"{""level"": 1}"
98014,98,RMBattleMission::LevelClearMission::CountMission,Clear Level 1 for 2 times.,Clear Level 1 for 2 times.,987,2,"{""level"": 1}"
98015,98,RMBattleMission::LevelClearMission::CountMission,Clear Level 1 for 3 times.,Clear Level 1 for 3 times.,986,3,"{""level"": 1}"
99001,99,RMBattleMission::EntryMission::CountMission,Enter an Ultimate Clash.,Enter an Ultimate Clash.,1000,1,{}
99002,99,RMBattleMission::StageClearMission::CountMission,[Weekly] Clear a stage once.,[Weekly] Clear a stage once.,999,1,{}
99003,99,RMBattleMission::StageClearMission::CountMission,[Weekly] Clear a stage 2 times.,[Weekly] Clear a stage 2 times.,998,2,{}
99004,99,RMBattleMission::StageClearMission::CountMission,[Weekly] Clear a stage 3 times.,[Weekly] Clear a stage 3 times.,997,3,{}
99005,99,RMBattleMission::StageClearMission::CountMission,Clear a stage once.,Clear a stage once.,996,1,{}
99006,99,RMBattleMission::StageClearMission::CountMission,Clear a stage 2 times.,Clear a stage 2 times.,995,2,{}
99007,99,RMBattleMission::StageClearMission::CountMission,Clear a stage 3 times.,Clear a stage 3 times.,994,3,{}
99008,99,RMBattleMission::StageClearMission::CountMission,Clear a stage 4 times.,Clear a stage 4 times.,993,4,{}
99009,99,RMBattleMission::StageClearMission::CountMission,Clear a stage 5 times.,Clear a stage 5 times.,992,5,{}
99010,99,RMBattleMission::StageClearMission::CountMission,Clear a stage 6 times.,Clear a stage 6 times.,991,6,{}
99011,99,RMBattleMission::StageClearMission::CountMission,Clear a stage 7 times.,Clear a stage 7 times.,990,7,{}
99012,99,RMBattleMission::LevelClearMission::CountMission,Clear Level 1.,Clear Level 1.,986,1,"{""level"": 1}"
99013,99,RMBattleMission::LevelClearMission::CountMission,Clear Level 1 for 2 times.,Clear Level 1 for 2 times.,985,2,"{""level"": 1}"
99014,99,RMBattleMission::LevelClearMission::CountMission,Clear Level 1 for 3 times.,Clear Level 1 for 3 times.,984,3,"{""level"": 1}"
99015,99,RMBattleMission::LevelClearMission::CountMission,Clear Level 2.,Clear Level 2.,983,1,"{""level"": 2}"
99016,99,RMBattleMission::LevelClearMission::CountMission,Clear Level 2 for 2 times.,Clear Level 2 for 2 times.,982,2,"{""level"": 2}"
99017,99,RMBattleMission::LevelClearMission::CountMission,Clear Level 2 for 3 times.,Clear Level 2 for 3 times.,981,3,"{""level"": 2}"
99018,99,RMBattleMission::LevelClearMission::CountMission,Clear Level 3.,Clear Level 3.,980,1,"{""level"": 3}"
99019,99,RMBattleMission::LevelClearMission::CountMission,Clear Level 3 for 2 times.,Clear Level 3 for 2 times.,979,2,"{""level"": 3}"
99020,99,RMBattleMission::LevelClearMission::CountMission,Clear Level 3 for 3 times.,Clear Level 3 for 3 times.,978,3,"{""level"": 3}"
100001,100,RMBattleMission::EntryMission::CountMission,Enter an Ultimate Clash.,Enter an Ultimate Clash.,1000,1,{}
100002,100,RMBattleMission::StageClearMission::CountMission,[Weekly] Clear a stage once.,[Weekly] Clear a stage once.,999,1,{}
100003,100,RMBattleMission::StageClearMission::CountMission,[Weekly] Clear a stage 2 times.,[Weekly] Clear a stage 2 times.,998,2,{}
100004,100,RMBattleMission::StageClearMission::CountMission,[Weekly] Clear a stage 3 times.,[Weekly] Clear a stage 3 times.,997,3,{}
100005,100,RMBattleMission::StageClearMission::CountMission,Clear a stage once.,Clear a stage once.,996,1,{}
100006,100,RMBattleMission::StageClearMission::CountMission,Clear a stage 2 times.,Clear a stage 2 times.,995,2,{}
100007,100,RMBattleMission::StageClearMission::CountMission,Clear a stage 3 times.,Clear a stage 3 times.,994,3,{}
100008,100,RMBattleMission::StageClearMission::CountMission,Clear a stage 4 times.,Clear a stage 4 times.,993,4,{}
100009,100,RMBattleMission::StageClearMission::CountMission,Clear a stage 5 times.,Clear a stage 5 times.,992,5,{}
100010,100,RMBattleMission::StageClearMission::CountMission,Clear a stage 6 times.,Clear a stage 6 times.,991,6,{}
100011,100,RMBattleMission::StageClearMission::CountMission,Clear a stage 7 times.,Clear a stage 7 times.,990,7,{}
100012,100,RMBattleMission::LevelClearMission::CountMission,Clear Level 1.,Clear Level 1.,986,1,"{""level"": 1}"
100013,100,RMBattleMission::LevelClearMission::CountMission,Clear Level 1 for 2 times.,Clear Level 1 for 2 times.,985,2,"{""level"": 1}"
100014,100,RMBattleMission::LevelClearMission::CountMission,Clear Level 1 for 3 times.,Clear Level 1 for 3 times.,984,3,"{""level"": 1}"
100015,100,RMBattleMission::LevelClearMission::CountMission,Clear Level 2.,Clear Level 2.,983,1,"{""level"": 2}"
100016,100,RMBattleMission::LevelClearMission::CountMission,Clear Level 2 for 2 times.,Clear Level 2 for 2 times.,982,2,"{""level"": 2}"
100017,100,RMBattleMission::LevelClearMission::CountMission,Clear Level 2 for 3 times.,Clear Level 2 for 3 times.,981,3,"{""level"": 2}"
100018,100,RMBattleMission::LevelClearMission::CountMission,Clear Level 3.,Clear Level 3.,980,1,"{""level"": 3}"
100019,100,RMBattleMission::LevelClearMission::CountMission,Clear Level 3 for 2 times.,Clear Level 3 for 2 times.,979,2,"{""level"": 3}"
100020,100,RMBattleMission::LevelClearMission::CountMission,Clear Level 3 for 3 times.,Clear Level 3 for 3 times.,978,3,"{""level"": 3}"
101001,101,RMBattleMission::EntryMission::CountMission,Enter an Ultimate Clash.,Enter an Ultimate Clash.,1000,1,{}
101002,101,RMBattleMission::StageClearMission::CountMission,[Weekly] Clear a stage once.,[Weekly] Clear a stage once.,999,1,{}
101003,101,RMBattleMission::StageClearMission::CountMission,Clear a stage once.,Clear a stage once.,996,1,{}
101004,101,RMBattleMission::StageClearMission::CountMission,Clear a stage 2 times.,Clear a stage 2 times.,995,2,{}
101005,101,RMBattleMission::StageClearMission::CountMission,Clear a stage 3 times.,Clear a stage 3 times.,994,3,{}
101006,101,RMBattleMission::StageFinishMission::RoundPassedMission,"Defeat the enemy in Phase 1 
of the Level 1 boss battle.","Defeat the enemy in Phase 1 
of the Level 1 boss battle.",993,1,"{""stage_enemy_id"": 10103}"
101007,101,RMBattleMission::StageFinishMission::RoundPassedMission,"Defeat the enemy in Phase 2 
of the Level 1 boss battle.","Defeat the enemy in Phase 2 
of the Level 1 boss battle.",992,1,"{""stage_enemy_id"": 10104}"
101008,101,RMBattleMission::LevelClearMission::CountMission,Clear Level 1.,Clear Level 1.,991,1,"{""level"": 1}"
101009,101,RMBattleMission::LevelClearMission::CountMission,Clear Level 1 for 2 times.,Clear Level 1 for 2 times.,990,2,"{""level"": 1}"
101010,101,RMBattleMission::LevelClearMission::CountMission,Clear Level 1 for 3 times.,Clear Level 1 for 3 times.,989,3,"{""level"": 1}"
102001,102,RMBattleMission::EntryMission::CountMission,Enter an Ultimate Clash.,Enter an Ultimate Clash.,1000,1,{}
102002,102,RMBattleMission::StageClearMission::CountMission,[Weekly] Clear a stage once.,[Weekly] Clear a stage once.,999,1,{}
102003,102,RMBattleMission::StageClearMission::CountMission,[Weekly] Clear a stage 2 times.,[Weekly] Clear a stage 2 times.,998,2,{}
102004,102,RMBattleMission::StageClearMission::CountMission,[Weekly] Clear a stage 3 times.,[Weekly] Clear a stage 3 times.,997,3,{}
102005,102,RMBattleMission::StageClearMission::CountMission,Clear a stage once.,Clear a stage once.,996,1,{}
102006,102,RMBattleMission::StageClearMission::CountMission,Clear a stage 2 times.,Clear a stage 2 times.,995,2,{}
102007,102,RMBattleMission::StageClearMission::CountMission,Clear a stage 3 times.,Clear a stage 3 times.,994,3,{}
102008,102,RMBattleMission::StageClearMission::CountMission,Clear a stage 4 times.,Clear a stage 4 times.,993,4,{}
102009,102,RMBattleMission::StageClearMission::CountMission,Clear a stage 5 times.,Clear a stage 5 times.,992,5,{}
102010,102,RMBattleMission::StageClearMission::CountMission,Clear a stage 6 times.,Clear a stage 6 times.,991,6,{}
102011,102,RMBattleMission::StageClearMission::CountMission,Clear a stage 7 times.,Clear a stage 7 times.,990,7,{}
102012,102,RMBattleMission::LevelClearMission::CountMission,Clear Level 1.,Clear Level 1.,986,1,"{""level"": 1}"
102013,102,RMBattleMission::LevelClearMission::CountMission,Clear Level 1 for 2 times.,Clear Level 1 for 2 times.,985,2,"{""level"": 1}"
102014,102,RMBattleMission::LevelClearMission::CountMission,Clear Level 1 for 3 times.,Clear Level 1 for 3 times.,984,3,"{""level"": 1}"
102015,102,RMBattleMission::LevelClearMission::CountMission,Clear Level 2.,Clear Level 2.,983,1,"{""level"": 2}"
102016,102,RMBattleMission::LevelClearMission::CountMission,Clear Level 2 for 2 times.,Clear Level 2 for 2 times.,982,2,"{""level"": 2}"
102017,102,RMBattleMission::LevelClearMission::CountMission,Clear Level 2 for 3 times.,Clear Level 2 for 3 times.,981,3,"{""level"": 2}"
102018,102,RMBattleMission::LevelClearMission::CountMission,Clear Level 3.,Clear Level 3.,980,1,"{""level"": 3}"
102019,102,RMBattleMission::LevelClearMission::CountMission,Clear Level 3 for 2 times.,Clear Level 3 for 2 times.,979,2,"{""level"": 3}"
102020,102,RMBattleMission::LevelClearMission::CountMission,Clear Level 3 for 3 times.,Clear Level 3 for 3 times.,978,3,"{""level"": 3}"
103001,103,RMBattleMission::EntryMission::CountMission,Enter an Ultimate Clash.,Enter an Ultimate Clash.,1000,1,{}
103002,103,RMBattleMission::StageClearMission::CountMission,[Weekly] Clear a stage once.,[Weekly] Clear a stage once.,999,1,{}
103003,103,RMBattleMission::StageClearMission::CountMission,[Weekly] Clear a stage 2 times.,[Weekly] Clear a stage 2 times.,998,2,{}
103004,103,RMBattleMission::StageClearMission::CountMission,[Weekly] Clear a stage 3 times.,[Weekly] Clear a stage 3 times.,997,3,{}
103005,103,RMBattleMission::StageClearMission::CountMission,Clear a stage once.,Clear a stage once.,996,1,{}
103006,103,RMBattleMission::StageClearMission::CountMission,Clear a stage 2 times.,Clear a stage 2 times.,995,2,{}
103007,103,RMBattleMission::StageClearMission::CountMission,Clear a stage 3 times.,Clear a stage 3 times.,994,3,{}
103008,103,RMBattleMission::StageClearMission::CountMission,Clear a stage 4 times.,Clear a stage 4 times.,993,4,{}
103009,103,RMBattleMission::StageClearMission::CountMission,Clear a stage 5 times.,Clear a stage 5 times.,992,5,{}
103010,103,RMBattleMission::StageClearMission::CountMission,Clear a stage 6 times.,Clear a stage 6 times.,991,6,{}
103011,103,RMBattleMission::StageClearMission::CountMission,Clear a stage 7 times.,Clear a stage 7 times.,990,7,{}
103012,103,RMBattleMission::LevelClearMission::CountMission,Clear Level 1.,Clear Level 1.,986,1,"{""level"": 1}"
103013,103,RMBattleMission::LevelClearMission::CountMission,Clear Level 1 for 2 times.,Clear Level 1 for 2 times.,985,2,"{""level"": 1}"
103014,103,RMBattleMission::LevelClearMission::CountMission,Clear Level 1 for 3 times.,Clear Level 1 for 3 times.,984,3,"{""level"": 1}"
103015,103,RMBattleMission::LevelClearMission::CountMission,Clear Level 2.,Clear Level 2.,983,1,"{""level"": 2}"
103016,103,RMBattleMission::LevelClearMission::CountMission,Clear Level 2 for 2 times.,Clear Level 2 for 2 times.,982,2,"{""level"": 2}"
103017,103,RMBattleMission::LevelClearMission::CountMission,Clear Level 2 for 3 times.,Clear Level 2 for 3 times.,981,3,"{""level"": 2}"
103018,103,RMBattleMission::LevelClearMission::CountMission,Clear Level 3.,Clear Level 3.,980,1,"{""level"": 3}"
103019,103,RMBattleMission::LevelClearMission::CountMission,Clear Level 3 for 2 times.,Clear Level 3 for 2 times.,979,2,"{""level"": 3}"
103020,103,RMBattleMission::LevelClearMission::CountMission,Clear Level 3 for 3 times.,Clear Level 3 for 3 times.,978,3,"{""level"": 3}"
104001,104,RMBattleMission::EntryMission::CountMission,Enter an Ultimate Clash.,Enter an Ultimate Clash.,1000,1,{}
104002,104,RMBattleMission::StageClearMission::CountMission,[Weekly] Clear a stage once.,[Weekly] Clear a stage once.,999,1,{}
104003,104,RMBattleMission::StageClearMission::CountMission,[Weekly] Clear a stage 2 times.,[Weekly] Clear a stage 2 times.,998,2,{}
104004,104,RMBattleMission::StageClearMission::CountMission,[Weekly] Clear a stage 3 times.,[Weekly] Clear a stage 3 times.,997,3,{}
104005,104,RMBattleMission::StageClearMission::CountMission,Clear a stage once.,Clear a stage once.,996,1,{}
104006,104,RMBattleMission::StageClearMission::CountMission,Clear a stage 2 times.,Clear a stage 2 times.,995,2,{}
104007,104,RMBattleMission::StageClearMission::CountMission,Clear a stage 3 times.,Clear a stage 3 times.,994,3,{}
104008,104,RMBattleMission::StageClearMission::CountMission,Clear a stage 4 times.,Clear a stage 4 times.,993,4,{}
104009,104,RMBattleMission::StageClearMission::CountMission,Clear a stage 5 times.,Clear a stage 5 times.,992,5,{}
104010,104,RMBattleMission::StageClearMission::CountMission,Clear a stage 6 times.,Clear a stage 6 times.,991,6,{}
104011,104,RMBattleMission::StageClearMission::CountMission,Clear a stage 7 times.,Clear a stage 7 times.,990,7,{}
104012,104,RMBattleMission::StageClearMission::CountMission,Clear a stage 8 times.,Clear a stage 8 times.,989,8,{}
104013,104,RMBattleMission::StageClearMission::CountMission,Clear a stage 9 times.,Clear a stage 9 times.,988,9,{}
104014,104,RMBattleMission::StageClearMission::CountMission,Clear a stage 10 times.,Clear a stage 10 times.,987,10,{}
104015,104,RMBattleMission::StageClearMission::CountMission,Clear a stage 11 times.,Clear a stage 11 times.,986,11,{}
104016,104,RMBattleMission::LevelClearMission::CountMission,Clear Level 1.,Clear Level 1.,985,1,"{""level"": 1}"
104017,104,RMBattleMission::LevelClearMission::CountMission,Clear Level 1 for 2 times.,Clear Level 1 for 2 times.,984,2,"{""level"": 1}"
104018,104,RMBattleMission::LevelClearMission::CountMission,Clear Level 1 for 3 times.,Clear Level 1 for 3 times.,983,3,"{""level"": 1}"
104019,104,RMBattleMission::LevelClearMission::CountMission,Clear Level 2.,Clear Level 2.,982,1,"{""level"": 2}"
104020,104,RMBattleMission::LevelClearMission::CountMission,Clear Level 2 for 2 times.,Clear Level 2 for 2 times.,981,2,"{""level"": 2}"
104021,104,RMBattleMission::LevelClearMission::CountMission,Clear Level 2 for 3 times.,Clear Level 2 for 3 times.,980,3,"{""level"": 2}"
104022,104,RMBattleMission::LevelClearMission::CountMission,Clear Level 3.,Clear Level 3.,979,1,"{""level"": 3}"
104023,104,RMBattleMission::LevelClearMission::CountMission,Clear Level 3 for 2 times.,Clear Level 3 for 2 times.,978,2,"{""level"": 3}"
104024,104,RMBattleMission::LevelClearMission::CountMission,Clear Level 3 for 3 times.,Clear Level 3 for 3 times.,977,3,"{""level"": 3}"
105001,105,RMBattleMission::EntryMission::CountMission,Enter an Ultimate Clash.,Enter an Ultimate Clash.,1000,1,{}
105002,105,RMBattleMission::StageClearMission::CountMission,[Weekly] Clear a stage once.,[Weekly] Clear a stage once.,999,1,{}
105003,105,RMBattleMission::StageClearMission::CountMission,[Weekly] Clear a stage 2 times.,[Weekly] Clear a stage 2 times.,998,2,{}
105004,105,RMBattleMission::StageClearMission::CountMission,[Weekly] Clear a stage 3 times.,[Weekly] Clear a stage 3 times.,997,3,{}
105005,105,RMBattleMission::StageClearMission::CountMission,Clear a stage once.,Clear a stage once.,996,1,{}
105006,105,RMBattleMission::StageClearMission::CountMission,Clear a stage 2 times.,Clear a stage 2 times.,995,2,{}
105007,105,RMBattleMission::StageClearMission::CountMission,Clear a stage 3 times.,Clear a stage 3 times.,994,3,{}
105008,105,RMBattleMission::StageClearMission::CountMission,Clear a stage 4 times.,Clear a stage 4 times.,993,4,{}
105009,105,RMBattleMission::StageClearMission::CountMission,Clear a stage 5 times.,Clear a stage 5 times.,992,5,{}
105010,105,RMBattleMission::StageClearMission::CountMission,Clear a stage 6 times.,Clear a stage 6 times.,991,6,{}
105011,105,RMBattleMission::StageClearMission::CountMission,Clear a stage 7 times.,Clear a stage 7 times.,990,7,{}
105012,105,RMBattleMission::LevelClearMission::CountMission,Clear Level 1.,Clear Level 1.,986,1,"{""level"": 1}"
105013,105,RMBattleMission::LevelClearMission::CountMission,Clear Level 1 for 2 times.,Clear Level 1 for 2 times.,985,2,"{""level"": 1}"
105014,105,RMBattleMission::LevelClearMission::CountMission,Clear Level 1 for 3 times.,Clear Level 1 for 3 times.,984,3,"{""level"": 1}"
105015,105,RMBattleMission::LevelClearMission::CountMission,Clear Level 2.,Clear Level 2.,983,1,"{""level"": 2}"
105016,105,RMBattleMission::LevelClearMission::CountMission,Clear Level 2 for 2 times.,Clear Level 2 for 2 times.,982,2,"{""level"": 2}"
105017,105,RMBattleMission::LevelClearMission::CountMission,Clear Level 2 for 3 times.,Clear Level 2 for 3 times.,981,3,"{""level"": 2}"
105018,105,RMBattleMission::LevelClearMission::CountMission,Clear Level 3.,Clear Level 3.,980,1,"{""level"": 3}"
105019,105,RMBattleMission::LevelClearMission::CountMission,Clear Level 3 for 2 times.,Clear Level 3 for 2 times.,979,2,"{""level"": 3}"
105020,105,RMBattleMission::LevelClearMission::CountMission,Clear Level 3 for 3 times.,Clear Level 3 for 3 times.,978,3,"{""level"": 3}"
106001,106,RMBattleMission::EntryMission::CountMission,Enter an Ultimate Clash.,"Enter the Virtual Dokkan Ultimate Clash 
""Saiyan Saga""!",1000,1,{}
106002,106,RMBattleMission::StageClearMission::CountMission,Clear a stage once.,"Clear any stage of 
Virtual Dokkan Ultimate Clash 
""Saiyan Saga"" once!",999,1,{}
106003,106,RMBattleMission::StageClearMission::CountMission,Clear a stage 2 times.,"Clear any stage of 
Virtual Dokkan Ultimate Clash 
""Saiyan Saga"" 2 times!",998,2,{}
106004,106,RMBattleMission::StageClearMission::CountMission,Clear a stage 3 times.,"Clear any stage of 
Virtual Dokkan Ultimate Clash 
""Saiyan Saga"" 3 times!",997,3,{}
106005,106,RMBattleMission::LevelClearMission::CountMission,Clear Level 1.,"Clear Level 1 of 
Virtual Dokkan Ultimate Clash 
""Saiyan Saga""!",996,1,"{""level"": 1}"
106006,106,RMBattleMission::RMBattleClearMission::TotalCardsUsedMission,"Deploy a total of 35 or less characters 
and clear all stages.","Deploy a total of 35 or less characters 
and clear all stages of Virtual Dokkan 
Ultimate Clash ""Saiyan Saga""!",995,1,"{""max_cards"": 35}"
106007,106,RMBattleMission::StageClearMission::ClearConditionsMission,"Defeat the Level 1 boss with only 
Super Type characters in a single battle.","Defeat the Level 1 boss of Virtual Dokkan 
Ultimate Clash ""Saiyan Saga"" with only 
Super Type characters on your team
in a single battle!

* This mission cannot be completed if the 
boss is defeated using the 2nd team or 
any later teams.",994,1,"{""stage_id"": 106012, ""element_condition"": {""element_types"": [10, 11, 12, 13, 14]}}"
