id,sugoroku_map_id,quest_id,drop_type,item_id,item_type,card_exp_init
1,10020,1002,1,1000800,Card,0
2,10021,1002,1,1000800,Card,0
3,10022,1002,1,1000800,Card,0
4,20020,2002,1,1000800,Card,0
5,20021,2002,1,1000800,Card,0
6,20022,2002,1,1000800,Card,0
7,20050,2005,1,1000660,Card,0
8,20051,2005,1,1000660,Card,0
9,20052,2005,1,1000660,Card,0
10,40020,4002,1,1000790,Card,0
11,40021,4002,1,1000790,Card,0
12,40022,4002,1,1000790,Card,0
13,40030,4003,1,1000790,Card,0
14,40031,4003,1,1000790,Card,0
15,40032,4003,1,1000790,Card,0
16,40060,4006,1,1000790,Card,0
17,40061,4006,1,1000790,Card,0
18,40062,4006,1,1000790,Card,0
19,70060,7006,1,1000780,Card,0
20,70060,7006,1,3000260,Card,0
21,70060,7006,1,3000270,Card,0
22,70060,7006,1,3000280,Card,0
23,70060,7006,1,3000290,Card,0
24,70061,7006,1,1000780,Card,0
25,70061,7006,1,3000260,Card,0
26,70061,7006,1,3000270,Card,0
27,70061,7006,1,3000280,Card,0
28,70061,7006,1,3000290,Card,0
29,70062,7006,1,1000780,Card,0
30,70062,7006,1,3000260,Card,0
31,70062,7006,1,3000270,Card,0
32,70062,7006,1,3000280,Card,0
33,70062,7006,1,3000290,Card,0
34,70070,7007,1,3000280,Card,0
35,70071,7007,1,3000280,Card,0
36,70072,7007,1,3000280,Card,0
37,100010,10001,1,3001130,Card,0
38,100010,10001,1,3001140,Card,0
39,100010,10001,1,3001150,Card,0
40,100011,10001,1,1000800,Card,0
41,100011,10001,1,3001130,Card,0
42,100011,10001,1,3001140,Card,0
43,100012,10001,1,1000800,Card,0
44,100012,10001,1,3001130,Card,0
45,100012,10001,1,3001140,Card,0
46,100040,10004,1,3001110,Card,0
47,100040,10004,1,1000800,Card,0
48,100040,10004,1,3001130,Card,0
49,100040,10004,1,3001140,Card,0
50,100040,10004,1,3001150,Card,0
51,100040,10004,0,103,AwakeningItem,0
52,100041,10004,1,3001110,Card,0
53,100041,10004,1,1000800,Card,0
54,100041,10004,1,3001130,Card,0
55,100041,10004,1,3001140,Card,0
56,100041,10004,1,3001150,Card,0
57,100041,10004,0,103,AwakeningItem,0
58,100042,10004,1,3001110,Card,0
59,100042,10004,1,1000800,Card,0
60,100042,10004,1,3001130,Card,0
61,100042,10004,1,3001140,Card,0
62,100042,10004,1,3001150,Card,0
63,100042,10004,1,103,AwakeningItem,0
64,110010,11001,1,3001110,Card,0
65,110010,11001,1,1000800,Card,0
66,110010,11001,1,3001130,Card,0
67,110011,11001,1,3001110,Card,0
68,110011,11001,1,1000800,Card,0
69,110011,11001,1,3001130,Card,0
70,110012,11001,1,3001110,Card,0
71,110012,11001,1,1000800,Card,0
72,110012,11001,1,3001130,Card,0
73,110030,11003,0,101,AwakeningItem,0
74,110031,11003,0,101,AwakeningItem,0
75,110032,11003,1,101,AwakeningItem,0
76,120040,12004,0,102,AwakeningItem,0
77,120041,12004,0,102,AwakeningItem,0
78,120042,12004,1,102,AwakeningItem,0
79,120080,12008,0,101,AwakeningItem,0
80,120080,12008,0,102,AwakeningItem,0
81,120081,12008,0,101,AwakeningItem,0
82,120081,12008,0,102,AwakeningItem,0
83,120082,12008,1,101,AwakeningItem,0
84,120082,12008,1,102,AwakeningItem,0
85,120082,12008,1,6,SupportItem,0
86,120082,12008,1,700,TrainingItem,0
87,120082,12008,1,701,TrainingItem,0
88,120082,12008,1,702,TrainingItem,0
89,120082,12008,1,703,TrainingItem,0
90,120082,12008,1,704,TrainingItem,0
91,130010,13001,0,101,AwakeningItem,0
92,130011,13001,0,101,AwakeningItem,0
93,130012,13001,1,101,AwakeningItem,0
94,130030,13003,0,105,AwakeningItem,0
95,130031,13003,0,105,AwakeningItem,0
96,130032,13003,1,105,AwakeningItem,0
97,140080,14008,1,1002520,Card,0
98,140080,14008,1,400,TrainingItem,0
99,140080,14008,1,401,TrainingItem,0
100,140080,14008,1,402,TrainingItem,0
101,140080,14008,1,403,TrainingItem,0
102,140080,14008,1,404,TrainingItem,0
103,140080,14008,1,104,AwakeningItem,0
104,140080,14008,1,6,SupportItem,0
105,140080,14008,1,700,TrainingItem,0
106,140080,14008,1,701,TrainingItem,0
107,140080,14008,1,702,TrainingItem,0
108,140080,14008,1,703,TrainingItem,0
109,140080,14008,1,704,TrainingItem,0
110,140081,14008,0,1002520,Card,0
111,140081,14008,1,104,AwakeningItem,0
112,140081,14008,1,6,SupportItem,0
113,140081,14008,1,700,TrainingItem,0
114,140081,14008,1,701,TrainingItem,0
115,140081,14008,1,702,TrainingItem,0
116,140081,14008,1,703,TrainingItem,0
117,140081,14008,1,704,TrainingItem,0
118,140082,14008,1,400,TrainingItem,0
119,140082,14008,1,401,TrainingItem,0
120,140082,14008,1,402,TrainingItem,0
121,140082,14008,1,403,TrainingItem,0
122,140082,14008,1,404,TrainingItem,0
123,140082,14008,1,104,AwakeningItem,0
124,160010,16001,1,600,TrainingItem,0
125,160010,16001,1,601,TrainingItem,0
126,160010,16001,1,602,TrainingItem,0
127,160010,16001,1,603,TrainingItem,0
128,160010,16001,1,604,TrainingItem,0
129,160010,16001,1,1,TreasureItem,0
130,160011,16001,1,700,TrainingItem,0
131,160011,16001,1,701,TrainingItem,0
132,160011,16001,1,702,TrainingItem,0
133,160011,16001,1,703,TrainingItem,0
134,160011,16001,1,704,TrainingItem,0
135,160011,16001,1,1,TreasureItem,0
136,160012,16001,1,800,TrainingItem,0
137,160012,16001,1,801,TrainingItem,0
138,160012,16001,1,802,TrainingItem,0
139,160012,16001,1,803,TrainingItem,0
140,160012,16001,1,804,TrainingItem,0
141,160012,16001,1,1,TreasureItem,0
142,160020,16002,1,4,AwakeningItem,0
143,160020,16002,1,5,AwakeningItem,0
144,160020,16002,1,6,AwakeningItem,0
145,160020,16002,1,7,AwakeningItem,0
146,160020,16002,1,8,AwakeningItem,0
147,160020,16002,1,1,TreasureItem,0
148,160021,16002,1,9,AwakeningItem,0
149,160021,16002,1,10,AwakeningItem,0
150,160021,16002,1,11,AwakeningItem,0
151,160021,16002,1,12,AwakeningItem,0
152,160021,16002,1,13,AwakeningItem,0
153,160021,16002,1,1,TreasureItem,0
154,160022,16002,1,14,AwakeningItem,0
155,160022,16002,1,15,AwakeningItem,0
156,160022,16002,1,16,AwakeningItem,0
157,160022,16002,1,17,AwakeningItem,0
158,160022,16002,1,18,AwakeningItem,0
159,160022,16002,1,1,TreasureItem,0
160,160030,16003,1,1100,SupportItem,0
161,160030,16003,1,1101,SupportItem,0
162,160030,16003,1,1102,SupportItem,0
163,160030,16003,1,1103,SupportItem,0
164,160030,16003,1,1104,SupportItem,0
165,160030,16003,1,1,TreasureItem,0
166,160031,16003,1,5,SupportItem,0
167,160031,16003,1,1202,SupportItem,0
168,160031,16003,1,1203,SupportItem,0
169,160031,16003,1,1502,SupportItem,0
170,160031,16003,1,6,SupportItem,0
171,160031,16003,1,1,TreasureItem,0
172,160032,16003,1,6,SupportItem,0
173,160032,16003,1,1000,SupportItem,0
174,160032,16003,1,1505,SupportItem,0
175,160032,16003,1,1700,SupportItem,0
176,160032,16003,1,1701,SupportItem,0
177,160032,16003,1,1,TreasureItem,0
178,160040,16004,1,600,TrainingItem,0
179,160040,16004,1,601,TrainingItem,0
180,160040,16004,1,602,TrainingItem,0
181,160040,16004,1,603,TrainingItem,0
182,160040,16004,1,604,TrainingItem,0
183,160040,16004,1,1,TreasureItem,0
184,160041,16004,1,700,TrainingItem,0
185,160041,16004,1,701,TrainingItem,0
186,160041,16004,1,702,TrainingItem,0
187,160041,16004,1,703,TrainingItem,0
188,160041,16004,1,704,TrainingItem,0
189,160041,16004,1,1,TreasureItem,0
190,160042,16004,1,800,TrainingItem,0
191,160042,16004,1,801,TrainingItem,0
192,160042,16004,1,802,TrainingItem,0
193,160042,16004,1,803,TrainingItem,0
194,160042,16004,1,804,TrainingItem,0
195,160042,16004,1,1,TreasureItem,0
196,160050,16005,1,4,AwakeningItem,0
197,160050,16005,1,5,AwakeningItem,0
198,160050,16005,1,6,AwakeningItem,0
199,160050,16005,1,7,AwakeningItem,0
200,160050,16005,1,8,AwakeningItem,0
201,160050,16005,1,1,TreasureItem,0
202,160051,16005,1,9,AwakeningItem,0
203,160051,16005,1,10,AwakeningItem,0
204,160051,16005,1,11,AwakeningItem,0
205,160051,16005,1,12,AwakeningItem,0
206,160051,16005,1,13,AwakeningItem,0
207,160051,16005,1,1,TreasureItem,0
208,160052,16005,1,14,AwakeningItem,0
209,160052,16005,1,15,AwakeningItem,0
210,160052,16005,1,16,AwakeningItem,0
211,160052,16005,1,17,AwakeningItem,0
212,160052,16005,1,18,AwakeningItem,0
213,160052,16005,1,1,TreasureItem,0
214,160060,16006,1,1100,SupportItem,0
215,160060,16006,1,1101,SupportItem,0
216,160060,16006,1,1102,SupportItem,0
217,160060,16006,1,1103,SupportItem,0
218,160060,16006,1,1104,SupportItem,0
219,160060,16006,1,1,TreasureItem,0
220,160061,16006,1,5,SupportItem,0
221,160061,16006,1,1202,SupportItem,0
222,160061,16006,1,1203,SupportItem,0
223,160061,16006,1,1502,SupportItem,0
224,160061,16006,1,6,SupportItem,0
225,160061,16006,1,1,TreasureItem,0
226,160062,16006,1,6,SupportItem,0
227,160062,16006,1,1000,SupportItem,0
228,160062,16006,1,1505,SupportItem,0
229,160062,16006,1,1700,SupportItem,0
230,160062,16006,1,1701,SupportItem,0
231,160062,16006,1,1,TreasureItem,0
232,160070,16007,1,600,TrainingItem,0
233,160070,16007,1,601,TrainingItem,0
234,160070,16007,1,602,TrainingItem,0
235,160070,16007,1,603,TrainingItem,0
236,160070,16007,1,604,TrainingItem,0
237,160070,16007,1,1,TreasureItem,0
238,160071,16007,1,700,TrainingItem,0
239,160071,16007,1,701,TrainingItem,0
240,160071,16007,1,702,TrainingItem,0
241,160071,16007,1,703,TrainingItem,0
242,160071,16007,1,704,TrainingItem,0
243,160071,16007,1,1,TreasureItem,0
244,160072,16007,1,800,TrainingItem,0
245,160072,16007,1,801,TrainingItem,0
246,160072,16007,1,802,TrainingItem,0
247,160072,16007,1,803,TrainingItem,0
248,160072,16007,1,804,TrainingItem,0
249,160072,16007,1,1,TreasureItem,0
250,160080,16008,1,4,AwakeningItem,0
251,160080,16008,1,5,AwakeningItem,0
252,160080,16008,1,6,AwakeningItem,0
253,160080,16008,1,7,AwakeningItem,0
254,160080,16008,1,8,AwakeningItem,0
255,160080,16008,1,1,TreasureItem,0
256,160081,16008,1,9,AwakeningItem,0
257,160081,16008,1,10,AwakeningItem,0
258,160081,16008,1,11,AwakeningItem,0
259,160081,16008,1,12,AwakeningItem,0
260,160081,16008,1,13,AwakeningItem,0
261,160081,16008,1,1,TreasureItem,0
262,160082,16008,1,14,AwakeningItem,0
263,160082,16008,1,15,AwakeningItem,0
264,160082,16008,1,16,AwakeningItem,0
265,160082,16008,1,17,AwakeningItem,0
266,160082,16008,1,18,AwakeningItem,0
267,160082,16008,1,1,TreasureItem,0
268,170010,17001,1,1100,SupportItem,0
269,170010,17001,1,1101,SupportItem,0
270,170010,17001,1,1102,SupportItem,0
271,170010,17001,1,1103,SupportItem,0
272,170010,17001,1,1104,SupportItem,0
273,170010,17001,1,1,TreasureItem,0
274,170011,17001,1,5,SupportItem,0
275,170011,17001,1,1202,SupportItem,0
276,170011,17001,1,1203,SupportItem,0
277,170011,17001,1,1502,SupportItem,0
278,170011,17001,1,6,SupportItem,0
279,170011,17001,1,1,TreasureItem,0
280,170012,17001,1,6,SupportItem,0
281,170012,17001,1,1000,SupportItem,0
282,170012,17001,1,1505,SupportItem,0
283,170012,17001,1,1700,SupportItem,0
284,170012,17001,1,1701,SupportItem,0
285,170012,17001,1,1,TreasureItem,0
286,170020,17002,1,600,TrainingItem,0
287,170020,17002,1,601,TrainingItem,0
288,170020,17002,1,602,TrainingItem,0
289,170020,17002,1,603,TrainingItem,0
290,170020,17002,1,604,TrainingItem,0
291,170020,17002,1,1,TreasureItem,0
292,170021,17002,1,700,TrainingItem,0
293,170021,17002,1,701,TrainingItem,0
294,170021,17002,1,702,TrainingItem,0
295,170021,17002,1,703,TrainingItem,0
296,170021,17002,1,704,TrainingItem,0
297,170021,17002,1,1,TreasureItem,0
298,170022,17002,1,800,TrainingItem,0
299,170022,17002,1,801,TrainingItem,0
300,170022,17002,1,802,TrainingItem,0
301,170022,17002,1,803,TrainingItem,0
302,170022,17002,1,804,TrainingItem,0
303,170022,17002,1,1,TreasureItem,0
304,170030,17003,1,4,AwakeningItem,0
305,170030,17003,1,5,AwakeningItem,0
306,170030,17003,1,6,AwakeningItem,0
307,170030,17003,1,7,AwakeningItem,0
308,170030,17003,1,8,AwakeningItem,0
309,170030,17003,1,1,TreasureItem,0
310,170031,17003,1,9,AwakeningItem,0
311,170031,17003,1,10,AwakeningItem,0
312,170031,17003,1,11,AwakeningItem,0
313,170031,17003,1,12,AwakeningItem,0
314,170031,17003,1,13,AwakeningItem,0
315,170031,17003,1,1,TreasureItem,0
316,170032,17003,1,14,AwakeningItem,0
317,170032,17003,1,15,AwakeningItem,0
318,170032,17003,1,16,AwakeningItem,0
319,170032,17003,1,17,AwakeningItem,0
320,170032,17003,1,18,AwakeningItem,0
321,170032,17003,1,1,TreasureItem,0
322,170040,17004,1,1100,SupportItem,0
323,170040,17004,1,1101,SupportItem,0
324,170040,17004,1,1102,SupportItem,0
325,170040,17004,1,1103,SupportItem,0
326,170040,17004,1,1104,SupportItem,0
327,170040,17004,1,1,TreasureItem,0
328,170041,17004,1,5,SupportItem,0
329,170041,17004,1,1202,SupportItem,0
330,170041,17004,1,1203,SupportItem,0
331,170041,17004,1,1502,SupportItem,0
332,170041,17004,1,6,SupportItem,0
333,170041,17004,1,1,TreasureItem,0
334,170042,17004,1,6,SupportItem,0
335,170042,17004,1,1000,SupportItem,0
336,170042,17004,1,1505,SupportItem,0
337,170042,17004,1,1700,SupportItem,0
338,170042,17004,1,1701,SupportItem,0
339,170042,17004,1,1,TreasureItem,0
340,170050,17005,1,600,TrainingItem,0
341,170050,17005,1,601,TrainingItem,0
342,170050,17005,1,602,TrainingItem,0
343,170050,17005,1,603,TrainingItem,0
344,170050,17005,1,604,TrainingItem,0
345,170050,17005,1,1,TreasureItem,0
346,170051,17005,1,700,TrainingItem,0
347,170051,17005,1,701,TrainingItem,0
348,170051,17005,1,702,TrainingItem,0
349,170051,17005,1,703,TrainingItem,0
350,170051,17005,1,704,TrainingItem,0
351,170051,17005,1,1,TreasureItem,0
352,170052,17005,1,800,TrainingItem,0
353,170052,17005,1,801,TrainingItem,0
354,170052,17005,1,802,TrainingItem,0
355,170052,17005,1,803,TrainingItem,0
356,170052,17005,1,804,TrainingItem,0
357,170052,17005,1,1,TreasureItem,0
358,170060,17006,1,14,AwakeningItem,0
359,170060,17006,1,15,AwakeningItem,0
360,170060,17006,1,16,AwakeningItem,0
361,170060,17006,1,17,AwakeningItem,0
362,170060,17006,1,18,AwakeningItem,0
363,170060,17006,1,1,TreasureItem,0
364,170060,17006,1,4,AwakeningItem,0
365,170060,17006,1,5,AwakeningItem,0
366,170060,17006,1,6,AwakeningItem,0
367,170060,17006,1,7,AwakeningItem,0
368,170060,17006,1,8,AwakeningItem,0
369,170061,17006,1,14,AwakeningItem,0
370,170061,17006,1,15,AwakeningItem,0
371,170061,17006,1,16,AwakeningItem,0
372,170061,17006,1,17,AwakeningItem,0
373,170061,17006,1,18,AwakeningItem,0
374,170061,17006,1,1,TreasureItem,0
375,170061,17006,1,9,AwakeningItem,0
376,170061,17006,1,10,AwakeningItem,0
377,170061,17006,1,11,AwakeningItem,0
378,170061,17006,1,12,AwakeningItem,0
379,170061,17006,1,13,AwakeningItem,0
380,170062,17006,1,14,AwakeningItem,0
381,170062,17006,1,15,AwakeningItem,0
382,170062,17006,1,16,AwakeningItem,0
383,170062,17006,1,17,AwakeningItem,0
384,170062,17006,1,18,AwakeningItem,0
385,170062,17006,1,1,TreasureItem,0
386,170070,17007,1,1100,SupportItem,0
387,170070,17007,1,1101,SupportItem,0
388,170070,17007,1,1102,SupportItem,0
389,170070,17007,1,1103,SupportItem,0
390,170070,17007,1,1104,SupportItem,0
391,170070,17007,1,1,TreasureItem,0
392,170071,17007,1,5,SupportItem,0
393,170071,17007,1,1202,SupportItem,0
394,170071,17007,1,1203,SupportItem,0
395,170071,17007,1,1502,SupportItem,0
396,170071,17007,1,6,SupportItem,0
397,170071,17007,1,1,TreasureItem,0
398,170072,17007,1,6,SupportItem,0
399,170072,17007,1,1000,SupportItem,0
400,170072,17007,1,1505,SupportItem,0
401,170072,17007,1,1700,SupportItem,0
402,170072,17007,1,1701,SupportItem,0
403,170072,17007,1,1,TreasureItem,0
404,170080,17008,1,600,TrainingItem,0
405,170080,17008,1,601,TrainingItem,0
406,170080,17008,1,602,TrainingItem,0
407,170080,17008,1,603,TrainingItem,0
408,170080,17008,1,604,TrainingItem,0
409,170080,17008,1,1,TreasureItem,0
410,170081,17008,1,700,TrainingItem,0
411,170081,17008,1,701,TrainingItem,0
412,170081,17008,1,702,TrainingItem,0
413,170081,17008,1,703,TrainingItem,0
414,170081,17008,1,704,TrainingItem,0
415,170081,17008,1,1,TreasureItem,0
416,170082,17008,1,800,TrainingItem,0
417,170082,17008,1,801,TrainingItem,0
418,170082,17008,1,802,TrainingItem,0
419,170082,17008,1,803,TrainingItem,0
420,170082,17008,1,804,TrainingItem,0
421,170082,17008,1,1,TreasureItem,0
422,180010,18001,1,4,AwakeningItem,0
423,180010,18001,1,5,AwakeningItem,0
424,180010,18001,1,6,AwakeningItem,0
425,180010,18001,1,7,AwakeningItem,0
426,180010,18001,1,8,AwakeningItem,0
427,180010,18001,1,1,TreasureItem,0
428,180011,18001,1,9,AwakeningItem,0
429,180011,18001,1,10,AwakeningItem,0
430,180011,18001,1,11,AwakeningItem,0
431,180011,18001,1,12,AwakeningItem,0
432,180011,18001,1,13,AwakeningItem,0
433,180011,18001,1,1,TreasureItem,0
434,180012,18001,1,14,AwakeningItem,0
435,180012,18001,1,15,AwakeningItem,0
436,180012,18001,1,16,AwakeningItem,0
437,180012,18001,1,17,AwakeningItem,0
438,180012,18001,1,18,AwakeningItem,0
439,180012,18001,1,1,TreasureItem,0
440,180020,18002,1,1100,SupportItem,0
441,180020,18002,1,1101,SupportItem,0
442,180020,18002,1,1102,SupportItem,0
443,180020,18002,1,1103,SupportItem,0
444,180020,18002,1,1104,SupportItem,0
445,180020,18002,1,1,TreasureItem,0
446,180021,18002,1,5,SupportItem,0
447,180021,18002,1,1202,SupportItem,0
448,180021,18002,1,1203,SupportItem,0
449,180021,18002,1,1502,SupportItem,0
450,180021,18002,1,6,SupportItem,0
451,180021,18002,1,1,TreasureItem,0
452,180022,18002,1,6,SupportItem,0
453,180022,18002,1,1000,SupportItem,0
454,180022,18002,1,1505,SupportItem,0
455,180022,18002,1,1700,SupportItem,0
456,180022,18002,1,1701,SupportItem,0
457,180022,18002,1,1,TreasureItem,0
458,180030,18003,1,600,TrainingItem,0
459,180030,18003,1,601,TrainingItem,0
460,180030,18003,1,602,TrainingItem,0
461,180030,18003,1,603,TrainingItem,0
462,180030,18003,1,604,TrainingItem,0
463,180030,18003,1,1,TreasureItem,0
464,180031,18003,1,700,TrainingItem,0
465,180031,18003,1,701,TrainingItem,0
466,180031,18003,1,702,TrainingItem,0
467,180031,18003,1,703,TrainingItem,0
468,180031,18003,1,704,TrainingItem,0
469,180031,18003,1,1,TreasureItem,0
470,180032,18003,1,800,TrainingItem,0
471,180032,18003,1,801,TrainingItem,0
472,180032,18003,1,802,TrainingItem,0
473,180032,18003,1,803,TrainingItem,0
474,180032,18003,1,804,TrainingItem,0
475,180032,18003,1,1,TreasureItem,0
476,180040,18004,1,4,AwakeningItem,0
477,180040,18004,1,5,AwakeningItem,0
478,180040,18004,1,6,AwakeningItem,0
479,180040,18004,1,7,AwakeningItem,0
480,180040,18004,1,8,AwakeningItem,0
481,180040,18004,1,1,TreasureItem,0
482,180041,18004,1,9,AwakeningItem,0
483,180041,18004,1,10,AwakeningItem,0
484,180041,18004,1,11,AwakeningItem,0
485,180041,18004,1,12,AwakeningItem,0
486,180041,18004,1,13,AwakeningItem,0
487,180041,18004,1,1,TreasureItem,0
488,180042,18004,1,14,AwakeningItem,0
489,180042,18004,1,15,AwakeningItem,0
490,180042,18004,1,16,AwakeningItem,0
491,180042,18004,1,17,AwakeningItem,0
492,180042,18004,1,18,AwakeningItem,0
493,180042,18004,1,1,TreasureItem,0
494,180050,18005,1,6,SupportItem,0
495,180050,18005,1,1000,SupportItem,0
496,180050,18005,1,1505,SupportItem,0
497,180050,18005,1,1700,SupportItem,0
498,180050,18005,1,1701,SupportItem,0
499,180050,18005,1,1,TreasureItem,0
500,180050,18005,1,1100,SupportItem,0
501,180050,18005,1,1101,SupportItem,0
502,180050,18005,1,1102,SupportItem,0
503,180050,18005,1,1103,SupportItem,0
504,180050,18005,1,1104,SupportItem,0
505,180051,18005,1,6,SupportItem,0
506,180051,18005,1,1000,SupportItem,0
507,180051,18005,1,1505,SupportItem,0
508,180051,18005,1,1700,SupportItem,0
509,180051,18005,1,1701,SupportItem,0
510,180051,18005,1,1,TreasureItem,0
511,180051,18005,1,5,SupportItem,0
512,180051,18005,1,1202,SupportItem,0
513,180051,18005,1,1203,SupportItem,0
514,180051,18005,1,1502,SupportItem,0
515,180052,18005,1,6,SupportItem,0
516,180052,18005,1,1000,SupportItem,0
517,180052,18005,1,1505,SupportItem,0
518,180052,18005,1,1700,SupportItem,0
519,180052,18005,1,1701,SupportItem,0
520,180052,18005,1,1,TreasureItem,0
521,180060,18006,1,600,TrainingItem,0
522,180060,18006,1,601,TrainingItem,0
523,180060,18006,1,602,TrainingItem,0
524,180060,18006,1,603,TrainingItem,0
525,180060,18006,1,604,TrainingItem,0
526,180060,18006,1,1,TreasureItem,0
527,180061,18006,1,700,TrainingItem,0
528,180061,18006,1,701,TrainingItem,0
529,180061,18006,1,702,TrainingItem,0
530,180061,18006,1,703,TrainingItem,0
531,180061,18006,1,704,TrainingItem,0
532,180061,18006,1,1,TreasureItem,0
533,180062,18006,1,800,TrainingItem,0
534,180062,18006,1,801,TrainingItem,0
535,180062,18006,1,802,TrainingItem,0
536,180062,18006,1,803,TrainingItem,0
537,180062,18006,1,804,TrainingItem,0
538,180062,18006,1,1,TreasureItem,0
539,180070,18007,1,4,AwakeningItem,0
540,180070,18007,1,5,AwakeningItem,0
541,180070,18007,1,6,AwakeningItem,0
542,180070,18007,1,7,AwakeningItem,0
543,180070,18007,1,8,AwakeningItem,0
544,180070,18007,1,1,TreasureItem,0
545,180071,18007,1,9,AwakeningItem,0
546,180071,18007,1,10,AwakeningItem,0
547,180071,18007,1,11,AwakeningItem,0
548,180071,18007,1,12,AwakeningItem,0
549,180071,18007,1,13,AwakeningItem,0
550,180071,18007,1,1,TreasureItem,0
551,180072,18007,1,14,AwakeningItem,0
552,180072,18007,1,15,AwakeningItem,0
553,180072,18007,1,16,AwakeningItem,0
554,180072,18007,1,17,AwakeningItem,0
555,180072,18007,1,18,AwakeningItem,0
556,180072,18007,1,1,TreasureItem,0
557,180080,18008,1,1100,SupportItem,0
558,180080,18008,1,1101,SupportItem,0
559,180080,18008,1,1102,SupportItem,0
560,180080,18008,1,1103,SupportItem,0
561,180080,18008,1,1104,SupportItem,0
562,180080,18008,1,1,TreasureItem,0
563,180081,18008,1,5,SupportItem,0
564,180081,18008,1,1202,SupportItem,0
565,180081,18008,1,1203,SupportItem,0
566,180081,18008,1,1502,SupportItem,0
567,180081,18008,1,6,SupportItem,0
568,180081,18008,1,1,TreasureItem,0
569,180082,18008,1,6,SupportItem,0
570,180082,18008,1,1000,SupportItem,0
571,180082,18008,1,1505,SupportItem,0
572,180082,18008,1,1700,SupportItem,0
573,180082,18008,1,1701,SupportItem,0
574,180082,18008,1,1,TreasureItem,0
575,190011,19001,1,800,TrainingItem,0
576,190011,19001,1,801,TrainingItem,0
577,190011,19001,1,802,TrainingItem,0
578,190011,19001,1,803,TrainingItem,0
579,190011,19001,1,804,TrainingItem,0
580,190011,19001,1,1,TreasureItem,0
581,190011,19001,1,600,TrainingItem,0
582,190011,19001,1,601,TrainingItem,0
583,190011,19001,1,602,TrainingItem,0
584,190011,19001,1,603,TrainingItem,0
585,190011,19001,1,604,TrainingItem,0
586,190012,19001,1,800,TrainingItem,0
587,190012,19001,1,801,TrainingItem,0
588,190012,19001,1,802,TrainingItem,0
589,190012,19001,1,803,TrainingItem,0
590,190012,19001,1,804,TrainingItem,0
591,190012,19001,1,1,TreasureItem,0
592,190012,19001,1,700,TrainingItem,0
593,190012,19001,1,701,TrainingItem,0
594,190012,19001,1,702,TrainingItem,0
595,190012,19001,1,703,TrainingItem,0
596,190012,19001,1,704,TrainingItem,0
597,190013,19001,1,800,TrainingItem,0
598,190013,19001,1,801,TrainingItem,0
599,190013,19001,1,802,TrainingItem,0
600,190013,19001,1,803,TrainingItem,0
601,190013,19001,1,804,TrainingItem,0
602,190013,19001,1,1,TreasureItem,0
603,190021,19002,1,4,AwakeningItem,0
604,190021,19002,1,5,AwakeningItem,0
605,190021,19002,1,6,AwakeningItem,0
606,190021,19002,1,7,AwakeningItem,0
607,190021,19002,1,8,AwakeningItem,0
608,190021,19002,1,1,TreasureItem,0
609,190022,19002,1,9,AwakeningItem,0
610,190022,19002,1,10,AwakeningItem,0
611,190022,19002,1,11,AwakeningItem,0
612,190022,19002,1,12,AwakeningItem,0
613,190022,19002,1,13,AwakeningItem,0
614,190022,19002,1,1,TreasureItem,0
615,190023,19002,1,14,AwakeningItem,0
616,190023,19002,1,15,AwakeningItem,0
617,190023,19002,1,16,AwakeningItem,0
618,190023,19002,1,17,AwakeningItem,0
619,190023,19002,1,18,AwakeningItem,0
620,190023,19002,1,1,TreasureItem,0
621,190031,19003,1,1100,SupportItem,0
622,190031,19003,1,1101,SupportItem,0
623,190031,19003,1,1102,SupportItem,0
624,190031,19003,1,1103,SupportItem,0
625,190031,19003,1,1104,SupportItem,0
626,190031,19003,1,1,TreasureItem,0
627,190032,19003,1,5,SupportItem,0
628,190032,19003,1,1202,SupportItem,0
629,190032,19003,1,1203,SupportItem,0
630,190032,19003,1,1502,SupportItem,0
631,190032,19003,1,6,SupportItem,0
632,190032,19003,1,1,TreasureItem,0
633,190033,19003,1,6,SupportItem,0
634,190033,19003,1,1000,SupportItem,0
635,190033,19003,1,1505,SupportItem,0
636,190033,19003,1,1700,SupportItem,0
637,190033,19003,1,1701,SupportItem,0
638,190033,19003,1,1,TreasureItem,0
639,190041,19004,1,600,TrainingItem,0
640,190041,19004,1,601,TrainingItem,0
641,190041,19004,1,602,TrainingItem,0
642,190041,19004,1,603,TrainingItem,0
643,190041,19004,1,604,TrainingItem,0
644,190041,19004,1,1,TreasureItem,0
645,190042,19004,1,700,TrainingItem,0
646,190042,19004,1,701,TrainingItem,0
647,190042,19004,1,702,TrainingItem,0
648,190042,19004,1,703,TrainingItem,0
649,190042,19004,1,704,TrainingItem,0
650,190042,19004,1,1,TreasureItem,0
651,190043,19004,1,800,TrainingItem,0
652,190043,19004,1,801,TrainingItem,0
653,190043,19004,1,802,TrainingItem,0
654,190043,19004,1,803,TrainingItem,0
655,190043,19004,1,804,TrainingItem,0
656,190043,19004,1,1,TreasureItem,0
657,190051,19005,1,4,AwakeningItem,0
658,190051,19005,1,5,AwakeningItem,0
659,190051,19005,1,6,AwakeningItem,0
660,190051,19005,1,7,AwakeningItem,0
661,190051,19005,1,8,AwakeningItem,0
662,190051,19005,1,1,TreasureItem,0
663,190052,19005,1,9,AwakeningItem,0
664,190052,19005,1,10,AwakeningItem,0
665,190052,19005,1,11,AwakeningItem,0
666,190052,19005,1,12,AwakeningItem,0
667,190052,19005,1,13,AwakeningItem,0
668,190052,19005,1,1,TreasureItem,0
669,190053,19005,1,14,AwakeningItem,0
670,190053,19005,1,15,AwakeningItem,0
671,190053,19005,1,16,AwakeningItem,0
672,190053,19005,1,17,AwakeningItem,0
673,190053,19005,1,18,AwakeningItem,0
674,190053,19005,1,1,TreasureItem,0
675,190061,19006,1,1100,SupportItem,0
676,190061,19006,1,1101,SupportItem,0
677,190061,19006,1,1102,SupportItem,0
678,190061,19006,1,1103,SupportItem,0
679,190061,19006,1,1104,SupportItem,0
680,190061,19006,1,1,TreasureItem,0
681,190062,19006,1,5,SupportItem,0
682,190062,19006,1,1202,SupportItem,0
683,190062,19006,1,1203,SupportItem,0
684,190062,19006,1,1502,SupportItem,0
685,190062,19006,1,6,SupportItem,0
686,190062,19006,1,1,TreasureItem,0
687,190063,19006,1,6,SupportItem,0
688,190063,19006,1,1000,SupportItem,0
689,190063,19006,1,1505,SupportItem,0
690,190063,19006,1,1700,SupportItem,0
691,190063,19006,1,1701,SupportItem,0
692,190063,19006,1,1,TreasureItem,0
693,190071,19007,1,600,TrainingItem,0
694,190071,19007,1,601,TrainingItem,0
695,190071,19007,1,602,TrainingItem,0
696,190071,19007,1,603,TrainingItem,0
697,190071,19007,1,604,TrainingItem,0
698,190071,19007,1,1,TreasureItem,0
699,190072,19007,1,700,TrainingItem,0
700,190072,19007,1,701,TrainingItem,0
701,190072,19007,1,702,TrainingItem,0
702,190072,19007,1,703,TrainingItem,0
703,190072,19007,1,704,TrainingItem,0
704,190072,19007,1,1,TreasureItem,0
705,190073,19007,1,800,TrainingItem,0
706,190073,19007,1,801,TrainingItem,0
707,190073,19007,1,802,TrainingItem,0
708,190073,19007,1,803,TrainingItem,0
709,190073,19007,1,804,TrainingItem,0
710,190073,19007,1,1,TreasureItem,0
711,190081,19008,1,4,AwakeningItem,0
712,190081,19008,1,5,AwakeningItem,0
713,190081,19008,1,6,AwakeningItem,0
714,190081,19008,1,7,AwakeningItem,0
715,190081,19008,1,8,AwakeningItem,0
716,190081,19008,1,1,TreasureItem,0
717,190082,19008,1,9,AwakeningItem,0
718,190082,19008,1,10,AwakeningItem,0
719,190082,19008,1,11,AwakeningItem,0
720,190082,19008,1,12,AwakeningItem,0
721,190082,19008,1,13,AwakeningItem,0
722,190082,19008,1,1,TreasureItem,0
723,190083,19008,1,14,AwakeningItem,0
724,190083,19008,1,15,AwakeningItem,0
725,190083,19008,1,16,AwakeningItem,0
726,190083,19008,1,17,AwakeningItem,0
727,190083,19008,1,18,AwakeningItem,0
728,190083,19008,1,1,TreasureItem,0
729,200011,20001,1,1100,SupportItem,0
730,200011,20001,1,1101,SupportItem,0
731,200011,20001,1,1102,SupportItem,0
732,200011,20001,1,1103,SupportItem,0
733,200011,20001,1,1104,SupportItem,0
734,200011,20001,1,1,TreasureItem,0
735,200012,20001,1,5,SupportItem,0
736,200012,20001,1,1202,SupportItem,0
737,200012,20001,1,1203,SupportItem,0
738,200012,20001,1,1502,SupportItem,0
739,200012,20001,1,6,SupportItem,0
740,200012,20001,1,1,TreasureItem,0
741,200013,20001,1,6,SupportItem,0
742,200013,20001,1,1000,SupportItem,0
743,200013,20001,1,1505,SupportItem,0
744,200013,20001,1,1700,SupportItem,0
745,200013,20001,1,1701,SupportItem,0
746,200013,20001,1,1,TreasureItem,0
747,200021,20002,1,600,TrainingItem,0
748,200021,20002,1,601,TrainingItem,0
749,200021,20002,1,602,TrainingItem,0
750,200021,20002,1,603,TrainingItem,0
751,200021,20002,1,604,TrainingItem,0
752,200021,20002,1,1,TreasureItem,0
753,200022,20002,1,700,TrainingItem,0
754,200022,20002,1,701,TrainingItem,0
755,200022,20002,1,702,TrainingItem,0
756,200022,20002,1,703,TrainingItem,0
757,200022,20002,1,704,TrainingItem,0
758,200022,20002,1,1,TreasureItem,0
759,200023,20002,1,800,TrainingItem,0
760,200023,20002,1,801,TrainingItem,0
761,200023,20002,1,802,TrainingItem,0
762,200023,20002,1,803,TrainingItem,0
763,200023,20002,1,804,TrainingItem,0
764,200023,20002,1,1,TreasureItem,0
765,200031,20003,1,4,AwakeningItem,0
766,200031,20003,1,5,AwakeningItem,0
767,200031,20003,1,6,AwakeningItem,0
768,200031,20003,1,7,AwakeningItem,0
769,200031,20003,1,8,AwakeningItem,0
770,200031,20003,1,1,TreasureItem,0
771,200032,20003,1,9,AwakeningItem,0
772,200032,20003,1,10,AwakeningItem,0
773,200032,20003,1,11,AwakeningItem,0
774,200032,20003,1,12,AwakeningItem,0
775,200032,20003,1,13,AwakeningItem,0
776,200032,20003,1,1,TreasureItem,0
777,200033,20003,1,14,AwakeningItem,0
778,200033,20003,1,15,AwakeningItem,0
779,200033,20003,1,16,AwakeningItem,0
780,200033,20003,1,17,AwakeningItem,0
781,200033,20003,1,18,AwakeningItem,0
782,200033,20003,1,1,TreasureItem,0
783,200041,20004,1,1100,SupportItem,0
784,200041,20004,1,1101,SupportItem,0
785,200041,20004,1,1102,SupportItem,0
786,200041,20004,1,1103,SupportItem,0
787,200041,20004,1,1104,SupportItem,0
788,200041,20004,1,1,TreasureItem,0
789,200042,20004,1,5,SupportItem,0
790,200042,20004,1,1202,SupportItem,0
791,200042,20004,1,1203,SupportItem,0
792,200042,20004,1,1502,SupportItem,0
793,200042,20004,1,6,SupportItem,0
794,200042,20004,1,1,TreasureItem,0
795,200043,20004,1,6,SupportItem,0
796,200043,20004,1,1000,SupportItem,0
797,200043,20004,1,1505,SupportItem,0
798,200043,20004,1,1700,SupportItem,0
799,200043,20004,1,1701,SupportItem,0
800,200043,20004,1,1,TreasureItem,0
801,200051,20005,1,600,TrainingItem,0
802,200051,20005,1,601,TrainingItem,0
803,200051,20005,1,602,TrainingItem,0
804,200051,20005,1,603,TrainingItem,0
805,200051,20005,1,604,TrainingItem,0
806,200051,20005,1,1,TreasureItem,0
807,200052,20005,1,700,TrainingItem,0
808,200052,20005,1,701,TrainingItem,0
809,200052,20005,1,702,TrainingItem,0
810,200052,20005,1,703,TrainingItem,0
811,200052,20005,1,704,TrainingItem,0
812,200052,20005,1,1,TreasureItem,0
813,200053,20005,1,800,TrainingItem,0
814,200053,20005,1,801,TrainingItem,0
815,200053,20005,1,802,TrainingItem,0
816,200053,20005,1,803,TrainingItem,0
817,200053,20005,1,804,TrainingItem,0
818,200053,20005,1,1,TreasureItem,0
819,200061,20006,1,4,AwakeningItem,0
820,200061,20006,1,5,AwakeningItem,0
821,200061,20006,1,6,AwakeningItem,0
822,200061,20006,1,7,AwakeningItem,0
823,200061,20006,1,8,AwakeningItem,0
824,200061,20006,1,1,TreasureItem,0
825,200062,20006,1,9,AwakeningItem,0
826,200062,20006,1,10,AwakeningItem,0
827,200062,20006,1,11,AwakeningItem,0
828,200062,20006,1,12,AwakeningItem,0
829,200062,20006,1,13,AwakeningItem,0
830,200062,20006,1,1,TreasureItem,0
831,200063,20006,1,14,AwakeningItem,0
832,200063,20006,1,15,AwakeningItem,0
833,200063,20006,1,16,AwakeningItem,0
834,200063,20006,1,17,AwakeningItem,0
835,200063,20006,1,18,AwakeningItem,0
836,200063,20006,1,1,TreasureItem,0
837,200071,20007,1,1100,SupportItem,0
838,200071,20007,1,1101,SupportItem,0
839,200071,20007,1,1102,SupportItem,0
840,200071,20007,1,1103,SupportItem,0
841,200071,20007,1,1104,SupportItem,0
842,200071,20007,1,1,TreasureItem,0
843,200071,20007,1,6,SupportItem,0
844,200071,20007,1,1000,SupportItem,0
845,200071,20007,1,1505,SupportItem,0
846,200071,20007,1,1700,SupportItem,0
847,200071,20007,1,1701,SupportItem,0
848,200072,20007,1,5,SupportItem,0
849,200072,20007,1,1202,SupportItem,0
850,200072,20007,1,1203,SupportItem,0
851,200072,20007,1,1502,SupportItem,0
852,200072,20007,1,6,SupportItem,0
853,200072,20007,1,1,TreasureItem,0
854,200072,20007,1,1000,SupportItem,0
855,200072,20007,1,1505,SupportItem,0
856,200072,20007,1,1700,SupportItem,0
857,200072,20007,1,1701,SupportItem,0
858,200073,20007,1,6,SupportItem,0
859,200073,20007,1,1000,SupportItem,0
860,200073,20007,1,1505,SupportItem,0
861,200073,20007,1,1700,SupportItem,0
862,200073,20007,1,1701,SupportItem,0
863,200073,20007,1,1,TreasureItem,0
864,200081,20008,1,600,TrainingItem,0
865,200081,20008,1,601,TrainingItem,0
866,200081,20008,1,602,TrainingItem,0
867,200081,20008,1,603,TrainingItem,0
868,200081,20008,1,604,TrainingItem,0
869,200081,20008,1,1,TreasureItem,0
870,200082,20008,1,700,TrainingItem,0
871,200082,20008,1,701,TrainingItem,0
872,200082,20008,1,702,TrainingItem,0
873,200082,20008,1,703,TrainingItem,0
874,200082,20008,1,704,TrainingItem,0
875,200082,20008,1,1,TreasureItem,0
876,200083,20008,1,800,TrainingItem,0
877,200083,20008,1,801,TrainingItem,0
878,200083,20008,1,802,TrainingItem,0
879,200083,20008,1,803,TrainingItem,0
880,200083,20008,1,804,TrainingItem,0
881,200083,20008,1,1,TreasureItem,0
882,210011,21001,1,4,AwakeningItem,0
883,210011,21001,1,5,AwakeningItem,0
884,210011,21001,1,6,AwakeningItem,0
885,210011,21001,1,7,AwakeningItem,0
886,210011,21001,1,8,AwakeningItem,0
887,210011,21001,1,1,TreasureItem,0
888,210012,21001,1,9,AwakeningItem,0
889,210012,21001,1,10,AwakeningItem,0
890,210012,21001,1,11,AwakeningItem,0
891,210012,21001,1,12,AwakeningItem,0
892,210012,21001,1,13,AwakeningItem,0
893,210012,21001,1,1,TreasureItem,0
894,210013,21001,1,14,AwakeningItem,0
895,210013,21001,1,15,AwakeningItem,0
896,210013,21001,1,16,AwakeningItem,0
897,210013,21001,1,17,AwakeningItem,0
898,210013,21001,1,18,AwakeningItem,0
899,210013,21001,1,1,TreasureItem,0
900,210021,21002,1,1100,SupportItem,0
901,210021,21002,1,1101,SupportItem,0
902,210021,21002,1,1102,SupportItem,0
903,210021,21002,1,1103,SupportItem,0
904,210021,21002,1,1104,SupportItem,0
905,210021,21002,1,1,TreasureItem,0
906,210022,21002,1,5,SupportItem,0
907,210022,21002,1,1202,SupportItem,0
908,210022,21002,1,1203,SupportItem,0
909,210022,21002,1,1502,SupportItem,0
910,210022,21002,1,6,SupportItem,0
911,210022,21002,1,1,TreasureItem,0
912,210023,21002,1,6,SupportItem,0
913,210023,21002,1,1000,SupportItem,0
914,210023,21002,1,1505,SupportItem,0
915,210023,21002,1,1700,SupportItem,0
916,210023,21002,1,1701,SupportItem,0
917,210023,21002,1,1,TreasureItem,0
918,210031,21003,1,600,TrainingItem,0
919,210031,21003,1,601,TrainingItem,0
920,210031,21003,1,602,TrainingItem,0
921,210031,21003,1,603,TrainingItem,0
922,210031,21003,1,604,TrainingItem,0
923,210031,21003,1,1,TreasureItem,0
924,210032,21003,1,700,TrainingItem,0
925,210032,21003,1,701,TrainingItem,0
926,210032,21003,1,702,TrainingItem,0
927,210032,21003,1,703,TrainingItem,0
928,210032,21003,1,704,TrainingItem,0
929,210032,21003,1,1,TreasureItem,0
930,210033,21003,1,800,TrainingItem,0
931,210033,21003,1,801,TrainingItem,0
932,210033,21003,1,802,TrainingItem,0
933,210033,21003,1,803,TrainingItem,0
934,210033,21003,1,804,TrainingItem,0
935,210033,21003,1,1,TreasureItem,0
936,220011,22001,1,600,TrainingItem,0
937,220011,22001,1,601,TrainingItem,0
938,220011,22001,1,602,TrainingItem,0
939,220011,22001,1,603,TrainingItem,0
940,220011,22001,1,604,TrainingItem,0
941,220011,22001,1,1,TreasureItem,0
942,220012,22001,1,700,TrainingItem,0
943,220012,22001,1,701,TrainingItem,0
944,220012,22001,1,702,TrainingItem,0
945,220012,22001,1,703,TrainingItem,0
946,220012,22001,1,704,TrainingItem,0
947,220012,22001,1,1,TreasureItem,0
948,220013,22001,1,800,TrainingItem,0
949,220013,22001,1,801,TrainingItem,0
950,220013,22001,1,802,TrainingItem,0
951,220013,22001,1,803,TrainingItem,0
952,220013,22001,1,804,TrainingItem,0
953,220013,22001,1,1,TreasureItem,0
954,220021,22002,1,4,AwakeningItem,0
955,220021,22002,1,5,AwakeningItem,0
956,220021,22002,1,6,AwakeningItem,0
957,220021,22002,1,7,AwakeningItem,0
958,220021,22002,1,8,AwakeningItem,0
959,220021,22002,1,1,TreasureItem,0
960,220022,22002,1,9,AwakeningItem,0
961,220022,22002,1,10,AwakeningItem,0
962,220022,22002,1,11,AwakeningItem,0
963,220022,22002,1,12,AwakeningItem,0
964,220022,22002,1,13,AwakeningItem,0
965,220022,22002,1,1,TreasureItem,0
966,220023,22002,1,14,AwakeningItem,0
967,220023,22002,1,15,AwakeningItem,0
968,220023,22002,1,16,AwakeningItem,0
969,220023,22002,1,17,AwakeningItem,0
970,220023,22002,1,18,AwakeningItem,0
971,220023,22002,1,1,TreasureItem,0
972,220031,22003,1,1100,SupportItem,0
973,220031,22003,1,1101,SupportItem,0
974,220031,22003,1,1102,SupportItem,0
975,220031,22003,1,1103,SupportItem,0
976,220031,22003,1,1104,SupportItem,0
977,220031,22003,1,1,TreasureItem,0
978,220032,22003,1,5,SupportItem,0
979,220032,22003,1,1202,SupportItem,0
980,220032,22003,1,1203,SupportItem,0
981,220032,22003,1,1502,SupportItem,0
982,220032,22003,1,6,SupportItem,0
983,220032,22003,1,1,TreasureItem,0
984,220033,22003,1,6,SupportItem,0
985,220033,22003,1,1000,SupportItem,0
986,220033,22003,1,1505,SupportItem,0
987,220033,22003,1,1700,SupportItem,0
988,220033,22003,1,1701,SupportItem,0
989,220033,22003,1,1,TreasureItem,0
990,220041,22004,1,600,TrainingItem,0
991,220041,22004,1,601,TrainingItem,0
992,220041,22004,1,602,TrainingItem,0
993,220041,22004,1,603,TrainingItem,0
994,220041,22004,1,604,TrainingItem,0
995,220041,22004,1,1,TreasureItem,0
996,220042,22004,1,700,TrainingItem,0
997,220042,22004,1,701,TrainingItem,0
998,220042,22004,1,702,TrainingItem,0
999,220042,22004,1,703,TrainingItem,0
1000,220042,22004,1,704,TrainingItem,0
1001,220042,22004,1,1,TreasureItem,0
1002,220043,22004,1,800,TrainingItem,0
1003,220043,22004,1,801,TrainingItem,0
1004,220043,22004,1,802,TrainingItem,0
1005,220043,22004,1,803,TrainingItem,0
1006,220043,22004,1,804,TrainingItem,0
1007,220043,22004,1,1,TreasureItem,0
1008,220051,22005,1,4,AwakeningItem,0
1009,220051,22005,1,5,AwakeningItem,0
1010,220051,22005,1,6,AwakeningItem,0
1011,220051,22005,1,7,AwakeningItem,0
1012,220051,22005,1,8,AwakeningItem,0
1013,220051,22005,1,1,TreasureItem,0
1014,220052,22005,1,9,AwakeningItem,0
1015,220052,22005,1,10,AwakeningItem,0
1016,220052,22005,1,11,AwakeningItem,0
1017,220052,22005,1,12,AwakeningItem,0
1018,220052,22005,1,13,AwakeningItem,0
1019,220052,22005,1,1,TreasureItem,0
1020,220053,22005,1,14,AwakeningItem,0
1021,220053,22005,1,15,AwakeningItem,0
1022,220053,22005,1,16,AwakeningItem,0
1023,220053,22005,1,17,AwakeningItem,0
1024,220053,22005,1,18,AwakeningItem,0
1025,220053,22005,1,1,TreasureItem,0
1026,220061,22006,1,1100,SupportItem,0
1027,220061,22006,1,1101,SupportItem,0
1028,220061,22006,1,1102,SupportItem,0
1029,220061,22006,1,1103,SupportItem,0
1030,220061,22006,1,1104,SupportItem,0
1031,220061,22006,1,1,TreasureItem,0
1032,220062,22006,1,5,SupportItem,0
1033,220062,22006,1,1202,SupportItem,0
1034,220062,22006,1,1203,SupportItem,0
1035,220062,22006,1,1502,SupportItem,0
1036,220062,22006,1,6,SupportItem,0
1037,220062,22006,1,1,TreasureItem,0
1038,220063,22006,1,6,SupportItem,0
1039,220063,22006,1,1000,SupportItem,0
1040,220063,22006,1,1505,SupportItem,0
1041,220063,22006,1,1700,SupportItem,0
1042,220063,22006,1,1701,SupportItem,0
1043,220063,22006,1,1,TreasureItem,0
1044,220071,22007,1,600,TrainingItem,0
1045,220071,22007,1,601,TrainingItem,0
1046,220071,22007,1,602,TrainingItem,0
1047,220071,22007,1,603,TrainingItem,0
1048,220071,22007,1,604,TrainingItem,0
1049,220071,22007,1,1,TreasureItem,0
1050,220072,22007,1,700,TrainingItem,0
1051,220072,22007,1,701,TrainingItem,0
1052,220072,22007,1,702,TrainingItem,0
1053,220072,22007,1,703,TrainingItem,0
1054,220072,22007,1,704,TrainingItem,0
1055,220072,22007,1,1,TreasureItem,0
1056,220073,22007,1,800,TrainingItem,0
1057,220073,22007,1,801,TrainingItem,0
1058,220073,22007,1,802,TrainingItem,0
1059,220073,22007,1,803,TrainingItem,0
1060,220073,22007,1,804,TrainingItem,0
1061,220073,22007,1,1,TreasureItem,0
1062,220081,22008,1,4,AwakeningItem,0
1063,220081,22008,1,5,AwakeningItem,0
1064,220081,22008,1,6,AwakeningItem,0
1065,220081,22008,1,7,AwakeningItem,0
1066,220081,22008,1,8,AwakeningItem,0
1067,220081,22008,1,1,TreasureItem,0
1068,220082,22008,1,9,AwakeningItem,0
1069,220082,22008,1,10,AwakeningItem,0
1070,220082,22008,1,11,AwakeningItem,0
1071,220082,22008,1,12,AwakeningItem,0
1072,220082,22008,1,13,AwakeningItem,0
1073,220082,22008,1,1,TreasureItem,0
1074,220083,22008,1,14,AwakeningItem,0
1075,220083,22008,1,15,AwakeningItem,0
1076,220083,22008,1,16,AwakeningItem,0
1077,220083,22008,1,17,AwakeningItem,0
1078,220083,22008,1,18,AwakeningItem,0
1079,220083,22008,1,1,TreasureItem,0
1080,230011,23001,1,1100,SupportItem,0
1081,230011,23001,1,1101,SupportItem,0
1082,230011,23001,1,1102,SupportItem,0
1083,230011,23001,1,1103,SupportItem,0
1084,230011,23001,1,1104,SupportItem,0
1085,230011,23001,1,1,TreasureItem,0
1086,230012,23001,1,5,SupportItem,0
1087,230012,23001,1,1202,SupportItem,0
1088,230012,23001,1,1203,SupportItem,0
1089,230012,23001,1,1502,SupportItem,0
1090,230012,23001,1,6,SupportItem,0
1091,230012,23001,1,1,TreasureItem,0
1092,230013,23001,1,6,SupportItem,0
1093,230013,23001,1,1000,SupportItem,0
1094,230013,23001,1,1505,SupportItem,0
1095,230013,23001,1,1700,SupportItem,0
1096,230013,23001,1,1701,SupportItem,0
1097,230013,23001,1,1,TreasureItem,0
1098,230021,23002,1,600,TrainingItem,0
1099,230021,23002,1,601,TrainingItem,0
1100,230021,23002,1,602,TrainingItem,0
1101,230021,23002,1,603,TrainingItem,0
1102,230021,23002,1,604,TrainingItem,0
1103,230021,23002,1,1,TreasureItem,0
1104,230022,23002,1,700,TrainingItem,0
1105,230022,23002,1,701,TrainingItem,0
1106,230022,23002,1,702,TrainingItem,0
1107,230022,23002,1,703,TrainingItem,0
1108,230022,23002,1,704,TrainingItem,0
1109,230022,23002,1,1,TreasureItem,0
1110,230023,23002,1,800,TrainingItem,0
1111,230023,23002,1,801,TrainingItem,0
1112,230023,23002,1,802,TrainingItem,0
1113,230023,23002,1,803,TrainingItem,0
1114,230023,23002,1,804,TrainingItem,0
1115,230023,23002,1,1,TreasureItem,0
1116,230031,23003,1,4,AwakeningItem,0
1117,230031,23003,1,5,AwakeningItem,0
1118,230031,23003,1,6,AwakeningItem,0
1119,230031,23003,1,7,AwakeningItem,0
1120,230031,23003,1,8,AwakeningItem,0
1121,230031,23003,1,1,TreasureItem,0
1122,230032,23003,1,9,AwakeningItem,0
1123,230032,23003,1,10,AwakeningItem,0
1124,230032,23003,1,11,AwakeningItem,0
1125,230032,23003,1,12,AwakeningItem,0
1126,230032,23003,1,13,AwakeningItem,0
1127,230032,23003,1,1,TreasureItem,0
1128,230033,23003,1,14,AwakeningItem,0
1129,230033,23003,1,15,AwakeningItem,0
1130,230033,23003,1,16,AwakeningItem,0
1131,230033,23003,1,17,AwakeningItem,0
1132,230033,23003,1,18,AwakeningItem,0
1133,230033,23003,1,1,TreasureItem,0
1134,230041,23004,1,1100,SupportItem,0
1135,230041,23004,1,1101,SupportItem,0
1136,230041,23004,1,1102,SupportItem,0
1137,230041,23004,1,1103,SupportItem,0
1138,230041,23004,1,1104,SupportItem,0
1139,230041,23004,1,1,TreasureItem,0
1140,230042,23004,1,5,SupportItem,0
1141,230042,23004,1,1202,SupportItem,0
1142,230042,23004,1,1203,SupportItem,0
1143,230042,23004,1,1502,SupportItem,0
1144,230042,23004,1,6,SupportItem,0
1145,230042,23004,1,1,TreasureItem,0
1146,230043,23004,1,6,SupportItem,0
1147,230043,23004,1,1000,SupportItem,0
1148,230043,23004,1,1505,SupportItem,0
1149,230043,23004,1,1700,SupportItem,0
1150,230043,23004,1,1701,SupportItem,0
1151,230043,23004,1,1,TreasureItem,0
1152,230051,23005,1,600,TrainingItem,0
1153,230051,23005,1,601,TrainingItem,0
1154,230051,23005,1,602,TrainingItem,0
1155,230051,23005,1,603,TrainingItem,0
1156,230051,23005,1,604,TrainingItem,0
1157,230051,23005,1,1,TreasureItem,0
1158,230052,23005,1,700,TrainingItem,0
1159,230052,23005,1,701,TrainingItem,0
1160,230052,23005,1,702,TrainingItem,0
1161,230052,23005,1,703,TrainingItem,0
1162,230052,23005,1,704,TrainingItem,0
1163,230052,23005,1,1,TreasureItem,0
1164,230053,23005,1,800,TrainingItem,0
1165,230053,23005,1,801,TrainingItem,0
1166,230053,23005,1,802,TrainingItem,0
1167,230053,23005,1,803,TrainingItem,0
1168,230053,23005,1,804,TrainingItem,0
1169,230053,23005,1,1,TreasureItem,0
1170,230061,23006,1,4,AwakeningItem,0
1171,230061,23006,1,5,AwakeningItem,0
1172,230061,23006,1,6,AwakeningItem,0
1173,230061,23006,1,7,AwakeningItem,0
1174,230061,23006,1,8,AwakeningItem,0
1175,230061,23006,1,1,TreasureItem,0
1176,230062,23006,1,9,AwakeningItem,0
1177,230062,23006,1,10,AwakeningItem,0
1178,230062,23006,1,11,AwakeningItem,0
1179,230062,23006,1,12,AwakeningItem,0
1180,230062,23006,1,13,AwakeningItem,0
1181,230062,23006,1,1,TreasureItem,0
1182,230063,23006,1,14,AwakeningItem,0
1183,230063,23006,1,15,AwakeningItem,0
1184,230063,23006,1,16,AwakeningItem,0
1185,230063,23006,1,17,AwakeningItem,0
1186,230063,23006,1,18,AwakeningItem,0
1187,230063,23006,1,1,TreasureItem,0
1188,230071,23007,1,1100,SupportItem,0
1189,230071,23007,1,1101,SupportItem,0
1190,230071,23007,1,1102,SupportItem,0
1191,230071,23007,1,1103,SupportItem,0
1192,230071,23007,1,1104,SupportItem,0
1193,230071,23007,1,1,TreasureItem,0
1194,230072,23007,1,5,SupportItem,0
1195,230072,23007,1,1202,SupportItem,0
1196,230072,23007,1,1203,SupportItem,0
1197,230072,23007,1,1502,SupportItem,0
1198,230072,23007,1,6,SupportItem,0
1199,230072,23007,1,1,TreasureItem,0
1200,230073,23007,1,6,SupportItem,0
1201,230073,23007,1,1000,SupportItem,0
1202,230073,23007,1,1505,SupportItem,0
1203,230073,23007,1,1700,SupportItem,0
1204,230073,23007,1,1701,SupportItem,0
1205,230073,23007,1,1,TreasureItem,0
1206,230081,23008,1,600,TrainingItem,0
1207,230081,23008,1,601,TrainingItem,0
1208,230081,23008,1,602,TrainingItem,0
1209,230081,23008,1,603,TrainingItem,0
1210,230081,23008,1,604,TrainingItem,0
1211,230081,23008,1,1,TreasureItem,0
1212,230082,23008,1,700,TrainingItem,0
1213,230082,23008,1,701,TrainingItem,0
1214,230082,23008,1,702,TrainingItem,0
1215,230082,23008,1,703,TrainingItem,0
1216,230082,23008,1,704,TrainingItem,0
1217,230082,23008,1,1,TreasureItem,0
1218,230083,23008,1,800,TrainingItem,0
1219,230083,23008,1,801,TrainingItem,0
1220,230083,23008,1,802,TrainingItem,0
1221,230083,23008,1,803,TrainingItem,0
1222,230083,23008,1,804,TrainingItem,0
1223,230083,23008,1,1,TreasureItem,0
1224,240011,24001,1,4,AwakeningItem,0
1225,240011,24001,1,5,AwakeningItem,0
1226,240011,24001,1,6,AwakeningItem,0
1227,240011,24001,1,7,AwakeningItem,0
1228,240011,24001,1,8,AwakeningItem,0
1229,240011,24001,1,1,TreasureItem,0
1230,240012,24001,1,9,AwakeningItem,0
1231,240012,24001,1,10,AwakeningItem,0
1232,240012,24001,1,11,AwakeningItem,0
1233,240012,24001,1,12,AwakeningItem,0
1234,240012,24001,1,13,AwakeningItem,0
1235,240012,24001,1,1,TreasureItem,0
1236,240013,24001,1,14,AwakeningItem,0
1237,240013,24001,1,15,AwakeningItem,0
1238,240013,24001,1,16,AwakeningItem,0
1239,240013,24001,1,17,AwakeningItem,0
1240,240013,24001,1,18,AwakeningItem,0
1241,240013,24001,1,1,TreasureItem,0
1242,240021,24002,1,1100,SupportItem,0
1243,240021,24002,1,1101,SupportItem,0
1244,240021,24002,1,1102,SupportItem,0
1245,240021,24002,1,1103,SupportItem,0
1246,240021,24002,1,1104,SupportItem,0
1247,240021,24002,1,1,TreasureItem,0
1248,240022,24002,1,5,SupportItem,0
1249,240022,24002,1,1202,SupportItem,0
1250,240022,24002,1,1203,SupportItem,0
1251,240022,24002,1,1502,SupportItem,0
1252,240022,24002,1,6,SupportItem,0
1253,240022,24002,1,1,TreasureItem,0
1254,240023,24002,1,6,SupportItem,0
1255,240023,24002,1,1000,SupportItem,0
1256,240023,24002,1,1505,SupportItem,0
1257,240023,24002,1,1700,SupportItem,0
1258,240023,24002,1,1701,SupportItem,0
1259,240023,24002,1,1,TreasureItem,0
1260,240031,24003,1,600,TrainingItem,0
1261,240031,24003,1,601,TrainingItem,0
1262,240031,24003,1,602,TrainingItem,0
1263,240031,24003,1,603,TrainingItem,0
1264,240031,24003,1,604,TrainingItem,0
1265,240031,24003,1,1,TreasureItem,0
1266,240032,24003,1,700,TrainingItem,0
1267,240032,24003,1,701,TrainingItem,0
1268,240032,24003,1,702,TrainingItem,0
1269,240032,24003,1,703,TrainingItem,0
1270,240032,24003,1,704,TrainingItem,0
1271,240032,24003,1,1,TreasureItem,0
1272,240033,24003,1,800,TrainingItem,0
1273,240033,24003,1,801,TrainingItem,0
1274,240033,24003,1,802,TrainingItem,0
1275,240033,24003,1,803,TrainingItem,0
1276,240033,24003,1,804,TrainingItem,0
1277,240033,24003,1,1,TreasureItem,0
1278,240041,24004,1,600,TrainingItem,0
1279,240041,24004,1,601,TrainingItem,0
1280,240041,24004,1,602,TrainingItem,0
1281,240041,24004,1,603,TrainingItem,0
1282,240041,24004,1,604,TrainingItem,0
1283,240041,24004,1,1,TreasureItem,0
1284,240042,24004,1,700,TrainingItem,0
1285,240042,24004,1,701,TrainingItem,0
1286,240042,24004,1,702,TrainingItem,0
1287,240042,24004,1,703,TrainingItem,0
1288,240042,24004,1,704,TrainingItem,0
1289,240042,24004,1,1,TreasureItem,0
1290,240043,24004,1,800,TrainingItem,0
1291,240043,24004,1,801,TrainingItem,0
1292,240043,24004,1,802,TrainingItem,0
1293,240043,24004,1,803,TrainingItem,0
1294,240043,24004,1,804,TrainingItem,0
1295,240043,24004,1,1,TreasureItem,0
1296,240051,24005,1,600,TrainingItem,0
1297,240051,24005,1,601,TrainingItem,0
1298,240051,24005,1,602,TrainingItem,0
1299,240051,24005,1,603,TrainingItem,0
1300,240051,24005,1,604,TrainingItem,0
1301,240051,24005,1,1,TreasureItem,0
1302,240052,24005,1,700,TrainingItem,0
1303,240052,24005,1,701,TrainingItem,0
1304,240052,24005,1,702,TrainingItem,0
1305,240052,24005,1,703,TrainingItem,0
1306,240052,24005,1,704,TrainingItem,0
1307,240052,24005,1,1,TreasureItem,0
1308,240053,24005,1,6,SupportItem,0
1309,240053,24005,1,1000,SupportItem,0
1310,240053,24005,1,1505,SupportItem,0
1311,240053,24005,1,1700,SupportItem,0
1312,240053,24005,1,1701,SupportItem,0
1313,240053,24005,1,1,TreasureItem,0
1314,240061,24006,1,600,TrainingItem,0
1315,240061,24006,1,601,TrainingItem,0
1316,240061,24006,1,602,TrainingItem,0
1317,240061,24006,1,603,TrainingItem,0
1318,240061,24006,1,604,TrainingItem,0
1319,240061,24006,1,1,TreasureItem,0
1320,240062,24006,1,700,TrainingItem,0
1321,240062,24006,1,701,TrainingItem,0
1322,240062,24006,1,702,TrainingItem,0
1323,240062,24006,1,703,TrainingItem,0
1324,240062,24006,1,704,TrainingItem,0
1325,240062,24006,1,1,TreasureItem,0
1326,240063,24006,1,800,TrainingItem,0
1327,240063,24006,1,801,TrainingItem,0
1328,240063,24006,1,802,TrainingItem,0
1329,240063,24006,1,803,TrainingItem,0
1330,240063,24006,1,804,TrainingItem,0
1331,240063,24006,1,1,TreasureItem,0
1332,240071,24007,1,4,AwakeningItem,0
1333,240071,24007,1,5,AwakeningItem,0
1334,240071,24007,1,6,AwakeningItem,0
1335,240071,24007,1,7,AwakeningItem,0
1336,240071,24007,1,8,AwakeningItem,0
1337,240071,24007,1,1,TreasureItem,0
1338,240072,24007,1,9,AwakeningItem,0
1339,240072,24007,1,10,AwakeningItem,0
1340,240072,24007,1,11,AwakeningItem,0
1341,240072,24007,1,12,AwakeningItem,0
1342,240072,24007,1,13,AwakeningItem,0
1343,240072,24007,1,1,TreasureItem,0
1344,240073,24007,1,14,AwakeningItem,0
1345,240073,24007,1,15,AwakeningItem,0
1346,240073,24007,1,16,AwakeningItem,0
1347,240073,24007,1,17,AwakeningItem,0
1348,240073,24007,1,18,AwakeningItem,0
1349,240073,24007,1,1,TreasureItem,0
1350,240081,24008,1,600,TrainingItem,0
1351,240081,24008,1,601,TrainingItem,0
1352,240081,24008,1,602,TrainingItem,0
1353,240081,24008,1,603,TrainingItem,0
1354,240081,24008,1,604,TrainingItem,0
1355,240081,24008,1,1,TreasureItem,0
1356,240082,24008,1,700,TrainingItem,0
1357,240082,24008,1,701,TrainingItem,0
1358,240082,24008,1,702,TrainingItem,0
1359,240082,24008,1,703,TrainingItem,0
1360,240082,24008,1,704,TrainingItem,0
1361,240082,24008,1,1,TreasureItem,0
1362,240083,24008,1,6,SupportItem,0
1363,240083,24008,1,1000,SupportItem,0
1364,240083,24008,1,1505,SupportItem,0
1365,240083,24008,1,1700,SupportItem,0
1366,240083,24008,1,1701,SupportItem,0
1367,240083,24008,1,1,TreasureItem,0
1368,250011,25001,1,600,TrainingItem,0
1369,250011,25001,1,601,TrainingItem,0
1370,250011,25001,1,602,TrainingItem,0
1371,250011,25001,1,603,TrainingItem,0
1372,250011,25001,1,604,TrainingItem,0
1373,250011,25001,1,1,TreasureItem,0
1374,250012,25001,1,700,TrainingItem,0
1375,250012,25001,1,701,TrainingItem,0
1376,250012,25001,1,702,TrainingItem,0
1377,250012,25001,1,703,TrainingItem,0
1378,250012,25001,1,704,TrainingItem,0
1379,250012,25001,1,1,TreasureItem,0
1380,250013,25001,1,800,TrainingItem,0
1381,250013,25001,1,801,TrainingItem,0
1382,250013,25001,1,802,TrainingItem,0
1383,250013,25001,1,803,TrainingItem,0
1384,250013,25001,1,804,TrainingItem,0
1385,250013,25001,1,1,TreasureItem,0
1386,250021,25002,1,4,AwakeningItem,0
1387,250021,25002,1,5,AwakeningItem,0
1388,250021,25002,1,6,AwakeningItem,0
1389,250021,25002,1,7,AwakeningItem,0
1390,250021,25002,1,8,AwakeningItem,0
1391,250021,25002,1,1,TreasureItem,0
1392,250022,25002,1,9,AwakeningItem,0
1393,250022,25002,1,10,AwakeningItem,0
1394,250022,25002,1,11,AwakeningItem,0
1395,250022,25002,1,12,AwakeningItem,0
1396,250022,25002,1,13,AwakeningItem,0
1397,250022,25002,1,1,TreasureItem,0
1398,250023,25002,1,14,AwakeningItem,0
1399,250023,25002,1,15,AwakeningItem,0
1400,250023,25002,1,16,AwakeningItem,0
1401,250023,25002,1,17,AwakeningItem,0
1402,250023,25002,1,18,AwakeningItem,0
1403,250023,25002,1,1,TreasureItem,0
1404,250031,25003,1,1100,SupportItem,0
1405,250031,25003,1,1101,SupportItem,0
1406,250031,25003,1,1102,SupportItem,0
1407,250031,25003,1,1103,SupportItem,0
1408,250031,25003,1,1104,SupportItem,0
1409,250031,25003,1,1,TreasureItem,0
1410,250032,25003,1,5,SupportItem,0
1411,250032,25003,1,1202,SupportItem,0
1412,250032,25003,1,1203,SupportItem,0
1413,250032,25003,1,1502,SupportItem,0
1414,250032,25003,1,6,SupportItem,0
1415,250032,25003,1,1,TreasureItem,0
1416,250033,25003,1,6,SupportItem,0
1417,250033,25003,1,1000,SupportItem,0
1418,250033,25003,1,1505,SupportItem,0
1419,250033,25003,1,1700,SupportItem,0
1420,250033,25003,1,1701,SupportItem,0
1421,250033,25003,1,1,TreasureItem,0
1422,250041,25004,1,600,TrainingItem,0
1423,250041,25004,1,601,TrainingItem,0
1424,250041,25004,1,602,TrainingItem,0
1425,250041,25004,1,603,TrainingItem,0
1426,250041,25004,1,604,TrainingItem,0
1427,250041,25004,1,1,TreasureItem,0
1428,250042,25004,1,700,TrainingItem,0
1429,250042,25004,1,701,TrainingItem,0
1430,250042,25004,1,702,TrainingItem,0
1431,250042,25004,1,703,TrainingItem,0
1432,250042,25004,1,704,TrainingItem,0
1433,250042,25004,1,1,TreasureItem,0
1434,250043,25004,1,800,TrainingItem,0
1435,250043,25004,1,801,TrainingItem,0
1436,250043,25004,1,802,TrainingItem,0
1437,250043,25004,1,803,TrainingItem,0
1438,250043,25004,1,804,TrainingItem,0
1439,250043,25004,1,1,TreasureItem,0
1440,250051,25005,1,4,AwakeningItem,0
1441,250051,25005,1,5,AwakeningItem,0
1442,250051,25005,1,6,AwakeningItem,0
1443,250051,25005,1,7,AwakeningItem,0
1444,250051,25005,1,8,AwakeningItem,0
1445,250051,25005,1,1,TreasureItem,0
1446,250052,25005,1,9,AwakeningItem,0
1447,250052,25005,1,10,AwakeningItem,0
1448,250052,25005,1,11,AwakeningItem,0
1449,250052,25005,1,12,AwakeningItem,0
1450,250052,25005,1,13,AwakeningItem,0
1451,250052,25005,1,1,TreasureItem,0
1452,250053,25005,1,14,AwakeningItem,0
1453,250053,25005,1,15,AwakeningItem,0
1454,250053,25005,1,16,AwakeningItem,0
1455,250053,25005,1,17,AwakeningItem,0
1456,250053,25005,1,18,AwakeningItem,0
1457,250053,25005,1,1,TreasureItem,0
1458,250061,25006,1,1100,SupportItem,0
1459,250061,25006,1,1101,SupportItem,0
1460,250061,25006,1,1102,SupportItem,0
1461,250061,25006,1,1103,SupportItem,0
1462,250061,25006,1,1104,SupportItem,0
1463,250061,25006,1,1,TreasureItem,0
1464,250062,25006,1,5,SupportItem,0
1465,250062,25006,1,1202,SupportItem,0
1466,250062,25006,1,1203,SupportItem,0
1467,250062,25006,1,1502,SupportItem,0
1468,250062,25006,1,6,SupportItem,0
1469,250062,25006,1,1,TreasureItem,0
1470,250063,25006,1,6,SupportItem,0
1471,250063,25006,1,1000,SupportItem,0
1472,250063,25006,1,1505,SupportItem,0
1473,250063,25006,1,1700,SupportItem,0
1474,250063,25006,1,1701,SupportItem,0
1475,250063,25006,1,1,TreasureItem,0
1476,250071,25007,1,600,TrainingItem,0
1477,250071,25007,1,601,TrainingItem,0
1478,250071,25007,1,602,TrainingItem,0
1479,250071,25007,1,603,TrainingItem,0
1480,250071,25007,1,604,TrainingItem,0
1481,250071,25007,1,1,TreasureItem,0
1482,250072,25007,1,700,TrainingItem,0
1483,250072,25007,1,701,TrainingItem,0
1484,250072,25007,1,702,TrainingItem,0
1485,250072,25007,1,703,TrainingItem,0
1486,250072,25007,1,704,TrainingItem,0
1487,250072,25007,1,1,TreasureItem,0
1488,250073,25007,1,800,TrainingItem,0
1489,250073,25007,1,801,TrainingItem,0
1490,250073,25007,1,802,TrainingItem,0
1491,250073,25007,1,803,TrainingItem,0
1492,250073,25007,1,804,TrainingItem,0
1493,250073,25007,1,1,TreasureItem,0
1494,250081,25008,1,4,AwakeningItem,0
1495,250081,25008,1,5,AwakeningItem,0
1496,250081,25008,1,6,AwakeningItem,0
1497,250081,25008,1,7,AwakeningItem,0
1498,250081,25008,1,8,AwakeningItem,0
1499,250081,25008,1,1,TreasureItem,0
1500,250082,25008,1,9,AwakeningItem,0
1501,250082,25008,1,10,AwakeningItem,0
1502,250082,25008,1,11,AwakeningItem,0
1503,250082,25008,1,12,AwakeningItem,0
1504,250082,25008,1,13,AwakeningItem,0
1505,250082,25008,1,1,TreasureItem,0
1506,250083,25008,1,14,AwakeningItem,0
1507,250083,25008,1,15,AwakeningItem,0
1508,250083,25008,1,16,AwakeningItem,0
1509,250083,25008,1,17,AwakeningItem,0
1510,250083,25008,1,18,AwakeningItem,0
1511,250083,25008,1,1,TreasureItem,0
1512,260011,26001,1,1100,SupportItem,0
1513,260011,26001,1,1101,SupportItem,0
1514,260011,26001,1,1102,SupportItem,0
1515,260011,26001,1,1103,SupportItem,0
1516,260011,26001,1,1104,SupportItem,0
1517,260011,26001,1,1,TreasureItem,0
1518,260012,26001,1,5,SupportItem,0
1519,260012,26001,1,1202,SupportItem,0
1520,260012,26001,1,1203,SupportItem,0
1521,260012,26001,1,1502,SupportItem,0
1522,260012,26001,1,6,SupportItem,0
1523,260012,26001,1,1,TreasureItem,0
1524,260013,26001,1,6,SupportItem,0
1525,260013,26001,1,1000,SupportItem,0
1526,260013,26001,1,1505,SupportItem,0
1527,260013,26001,1,1700,SupportItem,0
1528,260013,26001,1,1701,SupportItem,0
1529,260013,26001,1,1,TreasureItem,0
1530,260021,26002,1,600,TrainingItem,0
1531,260021,26002,1,601,TrainingItem,0
1532,260021,26002,1,602,TrainingItem,0
1533,260021,26002,1,603,TrainingItem,0
1534,260021,26002,1,604,TrainingItem,0
1535,260021,26002,1,1,TreasureItem,0
1536,260021,26002,1,800,TrainingItem,0
1537,260021,26002,1,801,TrainingItem,0
1538,260021,26002,1,802,TrainingItem,0
1539,260021,26002,1,803,TrainingItem,0
1540,260021,26002,1,804,TrainingItem,0
1541,260022,26002,1,700,TrainingItem,0
1542,260022,26002,1,701,TrainingItem,0
1543,260022,26002,1,702,TrainingItem,0
1544,260022,26002,1,703,TrainingItem,0
1545,260022,26002,1,704,TrainingItem,0
1546,260022,26002,1,1,TreasureItem,0
1547,260022,26002,1,800,TrainingItem,0
1548,260022,26002,1,801,TrainingItem,0
1549,260022,26002,1,802,TrainingItem,0
1550,260022,26002,1,803,TrainingItem,0
1551,260022,26002,1,804,TrainingItem,0
1552,260023,26002,1,800,TrainingItem,0
1553,260023,26002,1,801,TrainingItem,0
1554,260023,26002,1,802,TrainingItem,0
1555,260023,26002,1,803,TrainingItem,0
1556,260023,26002,1,804,TrainingItem,0
1557,260023,26002,1,1,TreasureItem,0
1558,260031,26003,1,4,AwakeningItem,0
1559,260031,26003,1,5,AwakeningItem,0
1560,260031,26003,1,6,AwakeningItem,0
1561,260031,26003,1,7,AwakeningItem,0
1562,260031,26003,1,8,AwakeningItem,0
1563,260031,26003,1,1,TreasureItem,0
1564,260032,26003,1,9,AwakeningItem,0
1565,260032,26003,1,10,AwakeningItem,0
1566,260032,26003,1,11,AwakeningItem,0
1567,260032,26003,1,12,AwakeningItem,0
1568,260032,26003,1,13,AwakeningItem,0
1569,260032,26003,1,1,TreasureItem,0
1570,260033,26003,1,14,AwakeningItem,0
1571,260033,26003,1,15,AwakeningItem,0
1572,260033,26003,1,16,AwakeningItem,0
1573,260033,26003,1,17,AwakeningItem,0
1574,260033,26003,1,18,AwakeningItem,0
1575,260033,26003,1,1,TreasureItem,0
1576,260041,26004,1,1100,SupportItem,0
1577,260041,26004,1,1101,SupportItem,0
1578,260041,26004,1,1102,SupportItem,0
1579,260041,26004,1,1103,SupportItem,0
1580,260041,26004,1,1104,SupportItem,0
1581,260041,26004,1,1,TreasureItem,0
1582,260042,26004,1,5,SupportItem,0
1583,260042,26004,1,1202,SupportItem,0
1584,260042,26004,1,1203,SupportItem,0
1585,260042,26004,1,1502,SupportItem,0
1586,260042,26004,1,6,SupportItem,0
1587,260042,26004,1,1,TreasureItem,0
1588,260043,26004,1,6,SupportItem,0
1589,260043,26004,1,1000,SupportItem,0
1590,260043,26004,1,1505,SupportItem,0
1591,260043,26004,1,1700,SupportItem,0
1592,260043,26004,1,1701,SupportItem,0
1593,260043,26004,1,1,TreasureItem,0
1594,260051,26005,1,600,TrainingItem,0
1595,260051,26005,1,601,TrainingItem,0
1596,260051,26005,1,602,TrainingItem,0
1597,260051,26005,1,603,TrainingItem,0
1598,260051,26005,1,604,TrainingItem,0
1599,260051,26005,1,1,TreasureItem,0
1600,260052,26005,1,700,TrainingItem,0
1601,260052,26005,1,701,TrainingItem,0
1602,260052,26005,1,702,TrainingItem,0
1603,260052,26005,1,703,TrainingItem,0
1604,260052,26005,1,704,TrainingItem,0
1605,260052,26005,1,1,TreasureItem,0
1606,260053,26005,1,800,TrainingItem,0
1607,260053,26005,1,801,TrainingItem,0
1608,260053,26005,1,802,TrainingItem,0
1609,260053,26005,1,803,TrainingItem,0
1610,260053,26005,1,804,TrainingItem,0
1611,260053,26005,1,1,TreasureItem,0
1612,260061,26006,1,4,AwakeningItem,0
1613,260061,26006,1,5,AwakeningItem,0
1614,260061,26006,1,6,AwakeningItem,0
1615,260061,26006,1,7,AwakeningItem,0
1616,260061,26006,1,8,AwakeningItem,0
1617,260061,26006,1,1,TreasureItem,0
1618,260062,26006,1,9,AwakeningItem,0
1619,260062,26006,1,10,AwakeningItem,0
1620,260062,26006,1,11,AwakeningItem,0
1621,260062,26006,1,12,AwakeningItem,0
1622,260062,26006,1,13,AwakeningItem,0
1623,260062,26006,1,1,TreasureItem,0
1624,260063,26006,1,14,AwakeningItem,0
1625,260063,26006,1,15,AwakeningItem,0
1626,260063,26006,1,16,AwakeningItem,0
1627,260063,26006,1,17,AwakeningItem,0
1628,260063,26006,1,18,AwakeningItem,0
1629,260063,26006,1,1,TreasureItem,0
1630,260071,26007,1,1100,SupportItem,0
1631,260071,26007,1,1101,SupportItem,0
1632,260071,26007,1,1102,SupportItem,0
1633,260071,26007,1,1103,SupportItem,0
1634,260071,26007,1,1104,SupportItem,0
1635,260071,26007,1,1,TreasureItem,0
1636,260072,26007,1,5,SupportItem,0
1637,260072,26007,1,1202,SupportItem,0
1638,260072,26007,1,1203,SupportItem,0
1639,260072,26007,1,1502,SupportItem,0
1640,260072,26007,1,6,SupportItem,0
1641,260072,26007,1,1,TreasureItem,0
1642,260073,26007,1,6,SupportItem,0
1643,260073,26007,1,1000,SupportItem,0
1644,260073,26007,1,1505,SupportItem,0
1645,260073,26007,1,1700,SupportItem,0
1646,260073,26007,1,1701,SupportItem,0
1647,260073,26007,1,1,TreasureItem,0
1648,260081,26008,1,600,TrainingItem,0
1649,260081,26008,1,601,TrainingItem,0
1650,260081,26008,1,602,TrainingItem,0
1651,260081,26008,1,603,TrainingItem,0
1652,260081,26008,1,604,TrainingItem,0
1653,260081,26008,1,1,TreasureItem,0
1654,260082,26008,1,700,TrainingItem,0
1655,260082,26008,1,701,TrainingItem,0
1656,260082,26008,1,702,TrainingItem,0
1657,260082,26008,1,703,TrainingItem,0
1658,260082,26008,1,704,TrainingItem,0
1659,260082,26008,1,1,TreasureItem,0
1660,260083,26008,1,800,TrainingItem,0
1661,260083,26008,1,801,TrainingItem,0
1662,260083,26008,1,802,TrainingItem,0
1663,260083,26008,1,803,TrainingItem,0
1664,260083,26008,1,804,TrainingItem,0
1665,260083,26008,1,1,TreasureItem,0
1666,270011,27001,1,600,TrainingItem,0
1667,270011,27001,1,601,TrainingItem,0
1668,270011,27001,1,602,TrainingItem,0
1669,270011,27001,1,603,TrainingItem,0
1670,270011,27001,1,604,TrainingItem,0
1671,270011,27001,1,1,TreasureItem,0
1672,270012,27001,1,700,TrainingItem,0
1673,270012,27001,1,701,TrainingItem,0
1674,270012,27001,1,702,TrainingItem,0
1675,270012,27001,1,703,TrainingItem,0
1676,270012,27001,1,704,TrainingItem,0
1677,270012,27001,1,1,TreasureItem,0
1678,270013,27001,1,800,TrainingItem,0
1679,270013,27001,1,801,TrainingItem,0
1680,270013,27001,1,802,TrainingItem,0
1681,270013,27001,1,803,TrainingItem,0
1682,270013,27001,1,804,TrainingItem,0
1683,270013,27001,1,1,TreasureItem,0
1684,270021,27002,1,4,AwakeningItem,0
1685,270021,27002,1,5,AwakeningItem,0
1686,270021,27002,1,6,AwakeningItem,0
1687,270021,27002,1,7,AwakeningItem,0
1688,270021,27002,1,8,AwakeningItem,0
1689,270021,27002,1,1,TreasureItem,0
1690,270022,27002,1,9,AwakeningItem,0
1691,270022,27002,1,10,AwakeningItem,0
1692,270022,27002,1,11,AwakeningItem,0
1693,270022,27002,1,12,AwakeningItem,0
1694,270022,27002,1,13,AwakeningItem,0
1695,270022,27002,1,1,TreasureItem,0
1696,270023,27002,1,14,AwakeningItem,0
1697,270023,27002,1,15,AwakeningItem,0
1698,270023,27002,1,16,AwakeningItem,0
1699,270023,27002,1,17,AwakeningItem,0
1700,270023,27002,1,18,AwakeningItem,0
1701,270023,27002,1,1,TreasureItem,0
1702,270031,27003,1,1100,SupportItem,0
1703,270031,27003,1,1101,SupportItem,0
1704,270031,27003,1,1102,SupportItem,0
1705,270031,27003,1,1103,SupportItem,0
1706,270031,27003,1,1104,SupportItem,0
1707,270031,27003,1,1,TreasureItem,0
1708,270032,27003,1,5,SupportItem,0
1709,270032,27003,1,1202,SupportItem,0
1710,270032,27003,1,1203,SupportItem,0
1711,270032,27003,1,1502,SupportItem,0
1712,270032,27003,1,6,SupportItem,0
1713,270032,27003,1,1,TreasureItem,0
1714,270033,27003,1,6,SupportItem,0
1715,270033,27003,1,1000,SupportItem,0
1716,270033,27003,1,1505,SupportItem,0
1717,270033,27003,1,1700,SupportItem,0
1718,270033,27003,1,1701,SupportItem,0
1719,270033,27003,1,1,TreasureItem,0
1720,280011,28001,1,1002640,Card,93879
1721,280011,28001,1,1002630,Card,765122
1722,280011,28001,1,1005480,Card,765122
1723,280012,28001,1,1002640,Card,93879
1724,280012,28001,1,1002630,Card,765122
1725,280012,28001,1,1005480,Card,765122
1726,280013,28001,1,1002640,Card,93879
1727,280013,28001,1,1002630,Card,765122
1728,280013,28001,1,1005480,Card,765122
1729,280021,28002,0,22,TreasureItem,0
1730,280022,28002,1,22,TreasureItem,0
1731,280023,28002,1,22,TreasureItem,0
1732,280031,28003,0,22,TreasureItem,0
1733,280032,28003,1,22,TreasureItem,0
1734,280033,28003,1,22,TreasureItem,0
1735,280033,28003,1,1566,EquipmentSkillItem,0
1736,280033,28003,1,1567,EquipmentSkillItem,0
1737,280033,28003,1,1568,EquipmentSkillItem,0
1738,280033,28003,1,1569,EquipmentSkillItem,0
1739,280033,28003,1,1570,EquipmentSkillItem,0
1740,280033,28003,1,1571,EquipmentSkillItem,0
1741,280033,28003,1,1572,EquipmentSkillItem,0
1742,280033,28003,1,1573,EquipmentSkillItem,0
1743,280033,28003,1,1574,EquipmentSkillItem,0
1744,280033,28003,1,1575,EquipmentSkillItem,0
1745,280033,28003,1,1576,EquipmentSkillItem,0
1746,280033,28003,1,1577,EquipmentSkillItem,0
1747,280041,28004,0,22,TreasureItem,0
1748,280042,28004,1,22,TreasureItem,0
1749,280043,28004,1,22,TreasureItem,0
1750,280051,28005,0,22,TreasureItem,0
1751,280052,28005,1,22,TreasureItem,0
1752,280053,28005,1,22,TreasureItem,0
1753,280053,28005,1,1578,EquipmentSkillItem,0
1754,280053,28005,1,1579,EquipmentSkillItem,0
1755,280053,28005,1,1580,EquipmentSkillItem,0
1756,280053,28005,1,1581,EquipmentSkillItem,0
1757,280053,28005,1,1582,EquipmentSkillItem,0
1758,280053,28005,1,1583,EquipmentSkillItem,0
1759,280053,28005,1,1584,EquipmentSkillItem,0
1760,280053,28005,1,1585,EquipmentSkillItem,0
1761,280053,28005,1,1586,EquipmentSkillItem,0
1762,280053,28005,1,1587,EquipmentSkillItem,0
1763,280053,28005,1,1588,EquipmentSkillItem,0
1764,280053,28005,1,1589,EquipmentSkillItem,0
1765,280053,28005,1,1590,EquipmentSkillItem,0
1766,280061,28006,0,22,TreasureItem,0
1767,280062,28006,1,22,TreasureItem,0
1768,280063,28006,1,22,TreasureItem,0
1769,280071,28007,0,22,TreasureItem,0
1770,280072,28007,1,22,TreasureItem,0
1771,280073,28007,1,22,TreasureItem,0
1772,280081,28008,0,22,TreasureItem,0
1773,280082,28008,1,22,TreasureItem,0
1774,280083,28008,1,22,TreasureItem,0
1775,280083,28008,1,1591,EquipmentSkillItem,0
1776,280083,28008,1,1592,EquipmentSkillItem,0
1777,280083,28008,1,1593,EquipmentSkillItem,0
1778,280083,28008,1,1594,EquipmentSkillItem,0
1779,280083,28008,1,1595,EquipmentSkillItem,0
1780,280083,28008,1,1596,EquipmentSkillItem,0
1781,280083,28008,1,1597,EquipmentSkillItem,0
1782,280083,28008,1,1598,EquipmentSkillItem,0
1783,280083,28008,1,1599,EquipmentSkillItem,0
1784,280083,28008,1,1600,EquipmentSkillItem,0
1785,280083,28008,1,1601,EquipmentSkillItem,0
1786,280083,28008,1,1602,EquipmentSkillItem,0
1787,290011,29001,0,1002640,Card,93879
1788,290012,29001,0,1002630,Card,765122
1789,290013,29001,0,1005480,Card,765122
1790,290021,29002,0,8,TrainingField,0
1791,290022,29002,0,6,TrainingField,0
1792,290023,29002,1,6,TrainingField,0
1793,290023,29002,1,7,TrainingField,0
1794,290031,29003,1,1,TreasureItem,0
1795,290032,29003,1,1,TreasureItem,0
1796,290033,29003,1,1,TreasureItem,0
1797,290041,29004,0,22,TreasureItem,0
1798,290042,29004,1,22,TreasureItem,0
1799,290043,29004,1,22,TreasureItem,0
1800,290051,29005,1,1,TreasureItem,0
1801,290052,29005,1,1,TreasureItem,0
1802,290053,29005,1,1,TreasureItem,0
1803,290061,29006,0,22,TreasureItem,0
1804,290062,29006,1,22,TreasureItem,0
1805,290063,29006,1,22,TreasureItem,0
1806,290071,29007,0,1,TreasureItem,0
1807,290072,29007,1,1,TreasureItem,0
1808,290073,29007,1,1,TreasureItem,0
1809,290081,29008,0,22,TreasureItem,0
1810,290082,29008,1,22,TreasureItem,0
1811,290083,29008,1,22,TreasureItem,0
1812,300011,30001,0,1002650,Card,11333
1813,300012,30001,1,1002650,Card,11333
1814,300013,30001,1,1002650,Card,11333
1815,300021,30002,0,1,TreasureItem,0
1816,300021,30002,0,22,TreasureItem,0
1817,300022,30002,0,1,TreasureItem,0
1818,300022,30002,0,22,TreasureItem,0
1819,300023,30002,1,1,TreasureItem,0
1820,300023,30002,1,22,TreasureItem,0
1821,300031,30003,0,1,TreasureItem,0
1822,300031,30003,0,22,TreasureItem,0
1823,300032,30003,0,1,TreasureItem,0
1824,300032,30003,0,22,TreasureItem,0
1825,300033,30003,1,1,TreasureItem,0
1826,300033,30003,1,22,TreasureItem,0
1827,300041,30004,1,1,TreasureItem,0
1828,300042,30004,1,1,TreasureItem,0
1829,300043,30004,1,1,TreasureItem,0
1830,300051,30005,0,1,TreasureItem,0
1831,300052,30005,0,1,TreasureItem,0
1832,300053,30005,1,1,TreasureItem,0
1833,300053,30005,1,1773,EquipmentSkillItem,0
1834,300053,30005,1,1774,EquipmentSkillItem,0
1835,300053,30005,1,1775,EquipmentSkillItem,0
1836,300053,30005,1,1776,EquipmentSkillItem,0
1837,300053,30005,1,1777,EquipmentSkillItem,0
1838,300053,30005,1,1778,EquipmentSkillItem,0
1839,300053,30005,1,1779,EquipmentSkillItem,0
1840,300053,30005,1,1780,EquipmentSkillItem,0
1841,300053,30005,1,1781,EquipmentSkillItem,0
1842,300053,30005,1,1782,EquipmentSkillItem,0
1843,300053,30005,1,1783,EquipmentSkillItem,0
1844,300053,30005,1,1784,EquipmentSkillItem,0
1845,300061,30006,0,1,TreasureItem,0
1846,300062,30006,0,1,TreasureItem,0
1847,300063,30006,1,1,TreasureItem,0
1848,300063,30006,1,1785,EquipmentSkillItem,0
1849,300063,30006,1,1786,EquipmentSkillItem,0
1850,300063,30006,1,1787,EquipmentSkillItem,0
1851,300063,30006,1,1788,EquipmentSkillItem,0
1852,300063,30006,1,1789,EquipmentSkillItem,0
1853,300063,30006,1,1790,EquipmentSkillItem,0
1854,300063,30006,1,1791,EquipmentSkillItem,0
1855,300063,30006,1,1792,EquipmentSkillItem,0
1856,300063,30006,1,1793,EquipmentSkillItem,0
1857,300063,30006,1,1794,EquipmentSkillItem,0
1858,300063,30006,1,1795,EquipmentSkillItem,0
1859,300063,30006,1,1796,EquipmentSkillItem,0
1860,300071,30007,0,1,TreasureItem,0
1861,300072,30007,0,1,TreasureItem,0
1862,300073,30007,1,1,TreasureItem,0
1863,300073,30007,1,1797,EquipmentSkillItem,0
1864,300073,30007,1,1798,EquipmentSkillItem,0
1865,300073,30007,1,1799,EquipmentSkillItem,0
1866,300073,30007,1,1800,EquipmentSkillItem,0
1867,300073,30007,1,1801,EquipmentSkillItem,0
1868,300073,30007,1,1802,EquipmentSkillItem,0
1869,300073,30007,1,1803,EquipmentSkillItem,0
1870,300073,30007,1,1804,EquipmentSkillItem,0
1871,300073,30007,1,1805,EquipmentSkillItem,0
1872,300073,30007,1,1806,EquipmentSkillItem,0
1873,300073,30007,1,1807,EquipmentSkillItem,0
1874,300073,30007,1,1808,EquipmentSkillItem,0
1875,300081,30008,0,1,TreasureItem,0
1876,300082,30008,0,1,TreasureItem,0
1877,300083,30008,1,1,TreasureItem,0
1878,310011,31001,0,1002640,Card,93879
1879,310012,31001,0,1002630,Card,765122
1880,310013,31001,0,1005480,Card,765122
1881,310021,31002,1,1,TreasureItem,0
1882,310022,31002,1,1,TreasureItem,0
1883,310023,31002,1,1,TreasureItem,0
1884,310031,31003,1,22,TreasureItem,0
1885,310032,31003,1,22,TreasureItem,0
1886,310033,31003,1,22,TreasureItem,0
1887,310041,31004,1,1,TreasureItem,0
1888,310041,31004,1,22,TreasureItem,0
1889,310042,31004,1,1,TreasureItem,0
1890,310042,31004,1,22,TreasureItem,0
1891,310043,31004,1,1,TreasureItem,0
1892,310043,31004,1,22,TreasureItem,0
1893,310051,31005,0,8,TrainingField,0
1894,310052,31005,0,6,TrainingField,0
1895,310053,31005,0,7,TrainingField,0
1896,310061,31006,0,8,TrainingField,0
1897,310062,31006,0,6,TrainingField,0
1898,310063,31006,0,7,TrainingField,0
1899,310071,31007,1,300,TrainingItem,0
1900,310071,31007,1,301,TrainingItem,0
1901,310071,31007,1,302,TrainingItem,0
1902,310071,31007,1,303,TrainingItem,0
1903,310071,31007,1,304,TrainingItem,0
1904,310072,31007,1,300,TrainingItem,0
1905,310072,31007,1,301,TrainingItem,0
1906,310072,31007,1,302,TrainingItem,0
1907,310072,31007,1,303,TrainingItem,0
1908,310072,31007,1,304,TrainingItem,0
1909,310073,31007,1,300,TrainingItem,0
1910,310073,31007,1,301,TrainingItem,0
1911,310073,31007,1,302,TrainingItem,0
1912,310073,31007,1,303,TrainingItem,0
1913,310073,31007,1,304,TrainingItem,0
1914,310081,31008,1,22,TreasureItem,0
1915,310082,31008,1,22,TreasureItem,0
1916,310083,31008,1,22,TreasureItem,0
1917,320011,32001,1,1,TreasureItem,0
1918,320012,32001,1,1,TreasureItem,0
1919,320013,32001,1,1,TreasureItem,0
1920,320021,32002,0,1,TreasureItem,0
1921,320022,32002,0,1,TreasureItem,0
1922,320023,32002,0,1,TreasureItem,0
1923,320031,32003,1,1027400,Card,0
1924,320031,32003,1,22,TreasureItem,0
1925,320032,32003,1,1027400,Card,0
1926,320032,32003,1,22,TreasureItem,0
1927,320033,32003,0,1027400,Card,0
1928,320041,32004,0,22,TreasureItem,0
1929,320042,32004,1,22,TreasureItem,0
1930,320043,32004,1,22,TreasureItem,0
1931,320051,32005,1,1,TreasureItem,0
1932,320052,32005,1,1,TreasureItem,0
1933,320053,32005,1,1,TreasureItem,0
1934,320053,32005,1,2605,EquipmentSkillItem,0
1935,320053,32005,1,2606,EquipmentSkillItem,0
1936,320053,32005,1,2607,EquipmentSkillItem,0
1937,320053,32005,1,2608,EquipmentSkillItem,0
1938,320053,32005,1,2609,EquipmentSkillItem,0
1939,320053,32005,1,2610,EquipmentSkillItem,0
1940,320053,32005,1,2611,EquipmentSkillItem,0
1941,320053,32005,1,2612,EquipmentSkillItem,0
1942,320053,32005,1,2613,EquipmentSkillItem,0
1943,320053,32005,1,2614,EquipmentSkillItem,0
1944,320053,32005,1,2615,EquipmentSkillItem,0
1945,320053,32005,1,2616,EquipmentSkillItem,0
1946,320053,32005,1,2617,EquipmentSkillItem,0
1947,320053,32005,1,2618,EquipmentSkillItem,0
1948,320053,32005,1,2619,EquipmentSkillItem,0
1949,320053,32005,1,2620,EquipmentSkillItem,0
1950,320053,32005,1,2621,EquipmentSkillItem,0
1951,320053,32005,1,2622,EquipmentSkillItem,0
1952,320053,32005,1,2623,EquipmentSkillItem,0
1953,320053,32005,1,2624,EquipmentSkillItem,0
1954,320061,32006,1,1,TreasureItem,0
1955,320062,32006,1,1,TreasureItem,0
1956,320063,32006,1,1,TreasureItem,0
1957,320063,32006,1,2625,EquipmentSkillItem,0
1958,320063,32006,1,2626,EquipmentSkillItem,0
1959,320063,32006,1,2627,EquipmentSkillItem,0
1960,320063,32006,1,2628,EquipmentSkillItem,0
1961,320063,32006,1,2629,EquipmentSkillItem,0
1962,320063,32006,1,2630,EquipmentSkillItem,0
1963,320063,32006,1,2631,EquipmentSkillItem,0
1964,320063,32006,1,2632,EquipmentSkillItem,0
1965,320063,32006,1,2633,EquipmentSkillItem,0
1966,320063,32006,1,2634,EquipmentSkillItem,0
1967,320063,32006,1,2635,EquipmentSkillItem,0
1968,320063,32006,1,2636,EquipmentSkillItem,0
1969,320063,32006,1,2637,EquipmentSkillItem,0
1970,320063,32006,1,2638,EquipmentSkillItem,0
1971,320063,32006,1,2639,EquipmentSkillItem,0
1972,320063,32006,1,2640,EquipmentSkillItem,0
1973,320063,32006,1,2641,EquipmentSkillItem,0
1974,320063,32006,1,2642,EquipmentSkillItem,0
1975,320063,32006,1,2643,EquipmentSkillItem,0
1976,320063,32006,1,2644,EquipmentSkillItem,0
1977,320071,32007,1,1,TreasureItem,0
1978,320072,32007,1,1,TreasureItem,0
1979,320073,32007,1,1,TreasureItem,0
1980,320073,32007,1,2645,EquipmentSkillItem,0
1981,320073,32007,1,2646,EquipmentSkillItem,0
1982,320073,32007,1,2647,EquipmentSkillItem,0
1983,320073,32007,1,2648,EquipmentSkillItem,0
1984,320073,32007,1,2649,EquipmentSkillItem,0
1985,320073,32007,1,2650,EquipmentSkillItem,0
1986,320073,32007,1,2651,EquipmentSkillItem,0
1987,320073,32007,1,2652,EquipmentSkillItem,0
1988,320073,32007,1,2653,EquipmentSkillItem,0
1989,320073,32007,1,2654,EquipmentSkillItem,0
1990,320073,32007,1,2655,EquipmentSkillItem,0
1991,320073,32007,1,2656,EquipmentSkillItem,0
1992,320073,32007,1,2657,EquipmentSkillItem,0
1993,320073,32007,1,2658,EquipmentSkillItem,0
1994,320073,32007,1,2659,EquipmentSkillItem,0
1995,320073,32007,1,2660,EquipmentSkillItem,0
1996,320073,32007,1,2661,EquipmentSkillItem,0
1997,320073,32007,1,2662,EquipmentSkillItem,0
1998,320073,32007,1,2663,EquipmentSkillItem,0
1999,320073,32007,1,2664,EquipmentSkillItem,0
2000,320081,32008,0,1,TreasureItem,0
2001,320082,32008,0,1,TreasureItem,0
2002,320083,32008,0,1,TreasureItem,0
2003,330011,33001,1,1,TreasureItem,0
2004,330012,33001,1,1,TreasureItem,0
2005,330013,33001,1,1,TreasureItem,0
2006,330021,33002,0,1,TreasureItem,0
2007,330022,33002,0,1,TreasureItem,0
2008,330023,33002,0,1,TreasureItem,0
2009,330031,33003,1,22,TreasureItem,0
2010,330032,33003,1,22,TreasureItem,0
2011,330033,33003,1,22,TreasureItem,0
2012,340011,34001,0,1,TreasureItem,0
2013,340012,34001,0,1,TreasureItem,0
2014,340013,34001,1,1,TreasureItem,0
2015,340021,34002,1,1,TreasureItem,0
2016,340021,34002,1,22,TreasureItem,0
2017,340022,34002,1,1,TreasureItem,0
2018,340022,34002,1,22,TreasureItem,0
2019,340023,34002,1,1,TreasureItem,0
2020,340023,34002,1,22,TreasureItem,0
2021,340031,34003,0,1,TreasureItem,0
2022,340032,34003,0,1,TreasureItem,0
2023,340033,34003,1,1,TreasureItem,0
2024,340041,34004,0,22,TreasureItem,0
2025,340042,34004,1,22,TreasureItem,0
2026,340043,34004,1,22,TreasureItem,0
2027,340051,34005,0,22,TreasureItem,0
2028,340052,34005,0,22,TreasureItem,0
2029,340053,34005,1,22,TreasureItem,0
2030,340061,34006,0,22,TreasureItem,0
2031,340062,34006,1,22,TreasureItem,0
2032,340063,34006,1,22,TreasureItem,0
2033,340071,34007,0,1,TreasureItem,0
2034,340072,34007,0,1,TreasureItem,0
2035,340073,34007,1,1,TreasureItem,0
2036,340081,34008,0,1,TreasureItem,0
2037,340082,34008,1,1,TreasureItem,0
2038,340083,34008,1,1,TreasureItem,0
2039,350011,35001,0,22,TreasureItem,0
2040,350012,35001,1,22,TreasureItem,0
2041,350013,35001,1,22,TreasureItem,0
2042,350021,35002,0,1,TreasureItem,0
2043,350022,35002,1,1,TreasureItem,0
2044,350023,35002,1,1,TreasureItem,0
2045,350031,35003,1,1,TreasureItem,0
2046,350031,35003,1,22,TreasureItem,0
2047,350032,35003,1,1,TreasureItem,0
2048,350032,35003,1,22,TreasureItem,0
2049,350033,35003,1,1,TreasureItem,0
2050,350033,35003,1,22,TreasureItem,0
2051,350041,35004,0,22,TreasureItem,0
2052,350042,35004,1,22,TreasureItem,0
2053,350043,35004,1,22,TreasureItem,0
2054,350051,35005,0,22,TreasureItem,0
2055,350052,35005,0,22,TreasureItem,0
2056,350053,35005,1,22,TreasureItem,0
2057,350061,35006,0,22,TreasureItem,0
2058,350062,35006,0,22,TreasureItem,0
2059,350063,35006,1,22,TreasureItem,0
2060,350071,35007,0,1,TreasureItem,0
2061,350072,35007,0,1,TreasureItem,0
2062,350073,35007,1,1,TreasureItem,0
2063,350081,35008,1,1029810,Card,0
2064,350081,35008,1,1,TreasureItem,0
2065,350082,35008,1,1,TreasureItem,0
2066,350082,35008,1,1029810,Card,0
2067,350083,35008,0,1029810,Card,0
2068,360011,36001,0,1,TreasureItem,0
2069,360012,36001,1,1,TreasureItem,0
2070,360013,36001,1,1,TreasureItem,0
2071,360021,36002,0,1,TreasureItem,0
2072,360022,36002,0,1,TreasureItem,0
2073,360023,36002,1,1,TreasureItem,0
2074,360031,36003,0,22,TreasureItem,0
2075,360032,36003,0,22,TreasureItem,0
2076,360033,36003,1,22,TreasureItem,0
2077,360041,36004,1,1029840,Card,0
2078,360041,36004,1,22,TreasureItem,0
2079,360042,36004,1,22,TreasureItem,0
2080,360042,36004,1,1029840,Card,0
2081,360043,36004,0,1029840,Card,0
2082,360051,36005,0,22,TreasureItem,0
2083,360052,36005,0,22,TreasureItem,0
2084,360053,36005,0,22,TreasureItem,0
2085,360061,36006,1,1,TreasureItem,0
2086,360062,36006,1,1,TreasureItem,0
2087,360063,36006,1,1,TreasureItem,0
2088,360063,36006,1,4746,EquipmentSkillItem,0
2089,360063,36006,1,4747,EquipmentSkillItem,0
2090,360063,36006,1,4748,EquipmentSkillItem,0
2091,360063,36006,1,4749,EquipmentSkillItem,0
2092,360063,36006,1,4750,EquipmentSkillItem,0
2093,360063,36006,1,4751,EquipmentSkillItem,0
2094,360063,36006,1,4752,EquipmentSkillItem,0
2095,360063,36006,1,4753,EquipmentSkillItem,0
2096,360063,36006,1,4754,EquipmentSkillItem,0
2097,360063,36006,1,4755,EquipmentSkillItem,0
2098,360063,36006,1,4756,EquipmentSkillItem,0
2099,360063,36006,1,4757,EquipmentSkillItem,0
2100,360063,36006,1,4758,EquipmentSkillItem,0
2101,360063,36006,1,4759,EquipmentSkillItem,0
2102,360063,36006,1,4760,EquipmentSkillItem,0
2103,360063,36006,1,4761,EquipmentSkillItem,0
2104,360063,36006,1,4762,EquipmentSkillItem,0
2105,360063,36006,1,4763,EquipmentSkillItem,0
2106,360063,36006,1,4764,EquipmentSkillItem,0
2107,360063,36006,1,4765,EquipmentSkillItem,0
2108,360071,36007,1,1,TreasureItem,0
2109,360072,36007,1,1,TreasureItem,0
2110,360073,36007,1,1,TreasureItem,0
2111,360073,36007,1,4766,EquipmentSkillItem,0
2112,360073,36007,1,4767,EquipmentSkillItem,0
2113,360073,36007,1,4768,EquipmentSkillItem,0
2114,360073,36007,1,4769,EquipmentSkillItem,0
2115,360073,36007,1,4770,EquipmentSkillItem,0
2116,360073,36007,1,4771,EquipmentSkillItem,0
2117,360073,36007,1,4772,EquipmentSkillItem,0
2118,360073,36007,1,4773,EquipmentSkillItem,0
2119,360073,36007,1,4774,EquipmentSkillItem,0
2120,360073,36007,1,4775,EquipmentSkillItem,0
2121,360073,36007,1,4776,EquipmentSkillItem,0
2122,360073,36007,1,4777,EquipmentSkillItem,0
2123,360073,36007,1,4778,EquipmentSkillItem,0
2124,360073,36007,1,4779,EquipmentSkillItem,0
2125,360073,36007,1,4780,EquipmentSkillItem,0
2126,360073,36007,1,4781,EquipmentSkillItem,0
2127,360073,36007,1,4782,EquipmentSkillItem,0
2128,360073,36007,1,4783,EquipmentSkillItem,0
2129,360073,36007,1,4784,EquipmentSkillItem,0
2130,360073,36007,1,4785,EquipmentSkillItem,0
2131,360081,36008,1,1,TreasureItem,0
2132,360082,36008,1,1,TreasureItem,0
2133,360083,36008,1,1,TreasureItem,0
2134,360083,36008,1,4786,EquipmentSkillItem,0
2135,360083,36008,1,4787,EquipmentSkillItem,0
2136,360083,36008,1,4788,EquipmentSkillItem,0
2137,360083,36008,1,4789,EquipmentSkillItem,0
2138,360083,36008,1,4790,EquipmentSkillItem,0
2139,360083,36008,1,4791,EquipmentSkillItem,0
2140,360083,36008,1,4792,EquipmentSkillItem,0
2141,360083,36008,1,4793,EquipmentSkillItem,0
2142,360083,36008,1,4794,EquipmentSkillItem,0
2143,360083,36008,1,4795,EquipmentSkillItem,0
2144,360083,36008,1,4796,EquipmentSkillItem,0
2145,360083,36008,1,4797,EquipmentSkillItem,0
2146,360083,36008,1,4798,EquipmentSkillItem,0
2147,360083,36008,1,4799,EquipmentSkillItem,0
2148,360083,36008,1,4800,EquipmentSkillItem,0
2149,360083,36008,1,4801,EquipmentSkillItem,0
2150,360083,36008,1,4802,EquipmentSkillItem,0
2151,360083,36008,1,4803,EquipmentSkillItem,0
2152,360083,36008,1,4804,EquipmentSkillItem,0
2153,360083,36008,1,4805,EquipmentSkillItem,0
2154,370011,37001,0,1002640,Card,93879
2155,370012,37001,0,1002640,Card,93879
2156,370013,37001,1,1002640,Card,93879
2157,370013,37001,1,1005480,Card,765122
2158,370021,37002,0,1,TreasureItem,0
2159,370022,37002,0,1,TreasureItem,0
2160,370023,37002,0,1,TreasureItem,0
2161,370031,37003,0,1,TreasureItem,0
2162,370032,37003,0,1,TreasureItem,0
2163,370033,37003,1,1,TreasureItem,0
2164,370041,37004,1,1,TreasureItem,0
2165,370041,37004,1,22,TreasureItem,0
2166,370042,37004,1,1,TreasureItem,0
2167,370042,37004,1,22,TreasureItem,0
2168,370043,37004,1,1,TreasureItem,0
2169,370043,37004,1,22,TreasureItem,0
2170,370051,37005,0,22,TreasureItem,0
2171,370052,37005,0,22,TreasureItem,0
2172,370053,37005,1,22,TreasureItem,0
2173,370061,37006,0,22,TreasureItem,0
2174,370062,37006,0,22,TreasureItem,0
2175,370063,37006,1,22,TreasureItem,0
2176,370071,37007,0,1,TreasureItem,0
2177,370071,37007,0,22,TreasureItem,0
2178,370072,37007,0,1,TreasureItem,0
2179,370072,37007,0,22,TreasureItem,0
2180,370073,37007,0,1,TreasureItem,0
2181,370073,37007,0,22,TreasureItem,0
2182,370081,37008,0,22,TreasureItem,0
2183,370082,37008,0,22,TreasureItem,0
2184,370083,37008,1,22,TreasureItem,0
2185,380011,38001,1,1,TreasureItem,0
2186,380012,38001,1,1,TreasureItem,0
2187,380013,38001,1,1,TreasureItem,0
2188,380013,38001,1,4969,EquipmentSkillItem,0
2189,380013,38001,1,4970,EquipmentSkillItem,0
2190,380013,38001,1,4971,EquipmentSkillItem,0
2191,380013,38001,1,4972,EquipmentSkillItem,0
2192,380013,38001,1,4973,EquipmentSkillItem,0
2193,380013,38001,1,4974,EquipmentSkillItem,0
2194,380013,38001,1,4975,EquipmentSkillItem,0
2195,380013,38001,1,4976,EquipmentSkillItem,0
2196,380013,38001,1,4977,EquipmentSkillItem,0
2197,380013,38001,1,4978,EquipmentSkillItem,0
2198,380013,38001,1,4979,EquipmentSkillItem,0
2199,380013,38001,1,4980,EquipmentSkillItem,0
2200,380013,38001,1,4981,EquipmentSkillItem,0
2201,380013,38001,1,4982,EquipmentSkillItem,0
2202,380013,38001,1,4983,EquipmentSkillItem,0
2203,380013,38001,1,4984,EquipmentSkillItem,0
2204,380013,38001,1,4985,EquipmentSkillItem,0
2205,380013,38001,1,4986,EquipmentSkillItem,0
2206,380013,38001,1,4987,EquipmentSkillItem,0
2207,380013,38001,1,4988,EquipmentSkillItem,0
2208,380021,38002,1,1,TreasureItem,0
2209,380022,38002,1,1,TreasureItem,0
2210,380023,38002,1,1,TreasureItem,0
2211,380023,38002,1,4989,EquipmentSkillItem,0
2212,380023,38002,1,4990,EquipmentSkillItem,0
2213,380023,38002,1,4991,EquipmentSkillItem,0
2214,380023,38002,1,4992,EquipmentSkillItem,0
2215,380023,38002,1,4993,EquipmentSkillItem,0
2216,380023,38002,1,4994,EquipmentSkillItem,0
2217,380023,38002,1,4995,EquipmentSkillItem,0
2218,380023,38002,1,4996,EquipmentSkillItem,0
2219,380023,38002,1,4997,EquipmentSkillItem,0
2220,380023,38002,1,4998,EquipmentSkillItem,0
2221,380023,38002,1,4999,EquipmentSkillItem,0
2222,380023,38002,1,5000,EquipmentSkillItem,0
2223,380023,38002,1,5001,EquipmentSkillItem,0
2224,380023,38002,1,5002,EquipmentSkillItem,0
2225,380023,38002,1,5003,EquipmentSkillItem,0
2226,380023,38002,1,5004,EquipmentSkillItem,0
2227,380023,38002,1,5005,EquipmentSkillItem,0
2228,380023,38002,1,5006,EquipmentSkillItem,0
2229,380023,38002,1,5007,EquipmentSkillItem,0
2230,380023,38002,1,5008,EquipmentSkillItem,0
2231,380031,38003,1,1,TreasureItem,0
2232,380032,38003,1,1,TreasureItem,0
2233,380033,38003,1,1,TreasureItem,0
2234,380033,38003,1,5009,EquipmentSkillItem,0
2235,380033,38003,1,5010,EquipmentSkillItem,0
2236,380033,38003,1,5011,EquipmentSkillItem,0
2237,380033,38003,1,5012,EquipmentSkillItem,0
2238,380033,38003,1,5013,EquipmentSkillItem,0
2239,380033,38003,1,5014,EquipmentSkillItem,0
2240,380033,38003,1,5015,EquipmentSkillItem,0
2241,380033,38003,1,5016,EquipmentSkillItem,0
2242,380033,38003,1,5017,EquipmentSkillItem,0
2243,380033,38003,1,5018,EquipmentSkillItem,0
2244,380033,38003,1,5019,EquipmentSkillItem,0
2245,380033,38003,1,5020,EquipmentSkillItem,0
2246,380033,38003,1,5021,EquipmentSkillItem,0
2247,380033,38003,1,5022,EquipmentSkillItem,0
2248,380033,38003,1,5023,EquipmentSkillItem,0
2249,380033,38003,1,5024,EquipmentSkillItem,0
2250,380033,38003,1,5025,EquipmentSkillItem,0
2251,380033,38003,1,5026,EquipmentSkillItem,0
2252,380033,38003,1,5027,EquipmentSkillItem,0
2253,380033,38003,1,5028,EquipmentSkillItem,0
2254,380041,38004,0,22,TreasureItem,0
2255,380042,38004,0,22,TreasureItem,0
2256,380043,38004,0,22,TreasureItem,0
2257,380051,38005,0,22,TreasureItem,0
2258,380052,38005,0,22,TreasureItem,0
2259,380053,38005,1,22,TreasureItem,0
2260,380061,38006,0,1,TreasureItem,0
2261,380062,38006,0,1,TreasureItem,0
2262,380063,38006,1,1,TreasureItem,0
2263,380071,38007,0,22,TreasureItem,0
2264,380072,38007,0,22,TreasureItem,0
2265,380073,38007,1,22,TreasureItem,0
2266,380081,38008,0,22,TreasureItem,0
2267,380082,38008,0,22,TreasureItem,0
2268,380083,38008,1,22,TreasureItem,0
2269,390011,39001,0,1,TreasureItem,0
2270,390012,39001,0,1,TreasureItem,0
2271,390013,39001,1,1,TreasureItem,0
2272,390021,39002,0,22,TreasureItem,0
2273,390022,39002,0,22,TreasureItem,0
2274,390023,39002,1,22,TreasureItem,0
2275,390031,39003,0,1,TreasureItem,0
2276,390032,39003,0,1,TreasureItem,0
2277,390033,39003,0,1,TreasureItem,0
2278,400011,40001,1,1,TreasureItem,0
2279,400011,40001,1,22,TreasureItem,0
2280,400012,40001,1,1,TreasureItem,0
2281,400012,40001,1,22,TreasureItem,0
2282,400013,40001,1,1,TreasureItem,0
2283,400013,40001,1,22,TreasureItem,0
2284,400021,40002,1,1,TreasureItem,0
2285,400021,40002,1,1033710,Card,0
2286,400022,40002,1,1,TreasureItem,0
2287,400022,40002,1,1033710,Card,0
2288,400023,40002,0,1033710,Card,0
2289,400031,40003,0,22,TreasureItem,0
2290,400032,40003,1,22,TreasureItem,0
2291,400033,40003,1,22,TreasureItem,0
2292,400041,40004,0,1,TreasureItem,0
2293,400042,40004,0,1,TreasureItem,0
2294,400043,40004,1,1,TreasureItem,0
2295,400051,40005,0,1,TreasureItem,0
2296,400052,40005,0,1,TreasureItem,0
2297,400053,40005,1,1,TreasureItem,0
2298,400061,40006,0,22,TreasureItem,0
2299,400062,40006,1,22,TreasureItem,0
2300,400063,40006,1,22,TreasureItem,0
2301,400071,40007,0,1,TreasureItem,0
2302,400072,40007,0,1,TreasureItem,0
2303,400073,40007,1,1,TreasureItem,0
2304,400081,40008,0,22,TreasureItem,0
2305,400082,40008,0,22,TreasureItem,0
2306,400083,40008,1,22,TreasureItem,0
2307,410011,41001,0,1,TreasureItem,0
2308,410012,41001,0,1,TreasureItem,0
2309,410013,41001,1,1,TreasureItem,0
2310,410021,41002,0,22,TreasureItem,0
2311,410022,41002,1,22,TreasureItem,0
2312,410023,41002,1,22,TreasureItem,0
2313,410031,41003,1,1,TreasureItem,0
2314,410031,41003,1,22,TreasureItem,0
2315,410032,41003,1,1,TreasureItem,0
2316,410032,41003,1,22,TreasureItem,0
2317,410033,41003,1,1,TreasureItem,0
2318,410033,41003,1,22,TreasureItem,0
2319,410041,41004,0,22,TreasureItem,0
2320,410042,41004,0,22,TreasureItem,0
2321,410043,41004,1,22,TreasureItem,0
2322,410051,41005,0,1,TreasureItem,0
2323,410052,41005,0,1,TreasureItem,0
2324,410053,41005,1,1,TreasureItem,0
2325,410061,41006,1,1,TreasureItem,0
2326,410061,41006,1,22,TreasureItem,0
2327,410062,41006,1,1,TreasureItem,0
2328,410062,41006,1,22,TreasureItem,0
2329,410063,41006,1,1,TreasureItem,0
2330,410063,41006,1,22,TreasureItem,0
2331,410071,41007,0,22,TreasureItem,0
2332,410072,41007,1,22,TreasureItem,0
2333,410073,41007,1,22,TreasureItem,0
2334,410081,41008,1,1034270,Card,0
2335,410081,41008,1,1,TreasureItem,0
2336,410082,41008,1,1034270,Card,0
2337,410082,41008,1,1,TreasureItem,0
2338,410083,41008,0,1034270,Card,0
2339,420011,42001,0,22,TreasureItem,0
2340,420012,42001,1,22,TreasureItem,0
2341,420013,42001,1,22,TreasureItem,0
2342,420021,42002,0,1,TreasureItem,0
2343,420022,42002,0,1,TreasureItem,0
2344,420023,42002,1,1,TreasureItem,0
2345,420031,42003,0,22,TreasureItem,0
2346,420032,42003,0,22,TreasureItem,0
2347,420033,42003,1,22,TreasureItem,0
2348,420041,42004,0,1,TreasureItem,0
2349,420042,42004,0,1,TreasureItem,0
2350,420043,42004,1,1,TreasureItem,0
2351,420051,42005,0,22,TreasureItem,0
2352,420052,42005,1,22,TreasureItem,0
2353,420053,42005,1,22,TreasureItem,0
2354,420061,42006,0,1,TreasureItem,0
2355,420062,42006,0,1,TreasureItem,0
2356,420063,42006,1,1,TreasureItem,0
2357,420071,42007,0,1,TreasureItem,0
2358,420072,42007,0,1,TreasureItem,0
2359,420073,42007,1,1,TreasureItem,0
2360,420081,42008,0,22,TreasureItem,0
2361,420082,42008,1,22,TreasureItem,0
2362,420083,42008,1,22,TreasureItem,0
2363,1010010,101001,1,1,AwakeningItem,0
2364,1010010,101001,1,2,AwakeningItem,0
2365,1010010,101001,1,3,AwakeningItem,0
2366,1010010,101001,0,8,AwakeningItem,0
2367,1010011,101001,1,1,AwakeningItem,0
2368,1010011,101001,1,2,AwakeningItem,0
2369,1010011,101001,1,3,AwakeningItem,0
2370,1010011,101001,0,8,AwakeningItem,0
2371,1010011,101001,0,13,AwakeningItem,0
2372,1010012,101001,0,8,AwakeningItem,0
2373,1010012,101001,0,13,AwakeningItem,0
2374,1010012,101001,1,14,AwakeningItem,0
2375,1010012,101001,1,19,AwakeningItem,0
2376,1010012,101001,1,20,AwakeningItem,0
2377,1020010,102001,1,1,AwakeningItem,0
2378,1020010,102001,1,2,AwakeningItem,0
2379,1020010,102001,1,3,AwakeningItem,0
2380,1020010,102001,0,4,AwakeningItem,0
2381,1020011,102001,1,1,AwakeningItem,0
2382,1020011,102001,1,2,AwakeningItem,0
2383,1020011,102001,1,3,AwakeningItem,0
2384,1020011,102001,0,4,AwakeningItem,0
2385,1020011,102001,0,11,AwakeningItem,0
2386,1020012,102001,0,4,AwakeningItem,0
2387,1020012,102001,0,11,AwakeningItem,0
2388,1020012,102001,1,18,AwakeningItem,0
2389,1020012,102001,1,19,AwakeningItem,0
2390,1020012,102001,1,20,AwakeningItem,0
2391,1030010,103001,1,1,AwakeningItem,0
2392,1030010,103001,1,2,AwakeningItem,0
2393,1030010,103001,1,3,AwakeningItem,0
2394,1030010,103001,0,5,AwakeningItem,0
2395,1030011,103001,1,1,AwakeningItem,0
2396,1030011,103001,1,2,AwakeningItem,0
2397,1030011,103001,1,3,AwakeningItem,0
2398,1030011,103001,0,5,AwakeningItem,0
2399,1030011,103001,0,9,AwakeningItem,0
2400,1030012,103001,0,5,AwakeningItem,0
2401,1030012,103001,0,9,AwakeningItem,0
2402,1030012,103001,1,15,AwakeningItem,0
2403,1030012,103001,1,19,AwakeningItem,0
2404,1030012,103001,1,20,AwakeningItem,0
2405,1040010,104001,1,1,AwakeningItem,0
2406,1040010,104001,1,2,AwakeningItem,0
2407,1040010,104001,1,3,AwakeningItem,0
2408,1040010,104001,0,6,AwakeningItem,0
2409,1040011,104001,1,1,AwakeningItem,0
2410,1040011,104001,1,2,AwakeningItem,0
2411,1040011,104001,1,3,AwakeningItem,0
2412,1040011,104001,0,6,AwakeningItem,0
2413,1040011,104001,0,12,AwakeningItem,0
2414,1040012,104001,0,6,AwakeningItem,0
2415,1040012,104001,0,12,AwakeningItem,0
2416,1040012,104001,1,16,AwakeningItem,0
2417,1040012,104001,1,19,AwakeningItem,0
2418,1040012,104001,1,20,AwakeningItem,0
2419,1050010,105001,1,1,AwakeningItem,0
2420,1050010,105001,1,2,AwakeningItem,0
2421,1050010,105001,1,3,AwakeningItem,0
2422,1050010,105001,0,7,AwakeningItem,0
2423,1050011,105001,1,1,AwakeningItem,0
2424,1050011,105001,1,2,AwakeningItem,0
2425,1050011,105001,1,3,AwakeningItem,0
2426,1050011,105001,0,7,AwakeningItem,0
2427,1050011,105001,0,10,AwakeningItem,0
2428,1050012,105001,0,7,AwakeningItem,0
2429,1050012,105001,0,10,AwakeningItem,0
2430,1050012,105001,1,17,AwakeningItem,0
2431,1050012,105001,1,19,AwakeningItem,0
2432,1050012,105001,1,20,AwakeningItem,0
2433,1060010,106001,1,1,AwakeningItem,0
2434,1060010,106001,1,2,AwakeningItem,0
2435,1060010,106001,1,3,AwakeningItem,0
2436,1060010,106001,0,8,AwakeningItem,0
2437,1060011,106001,1,1,AwakeningItem,0
2438,1060011,106001,1,2,AwakeningItem,0
2439,1060011,106001,1,3,AwakeningItem,0
2440,1060011,106001,0,8,AwakeningItem,0
2441,1060011,106001,0,13,AwakeningItem,0
2442,1060012,106001,0,8,AwakeningItem,0
2443,1060012,106001,0,13,AwakeningItem,0
2444,1060012,106001,1,14,AwakeningItem,0
2445,1060012,106001,1,19,AwakeningItem,0
2446,1060012,106001,1,20,AwakeningItem,0
2447,1070010,107001,1,1,AwakeningItem,0
2448,1070010,107001,1,2,AwakeningItem,0
2449,1070010,107001,1,3,AwakeningItem,0
2450,1070010,107001,0,4,AwakeningItem,0
2451,1070011,107001,1,1,AwakeningItem,0
2452,1070011,107001,1,2,AwakeningItem,0
2453,1070011,107001,1,3,AwakeningItem,0
2454,1070011,107001,0,4,AwakeningItem,0
2455,1070011,107001,0,11,AwakeningItem,0
2456,1070012,107001,0,4,AwakeningItem,0
2457,1070012,107001,0,11,AwakeningItem,0
2458,1070012,107001,1,18,AwakeningItem,0
2459,1070012,107001,1,19,AwakeningItem,0
2460,1070012,107001,1,20,AwakeningItem,0
2461,1080010,108001,1,1,AwakeningItem,0
2462,1080010,108001,1,2,AwakeningItem,0
2463,1080010,108001,1,3,AwakeningItem,0
2464,1080010,108001,0,5,AwakeningItem,0
2465,1080011,108001,1,1,AwakeningItem,0
2466,1080011,108001,1,2,AwakeningItem,0
2467,1080011,108001,1,3,AwakeningItem,0
2468,1080011,108001,0,5,AwakeningItem,0
2469,1080011,108001,0,9,AwakeningItem,0
2470,1080012,108001,0,5,AwakeningItem,0
2471,1080012,108001,0,9,AwakeningItem,0
2472,1080012,108001,1,15,AwakeningItem,0
2473,1080012,108001,1,19,AwakeningItem,0
2474,1080012,108001,1,20,AwakeningItem,0
2475,1090010,109001,1,1,AwakeningItem,0
2476,1090010,109001,1,2,AwakeningItem,0
2477,1090010,109001,1,3,AwakeningItem,0
2478,1090010,109001,0,6,AwakeningItem,0
2479,1090011,109001,1,1,AwakeningItem,0
2480,1090011,109001,1,2,AwakeningItem,0
2481,1090011,109001,1,3,AwakeningItem,0
2482,1090011,109001,0,6,AwakeningItem,0
2483,1090011,109001,0,12,AwakeningItem,0
2484,1090012,109001,0,6,AwakeningItem,0
2485,1090012,109001,0,12,AwakeningItem,0
2486,1090012,109001,1,16,AwakeningItem,0
2487,1090012,109001,1,19,AwakeningItem,0
2488,1090012,109001,1,20,AwakeningItem,0
2489,1100010,110001,1,1,AwakeningItem,0
2490,1100010,110001,1,2,AwakeningItem,0
2491,1100010,110001,1,3,AwakeningItem,0
2492,1100010,110001,0,7,AwakeningItem,0
2493,1100011,110001,1,1,AwakeningItem,0
2494,1100011,110001,1,2,AwakeningItem,0
2495,1100011,110001,1,3,AwakeningItem,0
2496,1100011,110001,0,7,AwakeningItem,0
2497,1100011,110001,0,10,AwakeningItem,0
2498,1100012,110001,0,7,AwakeningItem,0
2499,1100012,110001,0,10,AwakeningItem,0
2500,1100012,110001,1,17,AwakeningItem,0
2501,1100012,110001,1,19,AwakeningItem,0
2502,1100012,110001,1,20,AwakeningItem,0
2503,1110010,111001,1,1,AwakeningItem,0
2504,1110010,111001,1,2,AwakeningItem,0
2505,1110010,111001,1,3,AwakeningItem,0
2506,1110010,111001,0,8,AwakeningItem,0
2507,1110011,111001,1,1,AwakeningItem,0
2508,1110011,111001,1,2,AwakeningItem,0
2509,1110011,111001,1,3,AwakeningItem,0
2510,1110011,111001,0,8,AwakeningItem,0
2511,1110011,111001,0,13,AwakeningItem,0
2512,1110012,111001,0,8,AwakeningItem,0
2513,1110012,111001,0,13,AwakeningItem,0
2514,1110012,111001,1,14,AwakeningItem,0
2515,1110012,111001,1,19,AwakeningItem,0
2516,1110012,111001,1,20,AwakeningItem,0
2517,1110020,111002,1,1,AwakeningItem,0
2518,1110020,111002,1,2,AwakeningItem,0
2519,1110020,111002,1,3,AwakeningItem,0
2520,1110020,111002,0,4,AwakeningItem,0
2521,1110021,111002,1,1,AwakeningItem,0
2522,1110021,111002,1,2,AwakeningItem,0
2523,1110021,111002,1,3,AwakeningItem,0
2524,1110021,111002,0,4,AwakeningItem,0
2525,1110021,111002,0,11,AwakeningItem,0
2526,1110022,111002,0,4,AwakeningItem,0
2527,1110022,111002,0,11,AwakeningItem,0
2528,1110022,111002,1,18,AwakeningItem,0
2529,1110022,111002,1,19,AwakeningItem,0
2530,1110022,111002,1,20,AwakeningItem,0
2531,1110030,111003,1,1,AwakeningItem,0
2532,1110030,111003,1,2,AwakeningItem,0
2533,1110030,111003,1,3,AwakeningItem,0
2534,1110030,111003,0,5,AwakeningItem,0
2535,1110031,111003,1,1,AwakeningItem,0
2536,1110031,111003,1,2,AwakeningItem,0
2537,1110031,111003,1,3,AwakeningItem,0
2538,1110031,111003,0,5,AwakeningItem,0
2539,1110031,111003,0,9,AwakeningItem,0
2540,1110032,111003,0,5,AwakeningItem,0
2541,1110032,111003,0,9,AwakeningItem,0
2542,1110032,111003,1,15,AwakeningItem,0
2543,1110032,111003,1,19,AwakeningItem,0
2544,1110032,111003,1,20,AwakeningItem,0
2545,1110040,111004,1,1,AwakeningItem,0
2546,1110040,111004,1,2,AwakeningItem,0
2547,1110040,111004,1,3,AwakeningItem,0
2548,1110040,111004,0,6,AwakeningItem,0
2549,1110041,111004,1,1,AwakeningItem,0
2550,1110041,111004,1,2,AwakeningItem,0
2551,1110041,111004,1,3,AwakeningItem,0
2552,1110041,111004,0,6,AwakeningItem,0
2553,1110041,111004,0,12,AwakeningItem,0
2554,1110042,111004,0,6,AwakeningItem,0
2555,1110042,111004,0,12,AwakeningItem,0
2556,1110042,111004,1,16,AwakeningItem,0
2557,1110042,111004,1,19,AwakeningItem,0
2558,1110042,111004,1,20,AwakeningItem,0
2559,1110050,111005,1,1,AwakeningItem,0
2560,1110050,111005,1,2,AwakeningItem,0
2561,1110050,111005,1,3,AwakeningItem,0
2562,1110050,111005,0,7,AwakeningItem,0
2563,1110051,111005,1,1,AwakeningItem,0
2564,1110051,111005,1,2,AwakeningItem,0
2565,1110051,111005,1,3,AwakeningItem,0
2566,1110051,111005,0,7,AwakeningItem,0
2567,1110051,111005,0,10,AwakeningItem,0
2568,1110052,111005,0,7,AwakeningItem,0
2569,1110052,111005,0,10,AwakeningItem,0
2570,1110052,111005,1,17,AwakeningItem,0
2571,1110052,111005,1,19,AwakeningItem,0
2572,1110052,111005,1,20,AwakeningItem,0
2573,1200010,120001,1,400,TrainingItem,0
2574,1200010,120001,1,500,TrainingItem,0
2575,1200010,120001,1,401,TrainingItem,0
2576,1200010,120001,1,501,TrainingItem,0
2577,1200010,120001,1,402,TrainingItem,0
2578,1200010,120001,1,502,TrainingItem,0
2579,1200010,120001,1,403,TrainingItem,0
2580,1200010,120001,1,503,TrainingItem,0
2581,1200010,120001,1,404,TrainingItem,0
2582,1200010,120001,1,504,TrainingItem,0
2583,1200011,120001,1,700,TrainingItem,0
2584,1200011,120001,1,600,TrainingItem,0
2585,1200011,120001,1,701,TrainingItem,0
2586,1200011,120001,1,601,TrainingItem,0
2587,1200011,120001,1,702,TrainingItem,0
2588,1200011,120001,1,602,TrainingItem,0
2589,1200011,120001,1,703,TrainingItem,0
2590,1200011,120001,1,603,TrainingItem,0
2591,1200011,120001,1,704,TrainingItem,0
2592,1200011,120001,1,604,TrainingItem,0
2593,1200012,120001,1,800,TrainingItem,0
2594,1200012,120001,1,900,TrainingItem,0
2595,1200012,120001,1,801,TrainingItem,0
2596,1200012,120001,1,901,TrainingItem,0
2597,1200012,120001,1,802,TrainingItem,0
2598,1200012,120001,1,902,TrainingItem,0
2599,1200012,120001,1,803,TrainingItem,0
2600,1200012,120001,1,903,TrainingItem,0
2601,1200012,120001,1,804,TrainingItem,0
2602,1200012,120001,1,904,TrainingItem,0
2603,1200020,120002,1,400,TrainingItem,0
2604,1200020,120002,1,401,TrainingItem,0
2605,1200020,120002,1,402,TrainingItem,0
2606,1200020,120002,1,403,TrainingItem,0
2607,1200020,120002,1,404,TrainingItem,0
2608,1200020,120002,1,5,TrainingField,0
2609,1200021,120002,1,600,TrainingItem,0
2610,1200021,120002,1,601,TrainingItem,0
2611,1200021,120002,1,602,TrainingItem,0
2612,1200021,120002,1,603,TrainingItem,0
2613,1200021,120002,1,604,TrainingItem,0
2614,1200021,120002,1,6,TrainingField,0
2615,1200022,120002,1,800,TrainingItem,0
2616,1200022,120002,1,801,TrainingItem,0
2617,1200022,120002,1,802,TrainingItem,0
2618,1200022,120002,1,803,TrainingItem,0
2619,1200022,120002,1,804,TrainingItem,0
2620,1200022,120002,1,7,TrainingField,0
2621,1200022,120002,1,8,TrainingField,0
2622,1310010,131001,1,1002640,Card,93879
2623,1310010,131001,1,1002630,Card,765122
2624,1310010,131001,1,1005480,Card,765122
2625,1320010,132001,1,1000,TrainingItem,0
2626,1320010,132001,1,1001,TrainingItem,0
2627,1320010,132001,1,1002,TrainingItem,0
2628,1320010,132001,1,1003,TrainingItem,0
2629,1320010,132001,1,1004,TrainingItem,0
2630,1330010,133001,1,1005460,Card,0
2631,1330010,133001,1,2,AwakeningItem,0
2632,1330010,133001,1,7,AwakeningItem,0
2633,1330010,133001,1,10,AwakeningItem,0
2634,1330011,133001,1,1005460,Card,0
2635,1330011,133001,1,2,AwakeningItem,0
2636,1330011,133001,1,7,AwakeningItem,0
2637,1330011,133001,1,10,AwakeningItem,0
2638,1330011,133001,1,17,AwakeningItem,0
2639,1330022,133002,1,1005460,Card,0
2640,1330022,133002,1,2,AwakeningItem,0
2641,1330022,133002,1,7,AwakeningItem,0
2642,1330022,133002,1,10,AwakeningItem,0
2643,1330022,133002,1,17,AwakeningItem,0
2644,1340010,134001,1,6,SupportItem,0
2645,1340010,134001,1,4,SupportItem,0
2646,1340010,134001,1,3,SupportItem,0
2647,1340010,134001,1,2,SupportItem,0
2648,1340011,134001,1,6,SupportItem,0
2649,1340011,134001,1,1002,SupportItem,0
2650,1340011,134001,1,1203,SupportItem,0
2651,1340011,134001,1,1202,SupportItem,0
2652,1340012,134001,1,1000,SupportItem,0
2653,1340012,134001,1,1701,SupportItem,0
2654,1340012,134001,1,1505,SupportItem,0
2655,1340012,134001,1,1700,SupportItem,0
2656,1350010,135001,1,1007360,Card,0
2657,1350010,135001,1,5,SupportItem,0
2658,1350011,135001,1,1007360,Card,0
2659,1350011,135001,1,5,SupportItem,0
2660,1350012,135001,1,1007360,Card,0
2661,1350012,135001,1,5,SupportItem,0
2662,1350023,135002,1,1007360,Card,0
2663,1350023,135002,1,5,SupportItem,0
2664,1360010,136001,1,700,TrainingItem,0
2665,1360010,136001,1,701,TrainingItem,0
2666,1360010,136001,1,702,TrainingItem,0
2667,1360010,136001,1,703,TrainingItem,0
2668,1360010,136001,1,704,TrainingItem,0
2669,1360010,136001,1,1002650,Card,11333
2670,1360010,136001,1,31502,SupportItem,0
2671,1360010,136001,1,31501,SupportItem,0
2672,1360010,136001,1,1700,SupportItem,0
2673,1360010,136001,1,1701,SupportItem,0
2674,1360010,136001,1,1000,SupportItem,0
2675,1360020,136002,1,700,TrainingItem,0
2676,1360020,136002,1,701,TrainingItem,0
2677,1360020,136002,1,702,TrainingItem,0
2678,1360020,136002,1,703,TrainingItem,0
2679,1360020,136002,1,704,TrainingItem,0
2680,1360020,136002,1,1002650,Card,11333
2681,1360020,136002,1,31502,SupportItem,0
2682,1360020,136002,1,31501,SupportItem,0
2683,1360020,136002,1,1700,SupportItem,0
2684,1360020,136002,1,1701,SupportItem,0
2685,1360020,136002,1,1000,SupportItem,0
2686,1360030,136003,1,700,TrainingItem,0
2687,1360030,136003,1,701,TrainingItem,0
2688,1360030,136003,1,702,TrainingItem,0
2689,1360030,136003,1,703,TrainingItem,0
2690,1360030,136003,1,704,TrainingItem,0
2691,1360030,136003,1,1002650,Card,11333
2692,1360030,136003,1,31502,SupportItem,0
2693,1360030,136003,1,31501,SupportItem,0
2694,1360030,136003,1,1700,SupportItem,0
2695,1360030,136003,1,1701,SupportItem,0
2696,1360030,136003,1,1000,SupportItem,0
2697,1360040,136004,1,700,TrainingItem,0
2698,1360040,136004,1,701,TrainingItem,0
2699,1360040,136004,1,702,TrainingItem,0
2700,1360040,136004,1,703,TrainingItem,0
2701,1360040,136004,1,704,TrainingItem,0
2702,1360040,136004,1,1002650,Card,11333
2703,1360040,136004,1,31502,SupportItem,0
2704,1360040,136004,1,31501,SupportItem,0
2705,1360040,136004,1,1700,SupportItem,0
2706,1360040,136004,1,1701,SupportItem,0
2707,1360040,136004,1,1000,SupportItem,0
2708,1360050,136005,1,700,TrainingItem,0
2709,1360050,136005,1,701,TrainingItem,0
2710,1360050,136005,1,702,TrainingItem,0
2711,1360050,136005,1,703,TrainingItem,0
2712,1360050,136005,1,704,TrainingItem,0
2713,1360050,136005,1,1002650,Card,11333
2714,1360050,136005,1,31502,SupportItem,0
2715,1360050,136005,1,31501,SupportItem,0
2716,1360050,136005,1,1700,SupportItem,0
2717,1360050,136005,1,1701,SupportItem,0
2718,1360050,136005,1,1000,SupportItem,0
2719,1360060,136006,1,700,TrainingItem,0
2720,1360060,136006,1,701,TrainingItem,0
2721,1360060,136006,1,702,TrainingItem,0
2722,1360060,136006,1,703,TrainingItem,0
2723,1360060,136006,1,704,TrainingItem,0
2724,1360060,136006,1,1002650,Card,11333
2725,1360060,136006,1,31502,SupportItem,0
2726,1360060,136006,1,31501,SupportItem,0
2727,1360060,136006,1,1700,SupportItem,0
2728,1360060,136006,1,1701,SupportItem,0
2729,1360060,136006,1,1000,SupportItem,0
2730,1360070,136007,1,700,TrainingItem,0
2731,1360070,136007,1,701,TrainingItem,0
2732,1360070,136007,1,702,TrainingItem,0
2733,1360070,136007,1,703,TrainingItem,0
2734,1360070,136007,1,704,TrainingItem,0
2735,1360070,136007,1,1002650,Card,11333
2736,1360070,136007,1,31502,SupportItem,0
2737,1360070,136007,1,31501,SupportItem,0
2738,1360070,136007,1,1700,SupportItem,0
2739,1360070,136007,1,1701,SupportItem,0
2740,1360070,136007,1,1000,SupportItem,0
2741,1360080,136008,1,700,TrainingItem,0
2742,1360080,136008,1,701,TrainingItem,0
2743,1360080,136008,1,702,TrainingItem,0
2744,1360080,136008,1,703,TrainingItem,0
2745,1360080,136008,1,704,TrainingItem,0
2746,1360080,136008,1,1002650,Card,11333
2747,1360080,136008,1,31502,SupportItem,0
2748,1360080,136008,1,31501,SupportItem,0
2749,1360080,136008,1,1700,SupportItem,0
2750,1360080,136008,1,1701,SupportItem,0
2751,1360080,136008,1,1000,SupportItem,0
2752,1360090,136009,1,700,TrainingItem,0
2753,1360090,136009,1,701,TrainingItem,0
2754,1360090,136009,1,702,TrainingItem,0
2755,1360090,136009,1,703,TrainingItem,0
2756,1360090,136009,1,704,TrainingItem,0
2757,1360090,136009,1,1002650,Card,11333
2758,1360090,136009,1,31502,SupportItem,0
2759,1360090,136009,1,31501,SupportItem,0
2760,1360090,136009,1,1700,SupportItem,0
2761,1360090,136009,1,1701,SupportItem,0
2762,1360090,136009,1,1000,SupportItem,0
2763,1360100,136010,1,700,TrainingItem,0
2764,1360100,136010,1,701,TrainingItem,0
2765,1360100,136010,1,702,TrainingItem,0
2766,1360100,136010,1,703,TrainingItem,0
2767,1360100,136010,1,704,TrainingItem,0
2768,1360100,136010,1,1002650,Card,11333
2769,1360100,136010,1,31502,SupportItem,0
2770,1360100,136010,1,31501,SupportItem,0
2771,1360100,136010,1,1700,SupportItem,0
2772,1360100,136010,1,1701,SupportItem,0
2773,1360100,136010,1,1000,SupportItem,0
2774,1360110,136011,1,700,TrainingItem,0
2775,1360110,136011,1,701,TrainingItem,0
2776,1360110,136011,1,702,TrainingItem,0
2777,1360110,136011,1,703,TrainingItem,0
2778,1360110,136011,1,704,TrainingItem,0
2779,1360110,136011,1,1002650,Card,11333
2780,1360110,136011,1,31502,SupportItem,0
2781,1360110,136011,1,31501,SupportItem,0
2782,1360110,136011,1,1700,SupportItem,0
2783,1360110,136011,1,1701,SupportItem,0
2784,1360110,136011,1,1000,SupportItem,0
2785,1360120,136012,1,700,TrainingItem,0
2786,1360120,136012,1,701,TrainingItem,0
2787,1360120,136012,1,702,TrainingItem,0
2788,1360120,136012,1,703,TrainingItem,0
2789,1360120,136012,1,704,TrainingItem,0
2790,1360120,136012,1,1002650,Card,11333
2791,1360120,136012,1,31502,SupportItem,0
2792,1360120,136012,1,31501,SupportItem,0
2793,1360120,136012,1,1700,SupportItem,0
2794,1360120,136012,1,1701,SupportItem,0
2795,1360120,136012,1,1000,SupportItem,0
2796,1360130,136013,1,700,TrainingItem,0
2797,1360130,136013,1,701,TrainingItem,0
2798,1360130,136013,1,702,TrainingItem,0
2799,1360130,136013,1,703,TrainingItem,0
2800,1360130,136013,1,704,TrainingItem,0
2801,1360130,136013,1,1002650,Card,11333
2802,1360130,136013,1,31502,SupportItem,0
2803,1360130,136013,1,31501,SupportItem,0
2804,1360130,136013,1,1700,SupportItem,0
2805,1360130,136013,1,1701,SupportItem,0
2806,1360130,136013,1,1000,SupportItem,0
2807,1360140,136014,1,700,TrainingItem,0
2808,1360140,136014,1,701,TrainingItem,0
2809,1360140,136014,1,702,TrainingItem,0
2810,1360140,136014,1,703,TrainingItem,0
2811,1360140,136014,1,704,TrainingItem,0
2812,1360140,136014,1,1002650,Card,11333
2813,1360140,136014,1,31502,SupportItem,0
2814,1360140,136014,1,31501,SupportItem,0
2815,1360140,136014,1,1700,SupportItem,0
2816,1360140,136014,1,1701,SupportItem,0
2817,1360140,136014,1,1000,SupportItem,0
2818,1360150,136015,1,700,TrainingItem,0
2819,1360150,136015,1,701,TrainingItem,0
2820,1360150,136015,1,702,TrainingItem,0
2821,1360150,136015,1,703,TrainingItem,0
2822,1360150,136015,1,704,TrainingItem,0
2823,1360150,136015,1,1002650,Card,11333
2824,1360150,136015,1,31502,SupportItem,0
2825,1360150,136015,1,31501,SupportItem,0
2826,1360150,136015,1,1700,SupportItem,0
2827,1360150,136015,1,1701,SupportItem,0
2828,1360150,136015,1,1000,SupportItem,0
2829,1360160,136016,1,700,TrainingItem,0
2830,1360160,136016,1,701,TrainingItem,0
2831,1360160,136016,1,702,TrainingItem,0
2832,1360160,136016,1,703,TrainingItem,0
2833,1360160,136016,1,704,TrainingItem,0
2834,1360160,136016,1,1002650,Card,11333
2835,1360160,136016,1,31502,SupportItem,0
2836,1360160,136016,1,31501,SupportItem,0
2837,1360160,136016,1,1700,SupportItem,0
2838,1360160,136016,1,1701,SupportItem,0
2839,1360160,136016,1,1000,SupportItem,0
2840,1360170,136017,1,700,TrainingItem,0
2841,1360170,136017,1,701,TrainingItem,0
2842,1360170,136017,1,702,TrainingItem,0
2843,1360170,136017,1,703,TrainingItem,0
2844,1360170,136017,1,704,TrainingItem,0
2845,1360170,136017,1,1002650,Card,11333
2846,1360170,136017,1,31502,SupportItem,0
2847,1360170,136017,1,31501,SupportItem,0
2848,1360170,136017,1,1700,SupportItem,0
2849,1360170,136017,1,1701,SupportItem,0
2850,1360170,136017,1,1000,SupportItem,0
2851,1360180,136018,1,700,TrainingItem,0
2852,1360180,136018,1,701,TrainingItem,0
2853,1360180,136018,1,702,TrainingItem,0
2854,1360180,136018,1,703,TrainingItem,0
2855,1360180,136018,1,704,TrainingItem,0
2856,1360180,136018,1,1002650,Card,11333
2857,1360180,136018,1,31502,SupportItem,0
2858,1360180,136018,1,31501,SupportItem,0
2859,1360180,136018,1,1700,SupportItem,0
2860,1360180,136018,1,1701,SupportItem,0
2861,1360180,136018,1,1000,SupportItem,0
2862,1360190,136019,1,700,TrainingItem,0
2863,1360190,136019,1,701,TrainingItem,0
2864,1360190,136019,1,702,TrainingItem,0
2865,1360190,136019,1,703,TrainingItem,0
2866,1360190,136019,1,704,TrainingItem,0
2867,1360190,136019,1,1002650,Card,11333
2868,1360190,136019,1,31502,SupportItem,0
2869,1360190,136019,1,31501,SupportItem,0
2870,1360190,136019,1,1700,SupportItem,0
2871,1360190,136019,1,1701,SupportItem,0
2872,1360190,136019,1,1000,SupportItem,0
2873,1360200,136020,1,700,TrainingItem,0
2874,1360200,136020,1,701,TrainingItem,0
2875,1360200,136020,1,702,TrainingItem,0
2876,1360200,136020,1,703,TrainingItem,0
2877,1360200,136020,1,704,TrainingItem,0
2878,1360200,136020,1,1002650,Card,11333
2879,1360200,136020,1,31502,SupportItem,0
2880,1360200,136020,1,31501,SupportItem,0
2881,1360200,136020,1,1700,SupportItem,0
2882,1360200,136020,1,1701,SupportItem,0
2883,1360200,136020,1,1000,SupportItem,0
2884,1360210,136021,1,700,TrainingItem,0
2885,1360210,136021,1,701,TrainingItem,0
2886,1360210,136021,1,702,TrainingItem,0
2887,1360210,136021,1,703,TrainingItem,0
2888,1360210,136021,1,704,TrainingItem,0
2889,1360210,136021,1,1002650,Card,11333
2890,1360210,136021,1,31502,SupportItem,0
2891,1360210,136021,1,31501,SupportItem,0
2892,1360210,136021,1,1700,SupportItem,0
2893,1360210,136021,1,1701,SupportItem,0
2894,1360210,136021,1,1000,SupportItem,0
2895,1360220,136022,1,700,TrainingItem,0
2896,1360220,136022,1,701,TrainingItem,0
2897,1360220,136022,1,702,TrainingItem,0
2898,1360220,136022,1,703,TrainingItem,0
2899,1360220,136022,1,704,TrainingItem,0
2900,1360220,136022,1,1002650,Card,11333
2901,1360220,136022,1,31502,SupportItem,0
2902,1360220,136022,1,31501,SupportItem,0
2903,1360220,136022,1,1700,SupportItem,0
2904,1360220,136022,1,1701,SupportItem,0
2905,1360220,136022,1,1000,SupportItem,0
2906,1360230,136023,1,700,TrainingItem,0
2907,1360230,136023,1,701,TrainingItem,0
2908,1360230,136023,1,702,TrainingItem,0
2909,1360230,136023,1,703,TrainingItem,0
2910,1360230,136023,1,704,TrainingItem,0
2911,1360230,136023,1,1002650,Card,11333
2912,1360230,136023,1,31502,SupportItem,0
2913,1360230,136023,1,31501,SupportItem,0
2914,1360230,136023,1,1700,SupportItem,0
2915,1360230,136023,1,1701,SupportItem,0
2916,1360230,136023,1,1000,SupportItem,0
2917,1360240,136024,1,700,TrainingItem,0
2918,1360240,136024,1,701,TrainingItem,0
2919,1360240,136024,1,702,TrainingItem,0
2920,1360240,136024,1,703,TrainingItem,0
2921,1360240,136024,1,704,TrainingItem,0
2922,1360240,136024,1,1002650,Card,11333
2923,1360240,136024,1,31502,SupportItem,0
2924,1360240,136024,1,31501,SupportItem,0
2925,1360240,136024,1,1700,SupportItem,0
2926,1360240,136024,1,1701,SupportItem,0
2927,1360240,136024,1,1000,SupportItem,0
2928,1360250,136025,1,700,TrainingItem,0
2929,1360250,136025,1,701,TrainingItem,0
2930,1360250,136025,1,702,TrainingItem,0
2931,1360250,136025,1,703,TrainingItem,0
2932,1360250,136025,1,704,TrainingItem,0
2933,1360250,136025,1,1002650,Card,11333
2934,1360250,136025,1,31502,SupportItem,0
2935,1360250,136025,1,31501,SupportItem,0
2936,1360250,136025,1,1700,SupportItem,0
2937,1360250,136025,1,1701,SupportItem,0
2938,1360250,136025,1,1000,SupportItem,0
2939,1360260,136026,1,700,TrainingItem,0
2940,1360260,136026,1,701,TrainingItem,0
2941,1360260,136026,1,702,TrainingItem,0
2942,1360260,136026,1,703,TrainingItem,0
2943,1360260,136026,1,704,TrainingItem,0
2944,1360260,136026,1,1002650,Card,11333
2945,1360260,136026,1,31502,SupportItem,0
2946,1360260,136026,1,31501,SupportItem,0
2947,1360260,136026,1,1700,SupportItem,0
2948,1360260,136026,1,1701,SupportItem,0
2949,1360260,136026,1,1000,SupportItem,0
2950,1360270,136027,1,700,TrainingItem,0
2951,1360270,136027,1,701,TrainingItem,0
2952,1360270,136027,1,702,TrainingItem,0
2953,1360270,136027,1,703,TrainingItem,0
2954,1360270,136027,1,704,TrainingItem,0
2955,1360270,136027,1,1002650,Card,11333
2956,1360270,136027,1,31502,SupportItem,0
2957,1360270,136027,1,31501,SupportItem,0
2958,1360270,136027,1,1700,SupportItem,0
2959,1360270,136027,1,1701,SupportItem,0
2960,1360270,136027,1,1000,SupportItem,0
2961,1360280,136028,1,700,TrainingItem,0
2962,1360280,136028,1,701,TrainingItem,0
2963,1360280,136028,1,702,TrainingItem,0
2964,1360280,136028,1,703,TrainingItem,0
2965,1360280,136028,1,704,TrainingItem,0
2966,1360280,136028,1,1002650,Card,11333
2967,1360280,136028,1,31502,SupportItem,0
2968,1360280,136028,1,31501,SupportItem,0
2969,1360280,136028,1,1700,SupportItem,0
2970,1360280,136028,1,1701,SupportItem,0
2971,1360280,136028,1,1000,SupportItem,0
2972,1360290,136029,1,700,TrainingItem,0
2973,1360290,136029,1,701,TrainingItem,0
2974,1360290,136029,1,702,TrainingItem,0
2975,1360290,136029,1,703,TrainingItem,0
2976,1360290,136029,1,704,TrainingItem,0
2977,1360290,136029,1,1002650,Card,11333
2978,1360290,136029,1,31502,SupportItem,0
2979,1360290,136029,1,31501,SupportItem,0
2980,1360290,136029,1,1700,SupportItem,0
2981,1360290,136029,1,1701,SupportItem,0
2982,1360290,136029,1,1000,SupportItem,0
2983,1360300,136030,1,700,TrainingItem,0
2984,1360300,136030,1,701,TrainingItem,0
2985,1360300,136030,1,702,TrainingItem,0
2986,1360300,136030,1,703,TrainingItem,0
2987,1360300,136030,1,704,TrainingItem,0
2988,1360300,136030,1,1002650,Card,11333
2989,1360300,136030,1,31502,SupportItem,0
2990,1360300,136030,1,31501,SupportItem,0
2991,1360300,136030,1,1700,SupportItem,0
2992,1360300,136030,1,1701,SupportItem,0
2993,1360300,136030,1,1000,SupportItem,0
2994,1370012,137001,1,1008900,Card,0
2995,1370012,137001,1,1,AwakeningItem,0
2996,1370012,137001,1,7,AwakeningItem,0
2997,1370012,137001,1,10,AwakeningItem,0
2998,1370012,137001,1,17,AwakeningItem,0
2999,1370012,137001,1,19,AwakeningItem,0
3000,1370012,137001,1,1008910,Card,0
3001,1370012,137001,1,8,AwakeningItem,0
3002,1370012,137001,1,13,AwakeningItem,0
3003,1370012,137001,1,14,AwakeningItem,0
3004,1370012,137001,1,20,AwakeningItem,0
3005,1370012,137001,1,32202,AwakeningItem,0
3006,1370012,137001,1,30505,SupportItem,0
3007,1370012,137001,1,31501,SupportItem,0
3008,1370012,137001,1,30502,SupportItem,0
3009,1370013,137001,1,1008900,Card,0
3010,1370013,137001,1,1,AwakeningItem,0
3011,1370013,137001,1,7,AwakeningItem,0
3012,1370013,137001,1,10,AwakeningItem,0
3013,1370013,137001,1,17,AwakeningItem,0
3014,1370013,137001,1,19,AwakeningItem,0
3015,1370013,137001,1,1008910,Card,0
3016,1370013,137001,1,8,AwakeningItem,0
3017,1370013,137001,1,13,AwakeningItem,0
3018,1370013,137001,1,14,AwakeningItem,0
3019,1370013,137001,1,20,AwakeningItem,0
3020,1370013,137001,0,13701,AwakeningItem,0
3021,1380010,138001,1,1009010,Card,0
3022,1380010,138001,1,1,AwakeningItem,0
3023,1380010,138001,1,4,AwakeningItem,0
3024,1380010,138001,1,11,AwakeningItem,0
3025,1380010,138001,1,18,AwakeningItem,0
3026,1380010,138001,1,1009020,Card,0
3027,1380010,138001,1,6,AwakeningItem,0
3028,1380010,138001,1,12,AwakeningItem,0
3029,1380010,138001,1,16,AwakeningItem,0
3030,1380011,138001,1,1009010,Card,0
3031,1380011,138001,1,1,AwakeningItem,0
3032,1380011,138001,1,4,AwakeningItem,0
3033,1380011,138001,1,11,AwakeningItem,0
3034,1380011,138001,1,18,AwakeningItem,0
3035,1380011,138001,1,1009020,Card,0
3036,1380011,138001,1,6,AwakeningItem,0
3037,1380011,138001,1,12,AwakeningItem,0
3038,1380011,138001,1,16,AwakeningItem,0
3039,1380012,138001,1,90003,AwakeningItem,0
3040,1380012,138001,1,90004,AwakeningItem,0
3041,1390011,139001,1,1009810,Card,0
3042,1390011,139001,1,5,AwakeningItem,0
3043,1390011,139001,1,9,AwakeningItem,0
3044,1390011,139001,1,802,TrainingItem,0
3045,1390011,139001,0,1391,AwakeningItem,0
3046,1400012,140001,1,1,PotentialItem,0
3047,1400012,140001,1,6,PotentialItem,0
3048,1400012,140001,1,11,PotentialItem,0
3049,1410012,141001,1,2,PotentialItem,0
3050,1410012,141001,1,7,PotentialItem,0
3051,1410012,141001,1,12,PotentialItem,0
3052,1420012,142001,1,3,PotentialItem,0
3053,1420012,142001,1,8,PotentialItem,0
3054,1420012,142001,1,13,PotentialItem,0
3055,1430012,143001,1,4,PotentialItem,0
3056,1430012,143001,1,9,PotentialItem,0
3057,1430012,143001,1,14,PotentialItem,0
3058,1440012,144001,1,5,PotentialItem,0
3059,1440012,144001,1,10,PotentialItem,0
3060,1440012,144001,1,15,PotentialItem,0
3061,1460012,146001,1,1,PotentialItem,0
3062,1460012,146001,1,6,PotentialItem,0
3063,1460012,146001,1,11,PotentialItem,0
3064,1460022,146002,1,2,PotentialItem,0
3065,1460022,146002,1,7,PotentialItem,0
3066,1460022,146002,1,12,PotentialItem,0
3067,1460032,146003,1,3,PotentialItem,0
3068,1460032,146003,1,8,PotentialItem,0
3069,1460032,146003,1,13,PotentialItem,0
3070,1460042,146004,1,4,PotentialItem,0
3071,1460042,146004,1,9,PotentialItem,0
3072,1460042,146004,1,14,PotentialItem,0
3073,1460052,146005,1,5,PotentialItem,0
3074,1460052,146005,1,10,PotentialItem,0
3075,1460052,146005,1,15,PotentialItem,0
3076,1470010,147001,1,700,TrainingItem,0
3077,1470010,147001,1,701,TrainingItem,0
3078,1470010,147001,1,702,TrainingItem,0
3079,1470010,147001,1,703,TrainingItem,0
3080,1470010,147001,1,704,TrainingItem,0
3081,1470010,147001,1,1002650,Card,11333
3082,1470010,147001,1,31502,SupportItem,0
3083,1470010,147001,1,31501,SupportItem,0
3084,1470010,147001,1,1700,SupportItem,0
3085,1470010,147001,1,1701,SupportItem,0
3086,1470010,147001,1,1000,SupportItem,0
3087,1470020,147002,1,700,TrainingItem,0
3088,1470020,147002,1,701,TrainingItem,0
3089,1470020,147002,1,702,TrainingItem,0
3090,1470020,147002,1,703,TrainingItem,0
3091,1470020,147002,1,704,TrainingItem,0
3092,1470020,147002,1,1002650,Card,11333
3093,1470020,147002,1,31502,SupportItem,0
3094,1470020,147002,1,31501,SupportItem,0
3095,1470020,147002,1,1700,SupportItem,0
3096,1470020,147002,1,1701,SupportItem,0
3097,1470020,147002,1,1000,SupportItem,0
3098,1470030,147003,1,700,TrainingItem,0
3099,1470030,147003,1,701,TrainingItem,0
3100,1470030,147003,1,702,TrainingItem,0
3101,1470030,147003,1,703,TrainingItem,0
3102,1470030,147003,1,704,TrainingItem,0
3103,1470030,147003,1,1002650,Card,11333
3104,1470030,147003,1,31502,SupportItem,0
3105,1470030,147003,1,31501,SupportItem,0
3106,1470030,147003,1,1700,SupportItem,0
3107,1470030,147003,1,1701,SupportItem,0
3108,1470030,147003,1,1000,SupportItem,0
3109,1470040,147004,1,700,TrainingItem,0
3110,1470040,147004,1,701,TrainingItem,0
3111,1470040,147004,1,702,TrainingItem,0
3112,1470040,147004,1,703,TrainingItem,0
3113,1470040,147004,1,704,TrainingItem,0
3114,1470040,147004,1,1002650,Card,11333
3115,1470040,147004,1,31502,SupportItem,0
3116,1470040,147004,1,31501,SupportItem,0
3117,1470040,147004,1,1700,SupportItem,0
3118,1470040,147004,1,1701,SupportItem,0
3119,1470040,147004,1,1000,SupportItem,0
3120,1470050,147005,1,700,TrainingItem,0
3121,1470050,147005,1,701,TrainingItem,0
3122,1470050,147005,1,702,TrainingItem,0
3123,1470050,147005,1,703,TrainingItem,0
3124,1470050,147005,1,704,TrainingItem,0
3125,1470050,147005,1,1002650,Card,11333
3126,1470050,147005,1,31502,SupportItem,0
3127,1470050,147005,1,31501,SupportItem,0
3128,1470050,147005,1,1700,SupportItem,0
3129,1470050,147005,1,1701,SupportItem,0
3130,1470050,147005,1,1000,SupportItem,0
3131,1470060,147006,1,700,TrainingItem,0
3132,1470060,147006,1,701,TrainingItem,0
3133,1470060,147006,1,702,TrainingItem,0
3134,1470060,147006,1,703,TrainingItem,0
3135,1470060,147006,1,704,TrainingItem,0
3136,1470060,147006,1,1002650,Card,11333
3137,1470060,147006,1,31502,SupportItem,0
3138,1470060,147006,1,31501,SupportItem,0
3139,1470060,147006,1,1700,SupportItem,0
3140,1470060,147006,1,1701,SupportItem,0
3141,1470060,147006,1,1000,SupportItem,0
3142,1470070,147007,1,700,TrainingItem,0
3143,1470070,147007,1,701,TrainingItem,0
3144,1470070,147007,1,702,TrainingItem,0
3145,1470070,147007,1,703,TrainingItem,0
3146,1470070,147007,1,704,TrainingItem,0
3147,1470070,147007,1,1002650,Card,11333
3148,1470070,147007,1,31502,SupportItem,0
3149,1470070,147007,1,31501,SupportItem,0
3150,1470070,147007,1,1700,SupportItem,0
3151,1470070,147007,1,1701,SupportItem,0
3152,1470070,147007,1,1000,SupportItem,0
3153,1470080,147008,1,700,TrainingItem,0
3154,1470080,147008,1,701,TrainingItem,0
3155,1470080,147008,1,702,TrainingItem,0
3156,1470080,147008,1,703,TrainingItem,0
3157,1470080,147008,1,704,TrainingItem,0
3158,1470080,147008,1,1002650,Card,11333
3159,1470080,147008,1,31502,SupportItem,0
3160,1470080,147008,1,31501,SupportItem,0
3161,1470080,147008,1,1700,SupportItem,0
3162,1470080,147008,1,1701,SupportItem,0
3163,1470080,147008,1,1000,SupportItem,0
3164,1470090,147009,1,700,TrainingItem,0
3165,1470090,147009,1,701,TrainingItem,0
3166,1470090,147009,1,702,TrainingItem,0
3167,1470090,147009,1,703,TrainingItem,0
3168,1470090,147009,1,704,TrainingItem,0
3169,1470090,147009,1,1002650,Card,11333
3170,1470090,147009,1,31502,SupportItem,0
3171,1470090,147009,1,31501,SupportItem,0
3172,1470090,147009,1,1700,SupportItem,0
3173,1470090,147009,1,1701,SupportItem,0
3174,1470090,147009,1,1000,SupportItem,0
3175,1470100,147010,1,700,TrainingItem,0
3176,1470100,147010,1,701,TrainingItem,0
3177,1470100,147010,1,702,TrainingItem,0
3178,1470100,147010,1,703,TrainingItem,0
3179,1470100,147010,1,704,TrainingItem,0
3180,1470100,147010,1,1002650,Card,11333
3181,1470100,147010,1,31502,SupportItem,0
3182,1470100,147010,1,31501,SupportItem,0
3183,1470100,147010,1,1700,SupportItem,0
3184,1470100,147010,1,1701,SupportItem,0
3185,1470100,147010,1,1000,SupportItem,0
3186,1470110,147011,1,700,TrainingItem,0
3187,1470110,147011,1,701,TrainingItem,0
3188,1470110,147011,1,702,TrainingItem,0
3189,1470110,147011,1,703,TrainingItem,0
3190,1470110,147011,1,704,TrainingItem,0
3191,1470110,147011,1,1002650,Card,11333
3192,1470110,147011,1,31502,SupportItem,0
3193,1470110,147011,1,31501,SupportItem,0
3194,1470110,147011,1,1700,SupportItem,0
3195,1470110,147011,1,1701,SupportItem,0
3196,1470110,147011,1,1000,SupportItem,0
3197,1470120,147012,1,700,TrainingItem,0
3198,1470120,147012,1,701,TrainingItem,0
3199,1470120,147012,1,702,TrainingItem,0
3200,1470120,147012,1,703,TrainingItem,0
3201,1470120,147012,1,704,TrainingItem,0
3202,1470120,147012,1,1002650,Card,11333
3203,1470120,147012,1,31502,SupportItem,0
3204,1470120,147012,1,31501,SupportItem,0
3205,1470120,147012,1,1700,SupportItem,0
3206,1470120,147012,1,1701,SupportItem,0
3207,1470120,147012,1,1000,SupportItem,0
3208,1470130,147013,1,700,TrainingItem,0
3209,1470130,147013,1,701,TrainingItem,0
3210,1470130,147013,1,702,TrainingItem,0
3211,1470130,147013,1,703,TrainingItem,0
3212,1470130,147013,1,704,TrainingItem,0
3213,1470130,147013,1,1002650,Card,11333
3214,1470130,147013,1,31502,SupportItem,0
3215,1470130,147013,1,31501,SupportItem,0
3216,1470130,147013,1,1700,SupportItem,0
3217,1470130,147013,1,1701,SupportItem,0
3218,1470130,147013,1,1000,SupportItem,0
3219,1470140,147014,1,700,TrainingItem,0
3220,1470140,147014,1,701,TrainingItem,0
3221,1470140,147014,1,702,TrainingItem,0
3222,1470140,147014,1,703,TrainingItem,0
3223,1470140,147014,1,704,TrainingItem,0
3224,1470140,147014,1,1002650,Card,11333
3225,1470140,147014,1,31502,SupportItem,0
3226,1470140,147014,1,31501,SupportItem,0
3227,1470140,147014,1,1700,SupportItem,0
3228,1470140,147014,1,1701,SupportItem,0
3229,1470140,147014,1,1000,SupportItem,0
3230,1470150,147015,1,700,TrainingItem,0
3231,1470150,147015,1,701,TrainingItem,0
3232,1470150,147015,1,702,TrainingItem,0
3233,1470150,147015,1,703,TrainingItem,0
3234,1470150,147015,1,704,TrainingItem,0
3235,1470150,147015,1,1002650,Card,11333
3236,1470150,147015,1,31502,SupportItem,0
3237,1470150,147015,1,31501,SupportItem,0
3238,1470150,147015,1,1700,SupportItem,0
3239,1470150,147015,1,1701,SupportItem,0
3240,1470150,147015,1,1000,SupportItem,0
3241,1470160,147016,1,700,TrainingItem,0
3242,1470160,147016,1,701,TrainingItem,0
3243,1470160,147016,1,702,TrainingItem,0
3244,1470160,147016,1,703,TrainingItem,0
3245,1470160,147016,1,704,TrainingItem,0
3246,1470160,147016,1,1002650,Card,11333
3247,1470160,147016,1,31502,SupportItem,0
3248,1470160,147016,1,31501,SupportItem,0
3249,1470160,147016,1,1700,SupportItem,0
3250,1470160,147016,1,1701,SupportItem,0
3251,1470160,147016,1,1000,SupportItem,0
3252,1470170,147017,1,700,TrainingItem,0
3253,1470170,147017,1,701,TrainingItem,0
3254,1470170,147017,1,702,TrainingItem,0
3255,1470170,147017,1,703,TrainingItem,0
3256,1470170,147017,1,704,TrainingItem,0
3257,1470170,147017,1,1002650,Card,11333
3258,1470170,147017,1,31502,SupportItem,0
3259,1470170,147017,1,31501,SupportItem,0
3260,1470170,147017,1,1700,SupportItem,0
3261,1470170,147017,1,1701,SupportItem,0
3262,1470170,147017,1,1000,SupportItem,0
3263,1470180,147018,1,700,TrainingItem,0
3264,1470180,147018,1,701,TrainingItem,0
3265,1470180,147018,1,702,TrainingItem,0
3266,1470180,147018,1,703,TrainingItem,0
3267,1470180,147018,1,704,TrainingItem,0
3268,1470180,147018,1,1002650,Card,11333
3269,1470180,147018,1,31502,SupportItem,0
3270,1470180,147018,1,31501,SupportItem,0
3271,1470180,147018,1,1700,SupportItem,0
3272,1470180,147018,1,1701,SupportItem,0
3273,1470180,147018,1,1000,SupportItem,0
3274,1470190,147019,1,700,TrainingItem,0
3275,1470190,147019,1,701,TrainingItem,0
3276,1470190,147019,1,702,TrainingItem,0
3277,1470190,147019,1,703,TrainingItem,0
3278,1470190,147019,1,704,TrainingItem,0
3279,1470190,147019,1,1002650,Card,11333
3280,1470190,147019,1,31502,SupportItem,0
3281,1470190,147019,1,31501,SupportItem,0
3282,1470190,147019,1,1700,SupportItem,0
3283,1470190,147019,1,1701,SupportItem,0
3284,1470190,147019,1,1000,SupportItem,0
3285,1470200,147020,1,700,TrainingItem,0
3286,1470200,147020,1,701,TrainingItem,0
3287,1470200,147020,1,702,TrainingItem,0
3288,1470200,147020,1,703,TrainingItem,0
3289,1470200,147020,1,704,TrainingItem,0
3290,1470200,147020,1,1002650,Card,11333
3291,1470200,147020,1,31502,SupportItem,0
3292,1470200,147020,1,31501,SupportItem,0
3293,1470200,147020,1,1700,SupportItem,0
3294,1470200,147020,1,1701,SupportItem,0
3295,1470200,147020,1,1000,SupportItem,0
3296,1470210,147021,1,700,TrainingItem,0
3297,1470210,147021,1,701,TrainingItem,0
3298,1470210,147021,1,702,TrainingItem,0
3299,1470210,147021,1,703,TrainingItem,0
3300,1470210,147021,1,704,TrainingItem,0
3301,1470210,147021,1,1002650,Card,11333
3302,1470210,147021,1,31502,SupportItem,0
3303,1470210,147021,1,31501,SupportItem,0
3304,1470210,147021,1,1700,SupportItem,0
3305,1470210,147021,1,1701,SupportItem,0
3306,1470210,147021,1,1000,SupportItem,0
3307,1470220,147022,1,700,TrainingItem,0
3308,1470220,147022,1,701,TrainingItem,0
3309,1470220,147022,1,702,TrainingItem,0
3310,1470220,147022,1,703,TrainingItem,0
3311,1470220,147022,1,704,TrainingItem,0
3312,1470220,147022,1,1002650,Card,11333
3313,1470220,147022,1,31502,SupportItem,0
3314,1470220,147022,1,31501,SupportItem,0
3315,1470220,147022,1,1700,SupportItem,0
3316,1470220,147022,1,1701,SupportItem,0
3317,1470220,147022,1,1000,SupportItem,0
3318,1470230,147023,1,700,TrainingItem,0
3319,1470230,147023,1,701,TrainingItem,0
3320,1470230,147023,1,702,TrainingItem,0
3321,1470230,147023,1,703,TrainingItem,0
3322,1470230,147023,1,704,TrainingItem,0
3323,1470230,147023,1,1002650,Card,11333
3324,1470230,147023,1,31502,SupportItem,0
3325,1470230,147023,1,31501,SupportItem,0
3326,1470230,147023,1,1700,SupportItem,0
3327,1470230,147023,1,1701,SupportItem,0
3328,1470230,147023,1,1000,SupportItem,0
3329,1470240,147024,1,700,TrainingItem,0
3330,1470240,147024,1,701,TrainingItem,0
3331,1470240,147024,1,702,TrainingItem,0
3332,1470240,147024,1,703,TrainingItem,0
3333,1470240,147024,1,704,TrainingItem,0
3334,1470240,147024,1,1002650,Card,11333
3335,1470240,147024,1,31502,SupportItem,0
3336,1470240,147024,1,31501,SupportItem,0
3337,1470240,147024,1,1700,SupportItem,0
3338,1470240,147024,1,1701,SupportItem,0
3339,1470240,147024,1,1000,SupportItem,0
3340,1470250,147025,1,700,TrainingItem,0
3341,1470250,147025,1,701,TrainingItem,0
3342,1470250,147025,1,702,TrainingItem,0
3343,1470250,147025,1,703,TrainingItem,0
3344,1470250,147025,1,704,TrainingItem,0
3345,1470250,147025,1,1002650,Card,11333
3346,1470250,147025,1,31502,SupportItem,0
3347,1470250,147025,1,31501,SupportItem,0
3348,1470250,147025,1,1700,SupportItem,0
3349,1470250,147025,1,1701,SupportItem,0
3350,1470250,147025,1,1000,SupportItem,0
3351,1470260,147026,1,700,TrainingItem,0
3352,1470260,147026,1,701,TrainingItem,0
3353,1470260,147026,1,702,TrainingItem,0
3354,1470260,147026,1,703,TrainingItem,0
3355,1470260,147026,1,704,TrainingItem,0
3356,1470260,147026,1,1002650,Card,11333
3357,1470260,147026,1,31502,SupportItem,0
3358,1470260,147026,1,31501,SupportItem,0
3359,1470260,147026,1,1700,SupportItem,0
3360,1470260,147026,1,1701,SupportItem,0
3361,1470260,147026,1,1000,SupportItem,0
3362,1470270,147027,1,700,TrainingItem,0
3363,1470270,147027,1,701,TrainingItem,0
3364,1470270,147027,1,702,TrainingItem,0
3365,1470270,147027,1,703,TrainingItem,0
3366,1470270,147027,1,704,TrainingItem,0
3367,1470270,147027,1,1002650,Card,11333
3368,1470270,147027,1,31502,SupportItem,0
3369,1470270,147027,1,31501,SupportItem,0
3370,1470270,147027,1,1700,SupportItem,0
3371,1470270,147027,1,1701,SupportItem,0
3372,1470270,147027,1,1000,SupportItem,0
3373,1470280,147028,1,700,TrainingItem,0
3374,1470280,147028,1,701,TrainingItem,0
3375,1470280,147028,1,702,TrainingItem,0
3376,1470280,147028,1,703,TrainingItem,0
3377,1470280,147028,1,704,TrainingItem,0
3378,1470280,147028,1,1002650,Card,11333
3379,1470280,147028,1,31502,SupportItem,0
3380,1470280,147028,1,31501,SupportItem,0
3381,1470280,147028,1,1700,SupportItem,0
3382,1470280,147028,1,1701,SupportItem,0
3383,1470280,147028,1,1000,SupportItem,0
3384,1470290,147029,1,700,TrainingItem,0
3385,1470290,147029,1,701,TrainingItem,0
3386,1470290,147029,1,702,TrainingItem,0
3387,1470290,147029,1,703,TrainingItem,0
3388,1470290,147029,1,704,TrainingItem,0
3389,1470290,147029,1,1002650,Card,11333
3390,1470290,147029,1,31502,SupportItem,0
3391,1470290,147029,1,31501,SupportItem,0
3392,1470290,147029,1,1700,SupportItem,0
3393,1470290,147029,1,1701,SupportItem,0
3394,1470290,147029,1,1000,SupportItem,0
3395,1470300,147030,1,700,TrainingItem,0
3396,1470300,147030,1,701,TrainingItem,0
3397,1470300,147030,1,702,TrainingItem,0
3398,1470300,147030,1,703,TrainingItem,0
3399,1470300,147030,1,704,TrainingItem,0
3400,1470300,147030,1,1002650,Card,11333
3401,1470300,147030,1,31502,SupportItem,0
3402,1470300,147030,1,31501,SupportItem,0
3403,1470300,147030,1,1700,SupportItem,0
3404,1470300,147030,1,1701,SupportItem,0
3405,1470300,147030,1,1000,SupportItem,0
3406,1470310,147031,1,700,TrainingItem,0
3407,1470310,147031,1,701,TrainingItem,0
3408,1470310,147031,1,702,TrainingItem,0
3409,1470310,147031,1,703,TrainingItem,0
3410,1470310,147031,1,704,TrainingItem,0
3411,1470310,147031,1,1002650,Card,11333
3412,1470310,147031,1,31502,SupportItem,0
3413,1470310,147031,1,31501,SupportItem,0
3414,1470310,147031,1,1700,SupportItem,0
3415,1470310,147031,1,1701,SupportItem,0
3416,1470310,147031,1,1000,SupportItem,0
3417,1470320,147032,1,700,TrainingItem,0
3418,1470320,147032,1,701,TrainingItem,0
3419,1470320,147032,1,702,TrainingItem,0
3420,1470320,147032,1,703,TrainingItem,0
3421,1470320,147032,1,704,TrainingItem,0
3422,1470320,147032,1,1002650,Card,11333
3423,1470320,147032,1,31502,SupportItem,0
3424,1470320,147032,1,31501,SupportItem,0
3425,1470320,147032,1,1700,SupportItem,0
3426,1470320,147032,1,1701,SupportItem,0
3427,1470320,147032,1,1000,SupportItem,0
3428,1470330,147033,1,700,TrainingItem,0
3429,1470330,147033,1,701,TrainingItem,0
3430,1470330,147033,1,702,TrainingItem,0
3431,1470330,147033,1,703,TrainingItem,0
3432,1470330,147033,1,704,TrainingItem,0
3433,1470330,147033,1,1002650,Card,11333
3434,1470330,147033,1,31502,SupportItem,0
3435,1470330,147033,1,31501,SupportItem,0
3436,1470330,147033,1,1700,SupportItem,0
3437,1470330,147033,1,1701,SupportItem,0
3438,1470330,147033,1,1000,SupportItem,0
3439,1470340,147034,1,700,TrainingItem,0
3440,1470340,147034,1,701,TrainingItem,0
3441,1470340,147034,1,702,TrainingItem,0
3442,1470340,147034,1,703,TrainingItem,0
3443,1470340,147034,1,704,TrainingItem,0
3444,1470340,147034,1,1002650,Card,11333
3445,1470340,147034,1,31502,SupportItem,0
3446,1470340,147034,1,31501,SupportItem,0
3447,1470340,147034,1,1700,SupportItem,0
3448,1470340,147034,1,1701,SupportItem,0
3449,1470340,147034,1,1000,SupportItem,0
3450,1470350,147035,1,700,TrainingItem,0
3451,1470350,147035,1,701,TrainingItem,0
3452,1470350,147035,1,702,TrainingItem,0
3453,1470350,147035,1,703,TrainingItem,0
3454,1470350,147035,1,704,TrainingItem,0
3455,1470350,147035,1,1002650,Card,11333
3456,1470350,147035,1,31502,SupportItem,0
3457,1470350,147035,1,31501,SupportItem,0
3458,1470350,147035,1,1700,SupportItem,0
3459,1470350,147035,1,1701,SupportItem,0
3460,1470350,147035,1,1000,SupportItem,0
3461,1470360,147036,1,700,TrainingItem,0
3462,1470360,147036,1,701,TrainingItem,0
3463,1470360,147036,1,702,TrainingItem,0
3464,1470360,147036,1,703,TrainingItem,0
3465,1470360,147036,1,704,TrainingItem,0
3466,1470360,147036,1,1002650,Card,11333
3467,1470360,147036,1,31502,SupportItem,0
3468,1470360,147036,1,31501,SupportItem,0
3469,1470360,147036,1,1700,SupportItem,0
3470,1470360,147036,1,1701,SupportItem,0
3471,1470360,147036,1,1000,SupportItem,0
3472,1490012,149001,1,1,PotentialItem,0
3473,1490012,149001,1,6,PotentialItem,0
3474,1490012,149001,1,11,PotentialItem,0
3475,1490022,149002,1,2,PotentialItem,0
3476,1490022,149002,1,7,PotentialItem,0
3477,1490022,149002,1,12,PotentialItem,0
3478,1490032,149003,1,3,PotentialItem,0
3479,1490032,149003,1,8,PotentialItem,0
3480,1490032,149003,1,13,PotentialItem,0
3481,1490042,149004,1,4,PotentialItem,0
3482,1490042,149004,1,9,PotentialItem,0
3483,1490042,149004,1,14,PotentialItem,0
3484,1490052,149005,1,5,PotentialItem,0
3485,1490052,149005,1,10,PotentialItem,0
3486,1490052,149005,1,15,PotentialItem,0
3487,1500011,150001,1,19,PotentialItem,0
3488,1500011,150001,1,20,PotentialItem,0
3489,1500011,150001,1,21,PotentialItem,0
3490,1500011,150001,1,1011420,Card,0
3491,1500011,150001,1,900,TrainingItem,0
3492,1500011,150001,1,901,TrainingItem,0
3493,1500011,150001,1,902,TrainingItem,0
3494,1500011,150001,1,903,TrainingItem,0
3495,1500011,150001,1,904,TrainingItem,0
3496,1520011,152001,1,1012290,Card,0
3497,1520011,152001,1,1002650,Card,11333
3498,1520011,152001,1,15201,SupportItem,0
3499,1520011,152001,1,1700,SupportItem,0
3500,1520021,152002,1,15201,AwakeningItem,0
3501,1530012,153001,1,1013040,Card,0
3502,1530012,153001,1,900,TrainingItem,0
3503,1540012,154001,1,1013060,Card,0
3504,1540012,154001,1,901,TrainingItem,0
3505,1550012,155001,1,1013080,Card,0
3506,1550012,155001,1,902,TrainingItem,0
3507,1560012,156001,1,1013020,Card,0
3508,1560012,156001,1,903,TrainingItem,0
3509,1570012,157001,1,1013000,Card,0
3510,1570012,157001,1,904,TrainingItem,0
3511,1590011,159001,0,11,TreasureItem,0
3512,1600010,160001,1,1506,SupportItem,0
3513,1600010,160001,1,1507,SupportItem,0
3514,1600010,160001,1,1508,SupportItem,0
3515,1600010,160001,1,1509,SupportItem,0
3516,1600010,160001,1,1510,SupportItem,0
3517,1600012,160001,0,1603,SupportItem,0
3518,1600020,160002,0,1203,SupportItem,0
3519,1600022,160002,1,1502,SupportItem,0
3520,1600022,160002,1,30501,SupportItem,0
3521,1600030,160003,1,1013470,Card,0
3522,1600030,160003,1,1505,SupportItem,0
3523,1600032,160003,1,1013470,Card,0
3524,1600032,160003,1,1505,SupportItem,0
3525,1600040,160004,1,16001,AwakeningItem,0
3526,1600040,160004,1,30502,SupportItem,0
3527,1600042,160004,1,16001,AwakeningItem,0
3528,1600050,160005,1,1012310,Card,0
3529,1600050,160005,1,31403,SupportItem,0
3530,1600050,160005,1,1012320,Card,0
3531,1600052,160005,1,1012310,Card,0
3532,1600052,160005,1,31403,SupportItem,0
3533,1600052,160005,1,1012320,Card,0
3534,1610011,161001,1,43,PotentialItem,0
3535,1610011,161001,1,44,PotentialItem,0
3536,1610011,161001,1,45,PotentialItem,0
3537,1610011,161001,1,1014100,Card,0
3538,1610011,161001,1,30502,SupportItem,0
3539,1620010,162001,0,30503,SupportItem,0
3540,1620012,162001,0,30503,SupportItem,0
3541,1620020,162002,1,600,TrainingItem,0
3542,1620020,162002,1,601,TrainingItem,0
3543,1620020,162002,1,602,TrainingItem,0
3544,1620020,162002,1,603,TrainingItem,0
3545,1620020,162002,1,604,TrainingItem,0
3546,1620022,162002,1,800,TrainingItem,0
3547,1620022,162002,1,801,TrainingItem,0
3548,1620022,162002,1,802,TrainingItem,0
3549,1620022,162002,1,803,TrainingItem,0
3550,1620022,162002,1,804,TrainingItem,0
3551,1620030,162003,0,6,SupportItem,0
3552,1620032,162003,0,6,SupportItem,0
3553,1620040,162004,1,1014630,Card,0
3554,1620040,162004,1,602,TrainingItem,0
3555,1620042,162004,1,1014630,Card,0
3556,1620042,162004,1,802,TrainingItem,0
3557,1620050,162005,1,4,AwakeningItem,0
3558,1620050,162005,1,5,AwakeningItem,0
3559,1620050,162005,1,6,AwakeningItem,0
3560,1620050,162005,1,7,AwakeningItem,0
3561,1620050,162005,1,8,AwakeningItem,0
3562,1620052,162005,1,9,AwakeningItem,0
3563,1620052,162005,1,10,AwakeningItem,0
3564,1620052,162005,1,11,AwakeningItem,0
3565,1620052,162005,1,12,AwakeningItem,0
3566,1620052,162005,1,13,AwakeningItem,0
3567,1620060,162006,0,16201,AwakeningItem,0
3568,1620062,162006,1,16201,AwakeningItem,0
3569,1620070,162007,0,1502,SupportItem,0
3570,1620072,162007,0,1502,SupportItem,0
3571,1620080,162008,1,9,AwakeningItem,0
3572,1620080,162008,1,10,AwakeningItem,0
3573,1620080,162008,1,11,AwakeningItem,0
3574,1620080,162008,1,12,AwakeningItem,0
3575,1620080,162008,1,13,AwakeningItem,0
3576,1620082,162008,1,14,AwakeningItem,0
3577,1620082,162008,1,15,AwakeningItem,0
3578,1620082,162008,1,16,AwakeningItem,0
3579,1620082,162008,1,17,AwakeningItem,0
3580,1620082,162008,1,18,AwakeningItem,0
3581,1620090,162009,1,8,TrainingField,0
3582,1620090,162009,1,700,TrainingItem,0
3583,1620090,162009,1,701,TrainingItem,0
3584,1620090,162009,1,702,TrainingItem,0
3585,1620090,162009,1,703,TrainingItem,0
3586,1620090,162009,1,704,TrainingItem,0
3587,1620092,162009,1,8,TrainingField,0
3588,1620092,162009,1,900,TrainingItem,0
3589,1620092,162009,1,901,TrainingItem,0
3590,1620092,162009,1,902,TrainingItem,0
3591,1620092,162009,1,903,TrainingItem,0
3592,1620092,162009,1,904,TrainingItem,0
3593,1630011,163001,0,1,TreasureItem,0
3594,1640011,164001,0,1,TreasureItem,0
3595,1650011,165001,0,1,TreasureItem,0
3596,1660011,166001,0,1,TreasureItem,0
3597,1670011,167001,0,1,TreasureItem,0
3598,1680011,168001,0,1,TreasureItem,0
3599,1690011,169001,0,1,TreasureItem,0
3600,1710011,171001,1,1015270,Card,0
3601,1710011,171001,1,1700,SupportItem,0
3602,1710021,171002,1,17101,AwakeningItem,0
3603,1720011,172001,1,500,TrainingItem,0
3604,1720011,172001,1,501,TrainingItem,0
3605,1720011,172001,1,502,TrainingItem,0
3606,1720011,172001,1,503,TrainingItem,0
3607,1720011,172001,1,504,TrainingItem,0
3608,1720021,172002,1,4,AwakeningItem,0
3609,1720021,172002,1,5,AwakeningItem,0
3610,1720021,172002,1,6,AwakeningItem,0
3611,1720021,172002,1,7,AwakeningItem,0
3612,1720021,172002,1,8,AwakeningItem,0
3613,1720031,172003,1,1100,SupportItem,0
3614,1720031,172003,1,1101,SupportItem,0
3615,1720031,172003,1,1002640,Card,93879
3616,1720041,172004,1,700,TrainingItem,0
3617,1720041,172004,1,701,TrainingItem,0
3618,1720041,172004,1,702,TrainingItem,0
3619,1720041,172004,1,703,TrainingItem,0
3620,1720041,172004,1,704,TrainingItem,0
3621,1720051,172005,1,9,AwakeningItem,0
3622,1720051,172005,1,10,AwakeningItem,0
3623,1720051,172005,1,11,AwakeningItem,0
3624,1720051,172005,1,12,AwakeningItem,0
3625,1720051,172005,1,13,AwakeningItem,0
3626,1720061,172006,1,700,TrainingItem,0
3627,1720061,172006,1,701,TrainingItem,0
3628,1720061,172006,1,702,TrainingItem,0
3629,1720061,172006,1,703,TrainingItem,0
3630,1720061,172006,1,704,TrainingItem,0
3631,1720071,172007,1,8,TrainingField,0
3632,1720071,172007,1,6,TrainingField,0
3633,1730011,173001,1,1100,SupportItem,0
3634,1730011,173001,1,1101,SupportItem,0
3635,1730021,173002,1,400,TrainingItem,0
3636,1730021,173002,1,401,TrainingItem,0
3637,1730021,173002,1,402,TrainingItem,0
3638,1730021,173002,1,403,TrainingItem,0
3639,1730021,173002,1,404,TrainingItem,0
3640,1730021,173002,1,2,TrainingField,0
3641,1730031,173003,1,300,TrainingItem,0
3642,1730031,173003,1,301,TrainingItem,0
3643,1730031,173003,1,302,TrainingItem,0
3644,1730031,173003,1,303,TrainingItem,0
3645,1730031,173003,1,304,TrainingItem,0
3646,1730041,173004,1,1800,SupportItem,0
3647,1730041,173004,1,1801,SupportItem,0
3648,1730051,173005,1,1000,SupportItem,0
3649,1730051,173005,1,1002,SupportItem,0
3650,1730051,173005,1,1600,SupportItem,0
3651,1730061,173006,1,1502,SupportItem,0
3652,1730061,173006,1,30503,SupportItem,0
3653,1730061,173006,1,32101,SupportItem,0
3654,1730071,173007,0,8,TrainingField,0
3655,1750010,175001,1,17501,AwakeningItem,0
3656,1750010,175001,1,604,TrainingItem,0
3657,1750012,175001,1,17501,AwakeningItem,0
3658,1750012,175001,1,704,TrainingItem,0
3659,1750020,175002,0,14,TreasureItem,0
3660,1750022,175002,1,14,TreasureItem,0
3661,1750030,175003,1,1015400,Card,0
3662,1750030,175003,1,804,TrainingItem,0
3663,1750032,175003,1,1015400,Card,0
3664,1750032,175003,1,904,TrainingItem,0
3665,1770011,177001,1,1007360,Card,0
3666,1770011,177001,1,5,SupportItem,0
3667,1780011,178001,0,1002630,Card,765122
3668,1790011,179001,1,1016720,Card,0
3669,1790011,179001,1,700,TrainingItem,0
3670,1790021,179002,1,1016710,Card,0
3671,1790021,179002,1,704,TrainingItem,0
3672,1790031,179003,1,17901,AwakeningItem,0
3673,1790041,179004,1,17902,AwakeningItem,0
3674,1810010,181001,1,1017250,Card,0
3675,1810010,181001,1,603,TrainingItem,0
3676,1810012,181001,1,1017250,Card,0
3677,1810012,181001,1,803,TrainingItem,0
3678,1810020,181002,1,18101,AwakeningItem,0
3679,1810022,181002,1,18101,AwakeningItem,0
3680,1810030,181003,1,18102,AwakeningItem,0
3681,1810032,181003,1,18102,AwakeningItem,0
3682,1810040,181004,1,1017360,Card,0
3683,1810040,181004,1,600,TrainingItem,0
3684,1810042,181004,1,1017360,Card,0
3685,1810042,181004,1,800,TrainingItem,0
3686,1810050,181005,1,18103,AwakeningItem,0
3687,1810052,181005,1,18103,AwakeningItem,0
3688,1810060,181006,1,4,AwakeningItem,0
3689,1810060,181006,1,5,AwakeningItem,0
3690,1810060,181006,1,6,AwakeningItem,0
3691,1810060,181006,1,7,AwakeningItem,0
3692,1810060,181006,1,8,AwakeningItem,0
3693,1810062,181006,1,9,AwakeningItem,0
3694,1810062,181006,1,10,AwakeningItem,0
3695,1810062,181006,1,11,AwakeningItem,0
3696,1810062,181006,1,12,AwakeningItem,0
3697,1810062,181006,1,13,AwakeningItem,0
3698,1810070,181007,1,18104,AwakeningItem,0
3699,1810072,181007,1,18104,AwakeningItem,0
3700,1810080,181008,1,9,AwakeningItem,0
3701,1810080,181008,1,10,AwakeningItem,0
3702,1810080,181008,1,11,AwakeningItem,0
3703,1810080,181008,1,12,AwakeningItem,0
3704,1810080,181008,1,13,AwakeningItem,0
3705,1810082,181008,1,14,AwakeningItem,0
3706,1810082,181008,1,15,AwakeningItem,0
3707,1810082,181008,1,16,AwakeningItem,0
3708,1810082,181008,1,17,AwakeningItem,0
3709,1810082,181008,1,18,AwakeningItem,0
3710,1820011,182001,1,500,TrainingItem,0
3711,1820011,182001,1,501,TrainingItem,0
3712,1820011,182001,1,502,TrainingItem,0
3713,1820011,182001,1,503,TrainingItem,0
3714,1820011,182001,1,504,TrainingItem,0
3715,1820021,182002,1,4,AwakeningItem,0
3716,1820021,182002,1,5,AwakeningItem,0
3717,1820021,182002,1,6,AwakeningItem,0
3718,1820021,182002,1,7,AwakeningItem,0
3719,1820021,182002,1,8,AwakeningItem,0
3720,1820031,182003,1,700,TrainingItem,0
3721,1820031,182003,1,701,TrainingItem,0
3722,1820031,182003,1,702,TrainingItem,0
3723,1820031,182003,1,703,TrainingItem,0
3724,1820031,182003,1,704,TrainingItem,0
3725,1820041,182004,0,6,SupportItem,0
3726,1820051,182005,1,9,AwakeningItem,0
3727,1820051,182005,1,10,AwakeningItem,0
3728,1820051,182005,1,11,AwakeningItem,0
3729,1820051,182005,1,12,AwakeningItem,0
3730,1820051,182005,1,13,AwakeningItem,0
3731,1880011,188001,0,6,TrainingField,0
3732,1880021,188002,1,1018210,Card,0
3733,1880021,188002,1,800,TrainingItem,0
3734,1880031,188003,1,18801,AwakeningItem,0
3735,1890010,189001,1,1018390,Card,0
3736,1890010,189001,1,603,TrainingItem,0
3737,1890012,189001,1,1018390,Card,0
3738,1890012,189001,1,803,TrainingItem,0
3739,1890020,189002,1,18901,AwakeningItem,0
3740,1890022,189002,1,18901,AwakeningItem,0
3741,1910011,191001,1,1,EquipmentSkillItem,0
3742,1910011,191001,1,2,EquipmentSkillItem,0
3743,1910011,191001,1,3,EquipmentSkillItem,0
3744,1910011,191001,1,4,EquipmentSkillItem,0
3745,1910011,191001,1,5,EquipmentSkillItem,0
3746,1910011,191001,1,6,EquipmentSkillItem,0
3747,1910011,191001,1,7,EquipmentSkillItem,0
3748,1910011,191001,1,8,EquipmentSkillItem,0
3749,1910011,191001,1,9,EquipmentSkillItem,0
3750,1910011,191001,1,10,EquipmentSkillItem,0
3751,1910011,191001,1,11,EquipmentSkillItem,0
3752,1910011,191001,1,12,EquipmentSkillItem,0
3753,1910011,191001,1,13,EquipmentSkillItem,0
3754,1910011,191001,1,14,EquipmentSkillItem,0
3755,1910011,191001,1,15,EquipmentSkillItem,0
3756,1910011,191001,1,16,EquipmentSkillItem,0
3757,1910011,191001,1,17,EquipmentSkillItem,0
3758,1910011,191001,1,18,EquipmentSkillItem,0
3759,1910011,191001,1,19,EquipmentSkillItem,0
3760,1910011,191001,1,20,EquipmentSkillItem,0
3761,1910011,191001,1,21,EquipmentSkillItem,0
3762,1910011,191001,1,22,EquipmentSkillItem,0
3763,1910011,191001,1,23,EquipmentSkillItem,0
3764,1910011,191001,1,24,EquipmentSkillItem,0
3765,1910011,191001,1,25,EquipmentSkillItem,0
3766,1910011,191001,1,26,EquipmentSkillItem,0
3767,1910011,191001,1,27,EquipmentSkillItem,0
3768,1910011,191001,1,28,EquipmentSkillItem,0
3769,1910011,191001,1,29,EquipmentSkillItem,0
3770,1910011,191001,1,30,EquipmentSkillItem,0
3771,1910011,191001,1,31,EquipmentSkillItem,0
3772,1910011,191001,1,32,EquipmentSkillItem,0
3773,1910011,191001,1,33,EquipmentSkillItem,0
3774,1910011,191001,1,34,EquipmentSkillItem,0
3775,1910011,191001,1,35,EquipmentSkillItem,0
3776,1910011,191001,1,36,EquipmentSkillItem,0
3777,1910011,191001,1,37,EquipmentSkillItem,0
3778,1910011,191001,1,38,EquipmentSkillItem,0
3779,1910011,191001,1,39,EquipmentSkillItem,0
3780,1910011,191001,1,40,EquipmentSkillItem,0
3781,1910011,191001,1,41,EquipmentSkillItem,0
3782,1910011,191001,1,42,EquipmentSkillItem,0
3783,1910011,191001,1,43,EquipmentSkillItem,0
3784,1910011,191001,1,44,EquipmentSkillItem,0
3785,1910011,191001,1,45,EquipmentSkillItem,0
3786,1910011,191001,1,46,EquipmentSkillItem,0
3787,1910011,191001,1,47,EquipmentSkillItem,0
3788,1910011,191001,1,48,EquipmentSkillItem,0
3789,1910011,191001,1,49,EquipmentSkillItem,0
3790,1910011,191001,1,50,EquipmentSkillItem,0
3791,1910011,191001,1,51,EquipmentSkillItem,0
3792,1910011,191001,1,52,EquipmentSkillItem,0
3793,1910011,191001,1,53,EquipmentSkillItem,0
3794,1910011,191001,1,54,EquipmentSkillItem,0
3795,1910011,191001,1,55,EquipmentSkillItem,0
3796,1910011,191001,1,56,EquipmentSkillItem,0
3797,1910011,191001,1,57,EquipmentSkillItem,0
3798,1910011,191001,1,58,EquipmentSkillItem,0
3799,1910011,191001,1,59,EquipmentSkillItem,0
3800,1910011,191001,1,60,EquipmentSkillItem,0
3801,1910011,191001,1,61,EquipmentSkillItem,0
3802,1910011,191001,1,62,EquipmentSkillItem,0
3803,1910011,191001,1,63,EquipmentSkillItem,0
3804,1910011,191001,1,64,EquipmentSkillItem,0
3805,1910011,191001,1,65,EquipmentSkillItem,0
3806,1910011,191001,1,66,EquipmentSkillItem,0
3807,1910011,191001,1,67,EquipmentSkillItem,0
3808,1910011,191001,1,68,EquipmentSkillItem,0
3809,1910011,191001,1,69,EquipmentSkillItem,0
3810,1910011,191001,1,70,EquipmentSkillItem,0
3811,1910011,191001,1,71,EquipmentSkillItem,0
3812,1910011,191001,1,72,EquipmentSkillItem,0
3813,1910011,191001,1,73,EquipmentSkillItem,0
3814,1910011,191001,1,74,EquipmentSkillItem,0
3815,1910011,191001,1,75,EquipmentSkillItem,0
3816,1910011,191001,1,136,EquipmentSkillItem,0
3817,1910011,191001,1,141,EquipmentSkillItem,0
3818,1910011,191001,1,146,EquipmentSkillItem,0
3819,1910011,191001,1,151,EquipmentSkillItem,0
3820,1910011,191001,1,156,EquipmentSkillItem,0
3821,1910011,191001,1,161,EquipmentSkillItem,0
3822,1910011,191001,1,166,EquipmentSkillItem,0
3823,1910011,191001,1,171,EquipmentSkillItem,0
3824,1910011,191001,1,176,EquipmentSkillItem,0
3825,1910011,191001,1,181,EquipmentSkillItem,0
3826,1910011,191001,1,186,EquipmentSkillItem,0
3827,1910011,191001,1,191,EquipmentSkillItem,0
3828,1910011,191001,1,196,EquipmentSkillItem,0
3829,1910011,191001,1,201,EquipmentSkillItem,0
3830,1910011,191001,1,206,EquipmentSkillItem,0
3831,1910011,191001,1,211,EquipmentSkillItem,0
3832,1910011,191001,1,216,EquipmentSkillItem,0
3833,1910011,191001,1,221,EquipmentSkillItem,0
3834,1910011,191001,1,226,EquipmentSkillItem,0
3835,1910011,191001,1,231,EquipmentSkillItem,0
3836,1910011,191001,1,236,EquipmentSkillItem,0
3837,1910011,191001,1,241,EquipmentSkillItem,0
3838,1910011,191001,1,246,EquipmentSkillItem,0
3839,1910011,191001,1,251,EquipmentSkillItem,0
3840,1910011,191001,1,256,EquipmentSkillItem,0
3841,1910011,191001,1,261,EquipmentSkillItem,0
3842,1910011,191001,1,266,EquipmentSkillItem,0
3843,1910011,191001,1,271,EquipmentSkillItem,0
3844,1910011,191001,1,276,EquipmentSkillItem,0
3845,1910011,191001,1,281,EquipmentSkillItem,0
3846,1910011,191001,1,137,EquipmentSkillItem,0
3847,1910011,191001,1,142,EquipmentSkillItem,0
3848,1910011,191001,1,147,EquipmentSkillItem,0
3849,1910011,191001,1,152,EquipmentSkillItem,0
3850,1910011,191001,1,157,EquipmentSkillItem,0
3851,1910011,191001,1,162,EquipmentSkillItem,0
3852,1910011,191001,1,167,EquipmentSkillItem,0
3853,1910011,191001,1,172,EquipmentSkillItem,0
3854,1910011,191001,1,177,EquipmentSkillItem,0
3855,1910011,191001,1,182,EquipmentSkillItem,0
3856,1910011,191001,1,187,EquipmentSkillItem,0
3857,1910011,191001,1,192,EquipmentSkillItem,0
3858,1910011,191001,1,197,EquipmentSkillItem,0
3859,1910011,191001,1,202,EquipmentSkillItem,0
3860,1910011,191001,1,207,EquipmentSkillItem,0
3861,1910011,191001,1,212,EquipmentSkillItem,0
3862,1910011,191001,1,217,EquipmentSkillItem,0
3863,1910011,191001,1,222,EquipmentSkillItem,0
3864,1910011,191001,1,227,EquipmentSkillItem,0
3865,1910011,191001,1,232,EquipmentSkillItem,0
3866,1910011,191001,1,237,EquipmentSkillItem,0
3867,1910011,191001,1,242,EquipmentSkillItem,0
3868,1910011,191001,1,247,EquipmentSkillItem,0
3869,1910011,191001,1,252,EquipmentSkillItem,0
3870,1910011,191001,1,257,EquipmentSkillItem,0
3871,1910011,191001,1,262,EquipmentSkillItem,0
3872,1910011,191001,1,267,EquipmentSkillItem,0
3873,1910011,191001,1,272,EquipmentSkillItem,0
3874,1910011,191001,1,277,EquipmentSkillItem,0
3875,1910011,191001,1,282,EquipmentSkillItem,0
3876,1910011,191001,1,138,EquipmentSkillItem,0
3877,1910011,191001,1,143,EquipmentSkillItem,0
3878,1910011,191001,1,148,EquipmentSkillItem,0
3879,1910011,191001,1,153,EquipmentSkillItem,0
3880,1910011,191001,1,158,EquipmentSkillItem,0
3881,1910011,191001,1,163,EquipmentSkillItem,0
3882,1910011,191001,1,168,EquipmentSkillItem,0
3883,1910011,191001,1,173,EquipmentSkillItem,0
3884,1910011,191001,1,178,EquipmentSkillItem,0
3885,1910011,191001,1,183,EquipmentSkillItem,0
3886,1910011,191001,1,188,EquipmentSkillItem,0
3887,1910011,191001,1,193,EquipmentSkillItem,0
3888,1910011,191001,1,198,EquipmentSkillItem,0
3889,1910011,191001,1,203,EquipmentSkillItem,0
3890,1910011,191001,1,208,EquipmentSkillItem,0
3891,1910011,191001,1,213,EquipmentSkillItem,0
3892,1910011,191001,1,218,EquipmentSkillItem,0
3893,1910011,191001,1,223,EquipmentSkillItem,0
3894,1910011,191001,1,228,EquipmentSkillItem,0
3895,1910011,191001,1,233,EquipmentSkillItem,0
3896,1910011,191001,1,238,EquipmentSkillItem,0
3897,1910011,191001,1,243,EquipmentSkillItem,0
3898,1910011,191001,1,248,EquipmentSkillItem,0
3899,1910011,191001,1,253,EquipmentSkillItem,0
3900,1910011,191001,1,258,EquipmentSkillItem,0
3901,1910011,191001,1,263,EquipmentSkillItem,0
3902,1910011,191001,1,268,EquipmentSkillItem,0
3903,1910011,191001,1,273,EquipmentSkillItem,0
3904,1910011,191001,1,278,EquipmentSkillItem,0
3905,1910011,191001,1,283,EquipmentSkillItem,0
3906,1910011,191001,1,288,EquipmentSkillItem,0
3907,1910011,191001,1,293,EquipmentSkillItem,0
3908,1910011,191001,1,298,EquipmentSkillItem,0
3909,1910011,191001,1,303,EquipmentSkillItem,0
3910,1910011,191001,1,308,EquipmentSkillItem,0
3911,1910011,191001,1,313,EquipmentSkillItem,0
3912,1910011,191001,1,318,EquipmentSkillItem,0
3913,1930012,193001,1,1019160,Card,0
3914,1930012,193001,1,900,TrainingItem,0
3915,1940012,194001,1,1019190,Card,0
3916,1940012,194001,1,901,TrainingItem,0
3917,1950012,195001,1,1019080,Card,0
3918,1950012,195001,1,902,TrainingItem,0
3919,1960012,196001,1,1019230,Card,0
3920,1960012,196001,1,903,TrainingItem,0
3921,1970012,197001,1,1019210,Card,0
3922,1970012,197001,1,904,TrainingItem,0
3923,1990011,199001,1,1,EquipmentSkillItem,0
3924,1990011,199001,1,2,EquipmentSkillItem,0
3925,1990011,199001,1,3,EquipmentSkillItem,0
3926,1990011,199001,1,4,EquipmentSkillItem,0
3927,1990011,199001,1,5,EquipmentSkillItem,0
3928,1990011,199001,1,6,EquipmentSkillItem,0
3929,1990011,199001,1,7,EquipmentSkillItem,0
3930,1990011,199001,1,8,EquipmentSkillItem,0
3931,1990011,199001,1,9,EquipmentSkillItem,0
3932,1990011,199001,1,10,EquipmentSkillItem,0
3933,1990011,199001,1,11,EquipmentSkillItem,0
3934,1990011,199001,1,12,EquipmentSkillItem,0
3935,1990011,199001,1,13,EquipmentSkillItem,0
3936,1990011,199001,1,14,EquipmentSkillItem,0
3937,1990011,199001,1,15,EquipmentSkillItem,0
3938,1990011,199001,1,16,EquipmentSkillItem,0
3939,1990011,199001,1,17,EquipmentSkillItem,0
3940,1990011,199001,1,18,EquipmentSkillItem,0
3941,1990011,199001,1,19,EquipmentSkillItem,0
3942,1990011,199001,1,20,EquipmentSkillItem,0
3943,1990011,199001,1,21,EquipmentSkillItem,0
3944,1990011,199001,1,22,EquipmentSkillItem,0
3945,1990011,199001,1,23,EquipmentSkillItem,0
3946,1990011,199001,1,24,EquipmentSkillItem,0
3947,1990011,199001,1,25,EquipmentSkillItem,0
3948,1990011,199001,1,26,EquipmentSkillItem,0
3949,1990011,199001,1,27,EquipmentSkillItem,0
3950,1990011,199001,1,28,EquipmentSkillItem,0
3951,1990011,199001,1,29,EquipmentSkillItem,0
3952,1990011,199001,1,30,EquipmentSkillItem,0
3953,1990011,199001,1,31,EquipmentSkillItem,0
3954,1990011,199001,1,32,EquipmentSkillItem,0
3955,1990011,199001,1,33,EquipmentSkillItem,0
3956,1990011,199001,1,34,EquipmentSkillItem,0
3957,1990011,199001,1,35,EquipmentSkillItem,0
3958,1990011,199001,1,36,EquipmentSkillItem,0
3959,1990011,199001,1,37,EquipmentSkillItem,0
3960,1990011,199001,1,38,EquipmentSkillItem,0
3961,1990011,199001,1,39,EquipmentSkillItem,0
3962,1990011,199001,1,40,EquipmentSkillItem,0
3963,1990011,199001,1,41,EquipmentSkillItem,0
3964,1990011,199001,1,42,EquipmentSkillItem,0
3965,1990011,199001,1,43,EquipmentSkillItem,0
3966,1990011,199001,1,44,EquipmentSkillItem,0
3967,1990011,199001,1,45,EquipmentSkillItem,0
3968,1990011,199001,1,46,EquipmentSkillItem,0
3969,1990011,199001,1,47,EquipmentSkillItem,0
3970,1990011,199001,1,48,EquipmentSkillItem,0
3971,1990011,199001,1,49,EquipmentSkillItem,0
3972,1990011,199001,1,50,EquipmentSkillItem,0
3973,1990011,199001,1,51,EquipmentSkillItem,0
3974,1990011,199001,1,52,EquipmentSkillItem,0
3975,1990011,199001,1,53,EquipmentSkillItem,0
3976,1990011,199001,1,54,EquipmentSkillItem,0
3977,1990011,199001,1,55,EquipmentSkillItem,0
3978,1990011,199001,1,56,EquipmentSkillItem,0
3979,1990011,199001,1,57,EquipmentSkillItem,0
3980,1990011,199001,1,58,EquipmentSkillItem,0
3981,1990011,199001,1,59,EquipmentSkillItem,0
3982,1990011,199001,1,60,EquipmentSkillItem,0
3983,1990011,199001,1,61,EquipmentSkillItem,0
3984,1990011,199001,1,62,EquipmentSkillItem,0
3985,1990011,199001,1,63,EquipmentSkillItem,0
3986,1990011,199001,1,64,EquipmentSkillItem,0
3987,1990011,199001,1,65,EquipmentSkillItem,0
3988,1990011,199001,1,66,EquipmentSkillItem,0
3989,1990011,199001,1,67,EquipmentSkillItem,0
3990,1990011,199001,1,68,EquipmentSkillItem,0
3991,1990011,199001,1,69,EquipmentSkillItem,0
3992,1990011,199001,1,70,EquipmentSkillItem,0
3993,1990011,199001,1,71,EquipmentSkillItem,0
3994,1990011,199001,1,72,EquipmentSkillItem,0
3995,1990011,199001,1,73,EquipmentSkillItem,0
3996,1990011,199001,1,74,EquipmentSkillItem,0
3997,1990011,199001,1,75,EquipmentSkillItem,0
3998,1990011,199001,1,136,EquipmentSkillItem,0
3999,1990011,199001,1,141,EquipmentSkillItem,0
4000,1990011,199001,1,146,EquipmentSkillItem,0
4001,1990011,199001,1,151,EquipmentSkillItem,0
4002,1990011,199001,1,156,EquipmentSkillItem,0
4003,1990011,199001,1,161,EquipmentSkillItem,0
4004,1990011,199001,1,166,EquipmentSkillItem,0
4005,1990011,199001,1,171,EquipmentSkillItem,0
4006,1990011,199001,1,176,EquipmentSkillItem,0
4007,1990011,199001,1,181,EquipmentSkillItem,0
4008,1990011,199001,1,186,EquipmentSkillItem,0
4009,1990011,199001,1,191,EquipmentSkillItem,0
4010,1990011,199001,1,196,EquipmentSkillItem,0
4011,1990011,199001,1,201,EquipmentSkillItem,0
4012,1990011,199001,1,206,EquipmentSkillItem,0
4013,1990011,199001,1,211,EquipmentSkillItem,0
4014,1990011,199001,1,216,EquipmentSkillItem,0
4015,1990011,199001,1,221,EquipmentSkillItem,0
4016,1990011,199001,1,226,EquipmentSkillItem,0
4017,1990011,199001,1,231,EquipmentSkillItem,0
4018,1990011,199001,1,236,EquipmentSkillItem,0
4019,1990011,199001,1,241,EquipmentSkillItem,0
4020,1990011,199001,1,246,EquipmentSkillItem,0
4021,1990011,199001,1,251,EquipmentSkillItem,0
4022,1990011,199001,1,256,EquipmentSkillItem,0
4023,1990011,199001,1,261,EquipmentSkillItem,0
4024,1990011,199001,1,266,EquipmentSkillItem,0
4025,1990011,199001,1,271,EquipmentSkillItem,0
4026,1990011,199001,1,276,EquipmentSkillItem,0
4027,1990011,199001,1,281,EquipmentSkillItem,0
4028,1990011,199001,1,137,EquipmentSkillItem,0
4029,1990011,199001,1,142,EquipmentSkillItem,0
4030,1990011,199001,1,147,EquipmentSkillItem,0
4031,1990011,199001,1,152,EquipmentSkillItem,0
4032,1990011,199001,1,157,EquipmentSkillItem,0
4033,1990011,199001,1,162,EquipmentSkillItem,0
4034,1990011,199001,1,167,EquipmentSkillItem,0
4035,1990011,199001,1,172,EquipmentSkillItem,0
4036,1990011,199001,1,177,EquipmentSkillItem,0
4037,1990011,199001,1,182,EquipmentSkillItem,0
4038,1990011,199001,1,187,EquipmentSkillItem,0
4039,1990011,199001,1,192,EquipmentSkillItem,0
4040,1990011,199001,1,197,EquipmentSkillItem,0
4041,1990011,199001,1,202,EquipmentSkillItem,0
4042,1990011,199001,1,207,EquipmentSkillItem,0
4043,1990011,199001,1,212,EquipmentSkillItem,0
4044,1990011,199001,1,217,EquipmentSkillItem,0
4045,1990011,199001,1,222,EquipmentSkillItem,0
4046,1990011,199001,1,227,EquipmentSkillItem,0
4047,1990011,199001,1,232,EquipmentSkillItem,0
4048,1990011,199001,1,237,EquipmentSkillItem,0
4049,1990011,199001,1,242,EquipmentSkillItem,0
4050,1990011,199001,1,247,EquipmentSkillItem,0
4051,1990011,199001,1,252,EquipmentSkillItem,0
4052,1990011,199001,1,257,EquipmentSkillItem,0
4053,1990011,199001,1,262,EquipmentSkillItem,0
4054,1990011,199001,1,267,EquipmentSkillItem,0
4055,1990011,199001,1,272,EquipmentSkillItem,0
4056,1990011,199001,1,277,EquipmentSkillItem,0
4057,1990011,199001,1,282,EquipmentSkillItem,0
4058,1990011,199001,1,138,EquipmentSkillItem,0
4059,1990011,199001,1,143,EquipmentSkillItem,0
4060,1990011,199001,1,148,EquipmentSkillItem,0
4061,1990011,199001,1,153,EquipmentSkillItem,0
4062,1990011,199001,1,158,EquipmentSkillItem,0
4063,1990011,199001,1,163,EquipmentSkillItem,0
4064,1990011,199001,1,168,EquipmentSkillItem,0
4065,1990011,199001,1,173,EquipmentSkillItem,0
4066,1990011,199001,1,178,EquipmentSkillItem,0
4067,1990011,199001,1,183,EquipmentSkillItem,0
4068,1990011,199001,1,188,EquipmentSkillItem,0
4069,1990011,199001,1,193,EquipmentSkillItem,0
4070,1990011,199001,1,198,EquipmentSkillItem,0
4071,1990011,199001,1,203,EquipmentSkillItem,0
4072,1990011,199001,1,208,EquipmentSkillItem,0
4073,1990011,199001,1,213,EquipmentSkillItem,0
4074,1990011,199001,1,218,EquipmentSkillItem,0
4075,1990011,199001,1,223,EquipmentSkillItem,0
4076,1990011,199001,1,228,EquipmentSkillItem,0
4077,1990011,199001,1,233,EquipmentSkillItem,0
4078,1990011,199001,1,238,EquipmentSkillItem,0
4079,1990011,199001,1,243,EquipmentSkillItem,0
4080,1990011,199001,1,248,EquipmentSkillItem,0
4081,1990011,199001,1,253,EquipmentSkillItem,0
4082,1990011,199001,1,258,EquipmentSkillItem,0
4083,1990011,199001,1,263,EquipmentSkillItem,0
4084,1990011,199001,1,268,EquipmentSkillItem,0
4085,1990011,199001,1,273,EquipmentSkillItem,0
4086,1990011,199001,1,278,EquipmentSkillItem,0
4087,1990011,199001,1,283,EquipmentSkillItem,0
4088,1990011,199001,1,286,EquipmentSkillItem,0
4089,1990011,199001,1,291,EquipmentSkillItem,0
4090,1990011,199001,1,296,EquipmentSkillItem,0
4091,1990011,199001,1,301,EquipmentSkillItem,0
4092,1990011,199001,1,306,EquipmentSkillItem,0
4093,1990011,199001,1,311,EquipmentSkillItem,0
4094,1990011,199001,1,316,EquipmentSkillItem,0
4095,1990011,199001,1,287,EquipmentSkillItem,0
4096,1990011,199001,1,292,EquipmentSkillItem,0
4097,1990011,199001,1,297,EquipmentSkillItem,0
4098,1990011,199001,1,302,EquipmentSkillItem,0
4099,1990011,199001,1,307,EquipmentSkillItem,0
4100,1990011,199001,1,312,EquipmentSkillItem,0
4101,1990011,199001,1,317,EquipmentSkillItem,0
4102,1990011,199001,1,288,EquipmentSkillItem,0
4103,1990011,199001,1,293,EquipmentSkillItem,0
4104,1990011,199001,1,298,EquipmentSkillItem,0
4105,1990011,199001,1,303,EquipmentSkillItem,0
4106,1990011,199001,1,308,EquipmentSkillItem,0
4107,1990011,199001,1,313,EquipmentSkillItem,0
4108,1990011,199001,1,318,EquipmentSkillItem,0
4109,2010011,201001,1,1019960,Card,0
4110,2010011,201001,1,20101,AwakeningItem,0
4111,2020012,202001,1,1719,EquipmentSkillItem,0
4112,2020012,202001,1,1720,EquipmentSkillItem,0
4113,2020012,202001,1,1721,EquipmentSkillItem,0
4114,2020012,202001,1,1722,EquipmentSkillItem,0
4115,2020012,202001,1,1723,EquipmentSkillItem,0
4116,2020012,202001,1,1724,EquipmentSkillItem,0
4117,2020012,202001,1,1725,EquipmentSkillItem,0
4118,2020012,202001,1,1726,EquipmentSkillItem,0
4119,2020012,202001,1,1727,EquipmentSkillItem,0
4120,2020012,202001,1,1728,EquipmentSkillItem,0
4121,2020012,202001,1,1729,EquipmentSkillItem,0
4122,2020012,202001,1,1730,EquipmentSkillItem,0
4123,2020012,202001,1,1731,EquipmentSkillItem,0
4124,2020012,202001,1,1732,EquipmentSkillItem,0
4125,2020012,202001,1,1733,EquipmentSkillItem,0
4126,2020012,202001,1,1734,EquipmentSkillItem,0
4127,2020012,202001,1,1735,EquipmentSkillItem,0
4128,2020012,202001,1,1736,EquipmentSkillItem,0
4129,2020012,202001,1,1737,EquipmentSkillItem,0
4130,2020012,202001,1,1738,EquipmentSkillItem,0
4131,2020012,202001,1,1739,EquipmentSkillItem,0
4132,2020012,202001,1,1740,EquipmentSkillItem,0
4133,2020012,202001,1,1741,EquipmentSkillItem,0
4134,2020012,202001,1,1742,EquipmentSkillItem,0
4135,2020022,202002,1,1743,EquipmentSkillItem,0
4136,2020022,202002,1,1744,EquipmentSkillItem,0
4137,2020022,202002,1,1745,EquipmentSkillItem,0
4138,2020022,202002,1,1746,EquipmentSkillItem,0
4139,2020022,202002,1,1747,EquipmentSkillItem,0
4140,2020022,202002,1,1748,EquipmentSkillItem,0
4141,2020022,202002,1,1749,EquipmentSkillItem,0
4142,2020022,202002,1,1750,EquipmentSkillItem,0
4143,2020022,202002,1,1751,EquipmentSkillItem,0
4144,2020022,202002,1,1752,EquipmentSkillItem,0
4145,2020022,202002,1,1753,EquipmentSkillItem,0
4146,2020022,202002,1,1754,EquipmentSkillItem,0
4147,2020022,202002,1,1755,EquipmentSkillItem,0
4148,2020022,202002,1,1756,EquipmentSkillItem,0
4149,2020022,202002,1,1757,EquipmentSkillItem,0
4150,2020022,202002,1,1758,EquipmentSkillItem,0
4151,2020022,202002,1,1759,EquipmentSkillItem,0
4152,2020022,202002,1,1760,EquipmentSkillItem,0
4153,2020022,202002,1,1761,EquipmentSkillItem,0
4154,2020022,202002,1,1762,EquipmentSkillItem,0
4155,2020022,202002,1,1763,EquipmentSkillItem,0
4156,2020022,202002,1,1764,EquipmentSkillItem,0
4157,2020022,202002,1,1765,EquipmentSkillItem,0
4158,2020022,202002,1,1766,EquipmentSkillItem,0
4159,2030011,203001,1,1000,TrainingItem,0
4160,2030011,203001,1,1001,TrainingItem,0
4161,2030011,203001,1,1002,TrainingItem,0
4162,2030011,203001,1,1003,TrainingItem,0
4163,2030011,203001,1,1004,TrainingItem,0
4164,2030011,203001,1,900,TrainingItem,0
4165,2030011,203001,1,901,TrainingItem,0
4166,2030011,203001,1,902,TrainingItem,0
4167,2030011,203001,1,903,TrainingItem,0
4168,2030011,203001,1,904,TrainingItem,0
4169,2030011,203001,1,700,TrainingItem,0
4170,2030011,203001,1,701,TrainingItem,0
4171,2030011,203001,1,702,TrainingItem,0
4172,2030011,203001,1,703,TrainingItem,0
4173,2030011,203001,1,704,TrainingItem,0
4174,2040011,204001,0,1,TreasureItem,0
4175,2050011,205001,0,1,TreasureItem,0
4176,2060011,206001,0,1,TreasureItem,0
4177,2070011,207001,0,1,TreasureItem,0
4178,2080011,208001,0,1,TreasureItem,0
4179,2090010,209001,0,1005480,Card,765122
4180,2110011,211001,1,1021090,Card,0
4181,2110011,211001,1,803,TrainingItem,0
4182,2110021,211002,1,21101,AwakeningItem,0
4183,2120010,212001,1,21201,AwakeningItem,0
4184,2120012,212001,1,21201,AwakeningItem,0
4185,2120020,212002,1,1020880,Card,0
4186,2120020,212002,1,601,TrainingItem,0
4187,2120022,212002,1,1020880,Card,0
4188,2120022,212002,1,801,TrainingItem,0
4189,2120030,212003,1,1023320,Card,0
4190,2120030,212003,1,604,TrainingItem,0
4191,2120032,212003,1,1023320,Card,0
4192,2120032,212003,1,804,TrainingItem,0
4193,2120040,212004,1,700,TrainingItem,0
4194,2120040,212004,1,701,TrainingItem,0
4195,2120040,212004,1,702,TrainingItem,0
4196,2120040,212004,1,703,TrainingItem,0
4197,2120040,212004,1,704,TrainingItem,0
4198,2120042,212004,1,900,TrainingItem,0
4199,2120042,212004,1,901,TrainingItem,0
4200,2120042,212004,1,902,TrainingItem,0
4201,2120042,212004,1,903,TrainingItem,0
4202,2120042,212004,1,904,TrainingItem,0
4203,2130011,213001,1,1115,EquipmentSkillItem,0
4204,2130011,213001,1,1116,EquipmentSkillItem,0
4205,2130011,213001,1,1117,EquipmentSkillItem,0
4206,2130011,213001,1,1118,EquipmentSkillItem,0
4207,2130011,213001,1,1119,EquipmentSkillItem,0
4208,2130011,213001,1,1120,EquipmentSkillItem,0
4209,2130011,213001,1,1121,EquipmentSkillItem,0
4210,2130011,213001,1,1122,EquipmentSkillItem,0
4211,2130011,213001,1,1123,EquipmentSkillItem,0
4212,2130011,213001,1,1124,EquipmentSkillItem,0
4213,2130011,213001,1,1125,EquipmentSkillItem,0
4214,2130011,213001,1,1126,EquipmentSkillItem,0
4215,2130011,213001,1,1127,EquipmentSkillItem,0
4216,2130011,213001,1,1128,EquipmentSkillItem,0
4217,2130011,213001,1,1129,EquipmentSkillItem,0
4218,2130011,213001,1,1130,EquipmentSkillItem,0
4219,2130011,213001,1,1131,EquipmentSkillItem,0
4220,2130011,213001,1,1132,EquipmentSkillItem,0
4221,2130011,213001,1,1133,EquipmentSkillItem,0
4222,2130011,213001,1,1134,EquipmentSkillItem,0
4223,2130011,213001,1,1135,EquipmentSkillItem,0
4224,2130011,213001,1,1136,EquipmentSkillItem,0
4225,2130011,213001,1,1137,EquipmentSkillItem,0
4226,2130011,213001,1,1138,EquipmentSkillItem,0
4227,2130011,213001,1,1139,EquipmentSkillItem,0
4228,2130011,213001,1,1140,EquipmentSkillItem,0
4229,2130011,213001,1,1141,EquipmentSkillItem,0
4230,2130011,213001,1,1142,EquipmentSkillItem,0
4231,2130011,213001,1,1143,EquipmentSkillItem,0
4232,2130011,213001,1,1144,EquipmentSkillItem,0
4233,2130011,213001,1,1145,EquipmentSkillItem,0
4234,2130011,213001,1,1146,EquipmentSkillItem,0
4235,2130011,213001,1,1147,EquipmentSkillItem,0
4236,2130011,213001,1,1148,EquipmentSkillItem,0
4237,2140011,214001,1,1007360,Card,0
4238,2140011,214001,1,5,SupportItem,0
4239,2150011,215001,1,21501,AwakeningItem,0
4240,2150011,215001,1,1021840,Card,0
4241,2150011,215001,1,603,TrainingItem,0
4242,2160011,216001,1,21601,SupportItem,0
4243,2170011,217001,0,10,AwakeningItem,0
4244,2180011,218001,1,1149,EquipmentSkillItem,0
4245,2180011,218001,1,1150,EquipmentSkillItem,0
4246,2180011,218001,1,1151,EquipmentSkillItem,0
4247,2180011,218001,1,1152,EquipmentSkillItem,0
4248,2180011,218001,1,1153,EquipmentSkillItem,0
4249,2180011,218001,1,1154,EquipmentSkillItem,0
4250,2180011,218001,1,1155,EquipmentSkillItem,0
4251,2180011,218001,1,1156,EquipmentSkillItem,0
4252,2180011,218001,1,1157,EquipmentSkillItem,0
4253,2180011,218001,1,1158,EquipmentSkillItem,0
4254,2180011,218001,1,1159,EquipmentSkillItem,0
4255,2180011,218001,1,1160,EquipmentSkillItem,0
4256,2180011,218001,1,1161,EquipmentSkillItem,0
4257,2180011,218001,1,1162,EquipmentSkillItem,0
4258,2180011,218001,1,1163,EquipmentSkillItem,0
4259,2180011,218001,1,1164,EquipmentSkillItem,0
4260,2180011,218001,1,1165,EquipmentSkillItem,0
4261,2180011,218001,1,1166,EquipmentSkillItem,0
4262,2180011,218001,1,1167,EquipmentSkillItem,0
4263,2180011,218001,1,1168,EquipmentSkillItem,0
4264,2180011,218001,1,1169,EquipmentSkillItem,0
4265,2180011,218001,1,1170,EquipmentSkillItem,0
4266,2180011,218001,1,1171,EquipmentSkillItem,0
4267,2180011,218001,1,1172,EquipmentSkillItem,0
4268,2180011,218001,1,1173,EquipmentSkillItem,0
4269,2180011,218001,1,1174,EquipmentSkillItem,0
4270,2180011,218001,1,1175,EquipmentSkillItem,0
4271,2180011,218001,1,1176,EquipmentSkillItem,0
4272,2180011,218001,1,1177,EquipmentSkillItem,0
4273,2180011,218001,1,1178,EquipmentSkillItem,0
4274,2180011,218001,1,1179,EquipmentSkillItem,0
4275,2180011,218001,1,1180,EquipmentSkillItem,0
4276,2180011,218001,1,1181,EquipmentSkillItem,0
4277,2180011,218001,1,1182,EquipmentSkillItem,0
4278,2190011,219001,0,34601,SupportItem,0
4279,2210011,221001,1,6,SupportItem,0
4280,2210011,221001,1,1000,SupportItem,0
4281,2210011,221001,1,1505,SupportItem,0
4282,2210011,221001,1,1700,SupportItem,0
4283,2210011,221001,1,600,TrainingItem,0
4284,2210011,221001,1,601,TrainingItem,0
4285,2210011,221001,1,602,TrainingItem,0
4286,2210011,221001,1,603,TrainingItem,0
4287,2210011,221001,1,604,TrainingItem,0
4288,2210011,221001,1,700,TrainingItem,0
4289,2210011,221001,1,701,TrainingItem,0
4290,2210011,221001,1,702,TrainingItem,0
4291,2210011,221001,1,703,TrainingItem,0
4292,2210011,221001,1,704,TrainingItem,0
4293,2220011,222001,1,1,AwakeningItem,0
4294,2220011,222001,1,2,AwakeningItem,0
4295,2230011,223001,1,1000,TrainingItem,0
4296,2230011,223001,1,1001,TrainingItem,0
4297,2230011,223001,1,1002,TrainingItem,0
4298,2230011,223001,1,1003,TrainingItem,0
4299,2230011,223001,1,1004,TrainingItem,0
4300,2230011,223001,1,1013400,Card,0
4301,2230012,223001,1,1000,TrainingItem,0
4302,2230012,223001,1,1001,TrainingItem,0
4303,2230012,223001,1,1002,TrainingItem,0
4304,2230012,223001,1,1003,TrainingItem,0
4305,2230012,223001,1,1004,TrainingItem,0
4306,2230012,223001,1,1003970,Card,0
4307,2240011,224001,1,1023150,Card,0
4308,2240011,224001,1,804,TrainingItem,0
4309,2240021,224002,1,22401,AwakeningItem,0
4310,2250012,225001,1,1,PotentialItem,0
4311,2250012,225001,1,6,PotentialItem,0
4312,2250012,225001,1,11,PotentialItem,0
4313,2260012,226001,1,2,PotentialItem,0
4314,2260012,226001,1,7,PotentialItem,0
4315,2260012,226001,1,12,PotentialItem,0
4316,2270012,227001,1,3,PotentialItem,0
4317,2270012,227001,1,8,PotentialItem,0
4318,2270012,227001,1,13,PotentialItem,0
4319,2280012,228001,1,4,PotentialItem,0
4320,2280012,228001,1,9,PotentialItem,0
4321,2280012,228001,1,14,PotentialItem,0
4322,2290012,229001,1,5,PotentialItem,0
4323,2290012,229001,1,10,PotentialItem,0
4324,2290012,229001,1,15,PotentialItem,0
4325,2310012,231001,1,1,PotentialItem,0
4326,2310012,231001,1,6,PotentialItem,0
4327,2310012,231001,1,11,PotentialItem,0
4328,2310022,231002,1,2,PotentialItem,0
4329,2310022,231002,1,7,PotentialItem,0
4330,2310022,231002,1,12,PotentialItem,0
4331,2310032,231003,1,3,PotentialItem,0
4332,2310032,231003,1,8,PotentialItem,0
4333,2310032,231003,1,13,PotentialItem,0
4334,2310042,231004,1,4,PotentialItem,0
4335,2310042,231004,1,9,PotentialItem,0
4336,2310042,231004,1,14,PotentialItem,0
4337,2310052,231005,1,5,PotentialItem,0
4338,2310052,231005,1,10,PotentialItem,0
4339,2310052,231005,1,15,PotentialItem,0
4340,2320010,232001,1,1008900,Card,0
4341,2320010,232001,1,604,TrainingItem,0
4342,2320010,232001,1,1008910,Card,0
4343,2320010,232001,1,600,TrainingItem,0
4344,2320010,232001,1,32202,AwakeningItem,0
4345,2320010,232001,1,30505,SupportItem,0
4346,2320010,232001,1,31501,SupportItem,0
4347,2320010,232001,1,30502,SupportItem,0
4348,2320012,232001,1,1008900,Card,0
4349,2320012,232001,1,804,TrainingItem,0
4350,2320012,232001,1,1008910,Card,0
4351,2320012,232001,1,800,TrainingItem,0
4352,2320012,232001,0,13701,AwakeningItem,0
4353,2320020,232002,1,23201,AwakeningItem,0
4354,2320020,232002,1,600,TrainingItem,0
4355,2320020,232002,1,601,TrainingItem,0
4356,2320020,232002,1,602,TrainingItem,0
4357,2320020,232002,1,603,TrainingItem,0
4358,2320020,232002,1,604,TrainingItem,0
4359,2320020,232002,1,1008350,Card,0
4360,2320022,232002,1,23201,AwakeningItem,0
4361,2320022,232002,1,1008350,Card,0
4362,2320022,232002,1,804,TrainingItem,0
4363,2330011,233001,1,1456,EquipmentSkillItem,0
4364,2330011,233001,1,1457,EquipmentSkillItem,0
4365,2330011,233001,1,1458,EquipmentSkillItem,0
4366,2330011,233001,1,1459,EquipmentSkillItem,0
4367,2330011,233001,1,1460,EquipmentSkillItem,0
4368,2330011,233001,1,1461,EquipmentSkillItem,0
4369,2330011,233001,1,1462,EquipmentSkillItem,0
4370,2330011,233001,1,1463,EquipmentSkillItem,0
4371,2330011,233001,1,1464,EquipmentSkillItem,0
4372,2330011,233001,1,1465,EquipmentSkillItem,0
4373,2330011,233001,1,1466,EquipmentSkillItem,0
4374,2330011,233001,1,1467,EquipmentSkillItem,0
4375,2330011,233001,1,1468,EquipmentSkillItem,0
4376,2330011,233001,1,1469,EquipmentSkillItem,0
4377,2330011,233001,1,1470,EquipmentSkillItem,0
4378,2330011,233001,1,1476,EquipmentSkillItem,0
4379,2330011,233001,1,1477,EquipmentSkillItem,0
4380,2330011,233001,1,1478,EquipmentSkillItem,0
4381,2330011,233001,1,1479,EquipmentSkillItem,0
4382,2330011,233001,1,1480,EquipmentSkillItem,0
4383,2330011,233001,1,1481,EquipmentSkillItem,0
4384,2330011,233001,1,1482,EquipmentSkillItem,0
4385,2330011,233001,1,1483,EquipmentSkillItem,0
4386,2330011,233001,1,1484,EquipmentSkillItem,0
4387,2330011,233001,1,1485,EquipmentSkillItem,0
4388,2330011,233001,1,1486,EquipmentSkillItem,0
4389,2330011,233001,1,1487,EquipmentSkillItem,0
4390,2330011,233001,1,1488,EquipmentSkillItem,0
4391,2330011,233001,1,1489,EquipmentSkillItem,0
4392,2330011,233001,1,1490,EquipmentSkillItem,0
4393,2330011,233001,1,1491,EquipmentSkillItem,0
4394,2330011,233001,1,1492,EquipmentSkillItem,0
4395,2330011,233001,1,1493,EquipmentSkillItem,0
4396,2330011,233001,1,1494,EquipmentSkillItem,0
4397,2330011,233001,1,1495,EquipmentSkillItem,0
4398,2330011,233001,1,1496,EquipmentSkillItem,0
4399,2330011,233001,1,1497,EquipmentSkillItem,0
4400,2330011,233001,1,1498,EquipmentSkillItem,0
4401,2330011,233001,1,1499,EquipmentSkillItem,0
4402,2330011,233001,1,1500,EquipmentSkillItem,0
4403,2330011,233001,1,1501,EquipmentSkillItem,0
4404,2330011,233001,1,1502,EquipmentSkillItem,0
4405,2330011,233001,1,1503,EquipmentSkillItem,0
4406,2330011,233001,1,1504,EquipmentSkillItem,0
4407,2330011,233001,1,1505,EquipmentSkillItem,0
4408,2330011,233001,1,1509,EquipmentSkillItem,0
4409,2330011,233001,1,1510,EquipmentSkillItem,0
4410,2330011,233001,1,1511,EquipmentSkillItem,0
4411,2330011,233001,1,1471,EquipmentSkillItem,0
4412,2330011,233001,1,1472,EquipmentSkillItem,0
4413,2330011,233001,1,1473,EquipmentSkillItem,0
4414,2330011,233001,1,1474,EquipmentSkillItem,0
4415,2330011,233001,1,1475,EquipmentSkillItem,0
4416,2330011,233001,1,1506,EquipmentSkillItem,0
4417,2330011,233001,1,1507,EquipmentSkillItem,0
4418,2330011,233001,1,1508,EquipmentSkillItem,0
4419,2340011,234001,1,1024100,Card,0
4420,2340011,234001,1,604,TrainingItem,0
4421,2340021,234002,1,604,TrainingItem,0
4422,2340021,234002,1,23401,AwakeningItem,0
4423,2350010,235001,1,1024560,Card,0
4424,2350010,235001,1,600,TrainingItem,0
4425,2350012,235001,1,1024560,Card,0
4426,2350012,235001,1,800,TrainingItem,0
4427,2350020,235002,0,8,AwakeningItem,0
4428,2350022,235002,0,13,AwakeningItem,0
4429,2350030,235003,1,600,TrainingItem,0
4430,2350030,235003,1,601,TrainingItem,0
4431,2350030,235003,1,602,TrainingItem,0
4432,2350030,235003,1,603,TrainingItem,0
4433,2350030,235003,1,604,TrainingItem,0
4434,2350032,235003,1,800,TrainingItem,0
4435,2350032,235003,1,801,TrainingItem,0
4436,2350032,235003,1,802,TrainingItem,0
4437,2350032,235003,1,803,TrainingItem,0
4438,2350032,235003,1,804,TrainingItem,0
4439,2350040,235004,1,9,AwakeningItem,0
4440,2350040,235004,1,10,AwakeningItem,0
4441,2350040,235004,1,11,AwakeningItem,0
4442,2350040,235004,1,12,AwakeningItem,0
4443,2350040,235004,1,13,AwakeningItem,0
4444,2350042,235004,1,14,AwakeningItem,0
4445,2350042,235004,1,15,AwakeningItem,0
4446,2350042,235004,1,16,AwakeningItem,0
4447,2350042,235004,1,17,AwakeningItem,0
4448,2350042,235004,1,18,AwakeningItem,0
4449,2350050,235005,1,700,TrainingItem,0
4450,2350050,235005,1,701,TrainingItem,0
4451,2350050,235005,1,702,TrainingItem,0
4452,2350050,235005,1,703,TrainingItem,0
4453,2350050,235005,1,704,TrainingItem,0
4454,2350052,235005,1,900,TrainingItem,0
4455,2350052,235005,1,901,TrainingItem,0
4456,2350052,235005,1,902,TrainingItem,0
4457,2350052,235005,1,903,TrainingItem,0
4458,2350052,235005,1,904,TrainingItem,0
4459,2350060,235006,1,23,TreasureItem,0
4460,2350060,235006,1,24,TreasureItem,0
4461,2350062,235006,1,23,TreasureItem,0
4462,2350062,235006,1,24,TreasureItem,0
4463,2360011,236001,1,1632,EquipmentSkillItem,0
4464,2360011,236001,1,8736,EquipmentSkillItem,0
4465,2360011,236001,1,8737,EquipmentSkillItem,0
4466,2360011,236001,1,8738,EquipmentSkillItem,0
4467,2360011,236001,1,1635,EquipmentSkillItem,0
4468,2360011,236001,1,8739,EquipmentSkillItem,0
4469,2360011,236001,1,8740,EquipmentSkillItem,0
4470,2360011,236001,1,8741,EquipmentSkillItem,0
4471,2360011,236001,1,8742,EquipmentSkillItem,0
4472,2360011,236001,1,8743,EquipmentSkillItem,0
4473,2360011,236001,1,8744,EquipmentSkillItem,0
4474,2360011,236001,1,8745,EquipmentSkillItem,0
4475,2360011,236001,1,8746,EquipmentSkillItem,0
4476,2360011,236001,1,8747,EquipmentSkillItem,0
4477,2360011,236001,1,8748,EquipmentSkillItem,0
4478,2360011,236001,1,8749,EquipmentSkillItem,0
4479,2360011,236001,1,8750,EquipmentSkillItem,0
4480,2360011,236001,1,1643,EquipmentSkillItem,0
4481,2360011,236001,1,1644,EquipmentSkillItem,0
4482,2360011,236001,1,8751,EquipmentSkillItem,0
4483,2360011,236001,1,1646,EquipmentSkillItem,0
4484,2360011,236001,1,1647,EquipmentSkillItem,0
4485,2360011,236001,1,8752,EquipmentSkillItem,0
4486,2360011,236001,1,1649,EquipmentSkillItem,0
4487,2360011,236001,1,1650,EquipmentSkillItem,0
4488,2360011,236001,1,8753,EquipmentSkillItem,0
4489,2360011,236001,1,8754,EquipmentSkillItem,0
4490,2360011,236001,1,8755,EquipmentSkillItem,0
4491,2360011,236001,1,8756,EquipmentSkillItem,0
4492,2360011,236001,1,8757,EquipmentSkillItem,0
4493,2360011,236001,1,8758,EquipmentSkillItem,0
4494,2360011,236001,1,8759,EquipmentSkillItem,0
4495,2360011,236001,1,8760,EquipmentSkillItem,0
4496,2360011,236001,1,8761,EquipmentSkillItem,0
4497,2360011,236001,1,8762,EquipmentSkillItem,0
4498,2360011,236001,1,8763,EquipmentSkillItem,0
4499,2360011,236001,1,8764,EquipmentSkillItem,0
4500,2360011,236001,1,8765,EquipmentSkillItem,0
4501,2360011,236001,1,8766,EquipmentSkillItem,0
4502,2360011,236001,1,8767,EquipmentSkillItem,0
4503,2360011,236001,1,8768,EquipmentSkillItem,0
4504,2360011,236001,1,8769,EquipmentSkillItem,0
4505,2360011,236001,1,8770,EquipmentSkillItem,0
4506,2360011,236001,1,8771,EquipmentSkillItem,0
4507,2360011,236001,1,8772,EquipmentSkillItem,0
4508,2360011,236001,1,8773,EquipmentSkillItem,0
4509,2360011,236001,1,8774,EquipmentSkillItem,0
4510,2360011,236001,1,8775,EquipmentSkillItem,0
4511,2360011,236001,1,8776,EquipmentSkillItem,0
4512,2360011,236001,1,8777,EquipmentSkillItem,0
4513,2360011,236001,1,8778,EquipmentSkillItem,0
4514,2360011,236001,1,8779,EquipmentSkillItem,0
4515,2360011,236001,1,8780,EquipmentSkillItem,0
4516,2360011,236001,1,1675,EquipmentSkillItem,0
4517,2360011,236001,1,8781,EquipmentSkillItem,0
4518,2360011,236001,1,8782,EquipmentSkillItem,0
4519,2360011,236001,1,8783,EquipmentSkillItem,0
4520,2360011,236001,1,1678,EquipmentSkillItem,0
4521,2360011,236001,1,8784,EquipmentSkillItem,0
4522,2360011,236001,1,8785,EquipmentSkillItem,0
4523,2360011,236001,1,8786,EquipmentSkillItem,0
4524,2360011,236001,1,8787,EquipmentSkillItem,0
4525,2360011,236001,1,8788,EquipmentSkillItem,0
4526,2360011,236001,1,8789,EquipmentSkillItem,0
4527,2360011,236001,1,8790,EquipmentSkillItem,0
4528,2360011,236001,1,8791,EquipmentSkillItem,0
4529,2360011,236001,1,8792,EquipmentSkillItem,0
4530,2360011,236001,1,8793,EquipmentSkillItem,0
4531,2360011,236001,1,8794,EquipmentSkillItem,0
4532,2360011,236001,1,8795,EquipmentSkillItem,0
4533,2360011,236001,1,1686,EquipmentSkillItem,0
4534,2360011,236001,1,1687,EquipmentSkillItem,0
4535,2360011,236001,1,8796,EquipmentSkillItem,0
4536,2360011,236001,1,1689,EquipmentSkillItem,0
4537,2360011,236001,1,1690,EquipmentSkillItem,0
4538,2360011,236001,1,8797,EquipmentSkillItem,0
4539,2360011,236001,1,1692,EquipmentSkillItem,0
4540,2360011,236001,1,1693,EquipmentSkillItem,0
4541,2360011,236001,1,8798,EquipmentSkillItem,0
4542,2360011,236001,1,8799,EquipmentSkillItem,0
4543,2360011,236001,1,8800,EquipmentSkillItem,0
4544,2360011,236001,1,8801,EquipmentSkillItem,0
4545,2360011,236001,1,8802,EquipmentSkillItem,0
4546,2360011,236001,1,8803,EquipmentSkillItem,0
4547,2360011,236001,1,8804,EquipmentSkillItem,0
4548,2360011,236001,1,8805,EquipmentSkillItem,0
4549,2360011,236001,1,8806,EquipmentSkillItem,0
4550,2360011,236001,1,8807,EquipmentSkillItem,0
4551,2360011,236001,1,8808,EquipmentSkillItem,0
4552,2360011,236001,1,8809,EquipmentSkillItem,0
4553,2360011,236001,1,8810,EquipmentSkillItem,0
4554,2360011,236001,1,8811,EquipmentSkillItem,0
4555,2360011,236001,1,8812,EquipmentSkillItem,0
4556,2360011,236001,1,8813,EquipmentSkillItem,0
4557,2360011,236001,1,8814,EquipmentSkillItem,0
4558,2360011,236001,1,8815,EquipmentSkillItem,0
4559,2360011,236001,1,8816,EquipmentSkillItem,0
4560,2360011,236001,1,8817,EquipmentSkillItem,0
4561,2360011,236001,1,8818,EquipmentSkillItem,0
4562,2360011,236001,1,8819,EquipmentSkillItem,0
4563,2360011,236001,1,8820,EquipmentSkillItem,0
4564,2360011,236001,1,8821,EquipmentSkillItem,0
4565,2360011,236001,1,8822,EquipmentSkillItem,0
4566,2360011,236001,1,8823,EquipmentSkillItem,0
4567,2360011,236001,1,8824,EquipmentSkillItem,0
4568,2360011,236001,1,8825,EquipmentSkillItem,0
4569,2370011,237001,0,6,SupportItem,0
4570,2380011,238001,0,1005480,Card,765122
4571,2390011,239001,1,1025220,Card,0
4572,2390011,239001,1,15201,SupportItem,0
4573,2390021,239002,1,23901,AwakeningItem,0
4574,2390021,239002,1,9105,TrainingItem,0
4575,2410010,241001,0,6,TrainingField,0
4576,2410011,241001,0,7,TrainingField,0
4577,2410012,241001,0,12,TrainingField,0
4578,2420010,242001,1,1025450,Card,0
4579,2420010,242001,1,602,TrainingItem,0
4580,2420012,242001,1,1025450,Card,0
4581,2420012,242001,1,802,TrainingItem,0
4582,2420020,242002,1,24201,AwakeningItem,0
4583,2420022,242002,1,24201,AwakeningItem,0
4584,2430011,243001,1,3249,EquipmentSkillItem,0
4585,2430011,243001,1,3250,EquipmentSkillItem,0
4586,2430011,243001,1,3251,EquipmentSkillItem,0
4587,2430011,243001,1,3252,EquipmentSkillItem,0
4588,2430011,243001,1,3253,EquipmentSkillItem,0
4589,2430011,243001,1,3254,EquipmentSkillItem,0
4590,2430011,243001,1,3255,EquipmentSkillItem,0
4591,2430011,243001,1,1837,EquipmentSkillItem,0
4592,2430011,243001,1,3256,EquipmentSkillItem,0
4593,2430011,243001,1,1838,EquipmentSkillItem,0
4594,2430011,243001,1,3257,EquipmentSkillItem,0
4595,2430011,243001,1,3258,EquipmentSkillItem,0
4596,2430011,243001,1,3259,EquipmentSkillItem,0
4597,2430011,243001,1,3260,EquipmentSkillItem,0
4598,2430011,243001,1,1862,EquipmentSkillItem,0
4599,2430011,243001,1,3261,EquipmentSkillItem,0
4600,2430011,243001,1,3262,EquipmentSkillItem,0
4601,2430011,243001,1,1863,EquipmentSkillItem,0
4602,2430011,243001,1,3263,EquipmentSkillItem,0
4603,2430011,243001,1,3264,EquipmentSkillItem,0
4604,2430011,243001,1,1860,EquipmentSkillItem,0
4605,2430011,243001,1,3265,EquipmentSkillItem,0
4606,2430011,243001,1,3266,EquipmentSkillItem,0
4607,2430011,243001,1,3267,EquipmentSkillItem,0
4608,2430011,243001,1,3268,EquipmentSkillItem,0
4609,2430011,243001,1,3269,EquipmentSkillItem,0
4610,2430011,243001,1,1861,EquipmentSkillItem,0
4611,2430011,243001,1,3270,EquipmentSkillItem,0
4612,2430011,243001,1,3271,EquipmentSkillItem,0
4613,2430011,243001,1,3272,EquipmentSkillItem,0
4614,2430011,243001,1,3273,EquipmentSkillItem,0
4615,2430011,243001,1,3275,EquipmentSkillItem,0
4616,2430011,243001,1,3276,EquipmentSkillItem,0
4617,2430011,243001,1,3277,EquipmentSkillItem,0
4618,2430011,243001,1,3278,EquipmentSkillItem,0
4619,2430011,243001,1,1872,EquipmentSkillItem,0
4620,2440010,244001,1,600,TrainingItem,0
4621,2440010,244001,1,601,TrainingItem,0
4622,2440010,244001,1,602,TrainingItem,0
4623,2440010,244001,1,603,TrainingItem,0
4624,2440010,244001,1,604,TrainingItem,0
4625,2440012,244001,1,800,TrainingItem,0
4626,2440012,244001,1,801,TrainingItem,0
4627,2440012,244001,1,802,TrainingItem,0
4628,2440012,244001,1,803,TrainingItem,0
4629,2440012,244001,1,804,TrainingItem,0
4630,2440020,244002,0,8,TrainingField,0
4631,2440022,244002,0,11,TrainingField,0
4632,2440030,244003,0,6,SupportItem,0
4633,2440032,244003,0,6,SupportItem,0
4634,2440040,244004,1,4,AwakeningItem,0
4635,2440040,244004,1,5,AwakeningItem,0
4636,2440040,244004,1,6,AwakeningItem,0
4637,2440040,244004,1,7,AwakeningItem,0
4638,2440040,244004,1,8,AwakeningItem,0
4639,2440042,244004,1,9,AwakeningItem,0
4640,2440042,244004,1,10,AwakeningItem,0
4641,2440042,244004,1,11,AwakeningItem,0
4642,2440042,244004,1,12,AwakeningItem,0
4643,2440042,244004,1,13,AwakeningItem,0
4644,2440050,244005,1,700,TrainingItem,0
4645,2440050,244005,1,701,TrainingItem,0
4646,2440050,244005,1,702,TrainingItem,0
4647,2440050,244005,1,703,TrainingItem,0
4648,2440050,244005,1,704,TrainingItem,0
4649,2440052,244005,1,900,TrainingItem,0
4650,2440052,244005,1,901,TrainingItem,0
4651,2440052,244005,1,902,TrainingItem,0
4652,2440052,244005,1,903,TrainingItem,0
4653,2440052,244005,1,904,TrainingItem,0
4654,2440060,244006,0,5,TrainingField,0
4655,2440062,244006,0,7,TrainingField,0
4656,2440070,244007,0,1000,SupportItem,0
4657,2440072,244007,0,1000,SupportItem,0
4658,2440080,244008,1,9,AwakeningItem,0
4659,2440080,244008,1,10,AwakeningItem,0
4660,2440080,244008,1,11,AwakeningItem,0
4661,2440080,244008,1,12,AwakeningItem,0
4662,2440080,244008,1,13,AwakeningItem,0
4663,2440082,244008,1,14,AwakeningItem,0
4664,2440082,244008,1,15,AwakeningItem,0
4665,2440082,244008,1,16,AwakeningItem,0
4666,2440082,244008,1,17,AwakeningItem,0
4667,2440082,244008,1,18,AwakeningItem,0
4668,2480011,248001,1,2105,EquipmentSkillItem,0
4669,2480011,248001,1,2106,EquipmentSkillItem,0
4670,2480011,248001,1,2107,EquipmentSkillItem,0
4671,2480011,248001,1,2108,EquipmentSkillItem,0
4672,2480011,248001,1,2109,EquipmentSkillItem,0
4673,2480011,248001,1,2110,EquipmentSkillItem,0
4674,2480011,248001,1,2111,EquipmentSkillItem,0
4675,2480011,248001,1,2112,EquipmentSkillItem,0
4676,2480011,248001,1,2113,EquipmentSkillItem,0
4677,2480011,248001,1,2114,EquipmentSkillItem,0
4678,2480011,248001,1,2115,EquipmentSkillItem,0
4679,2480011,248001,1,2116,EquipmentSkillItem,0
4680,2480011,248001,1,2117,EquipmentSkillItem,0
4681,2480011,248001,1,2118,EquipmentSkillItem,0
4682,2480011,248001,1,2119,EquipmentSkillItem,0
4683,2480011,248001,1,2120,EquipmentSkillItem,0
4684,2480011,248001,1,2121,EquipmentSkillItem,0
4685,2480011,248001,1,2122,EquipmentSkillItem,0
4686,2480011,248001,1,2123,EquipmentSkillItem,0
4687,2480011,248001,1,2124,EquipmentSkillItem,0
4688,2480011,248001,1,2125,EquipmentSkillItem,0
4689,2480011,248001,1,2126,EquipmentSkillItem,0
4690,2480011,248001,1,2127,EquipmentSkillItem,0
4691,2480011,248001,1,2128,EquipmentSkillItem,0
4692,2480011,248001,1,2129,EquipmentSkillItem,0
4693,2480011,248001,1,2130,EquipmentSkillItem,0
4694,2480011,248001,1,2131,EquipmentSkillItem,0
4695,2480011,248001,1,2132,EquipmentSkillItem,0
4696,2480011,248001,1,2133,EquipmentSkillItem,0
4697,2480011,248001,1,2134,EquipmentSkillItem,0
4698,2480011,248001,1,2135,EquipmentSkillItem,0
4699,2480011,248001,1,2136,EquipmentSkillItem,0
4700,2480011,248001,1,2137,EquipmentSkillItem,0
4701,2480011,248001,1,2138,EquipmentSkillItem,0
4702,2480011,248001,1,2139,EquipmentSkillItem,0
4703,2480011,248001,1,2140,EquipmentSkillItem,0
4704,2490011,249001,0,18,AwakeningItem,0
4705,2510011,251001,1,1026620,Card,0
4706,2510011,251001,1,600,TrainingItem,0
4707,2510021,251002,1,600,TrainingItem,0
4708,2510021,251002,1,25101,AwakeningItem,0
4709,2520011,252001,1,2,EquipmentSkillItem,0
4710,2520011,252001,1,3,EquipmentSkillItem,0
4711,2520011,252001,1,4,EquipmentSkillItem,0
4712,2520011,252001,1,5,EquipmentSkillItem,0
4713,2520011,252001,1,7,EquipmentSkillItem,0
4714,2520011,252001,1,8,EquipmentSkillItem,0
4715,2520011,252001,1,9,EquipmentSkillItem,0
4716,2520011,252001,1,10,EquipmentSkillItem,0
4717,2520011,252001,1,12,EquipmentSkillItem,0
4718,2520011,252001,1,13,EquipmentSkillItem,0
4719,2520011,252001,1,14,EquipmentSkillItem,0
4720,2520011,252001,1,15,EquipmentSkillItem,0
4721,2520011,252001,1,17,EquipmentSkillItem,0
4722,2520011,252001,1,18,EquipmentSkillItem,0
4723,2520011,252001,1,19,EquipmentSkillItem,0
4724,2520011,252001,1,20,EquipmentSkillItem,0
4725,2520011,252001,1,22,EquipmentSkillItem,0
4726,2520011,252001,1,23,EquipmentSkillItem,0
4727,2520011,252001,1,24,EquipmentSkillItem,0
4728,2520011,252001,1,25,EquipmentSkillItem,0
4729,2520011,252001,1,27,EquipmentSkillItem,0
4730,2520011,252001,1,28,EquipmentSkillItem,0
4731,2520011,252001,1,29,EquipmentSkillItem,0
4732,2520011,252001,1,30,EquipmentSkillItem,0
4733,2520011,252001,1,32,EquipmentSkillItem,0
4734,2520011,252001,1,33,EquipmentSkillItem,0
4735,2520011,252001,1,34,EquipmentSkillItem,0
4736,2520011,252001,1,35,EquipmentSkillItem,0
4737,2520011,252001,1,37,EquipmentSkillItem,0
4738,2520011,252001,1,38,EquipmentSkillItem,0
4739,2520011,252001,1,39,EquipmentSkillItem,0
4740,2520011,252001,1,40,EquipmentSkillItem,0
4741,2520011,252001,1,42,EquipmentSkillItem,0
4742,2520011,252001,1,43,EquipmentSkillItem,0
4743,2520011,252001,1,44,EquipmentSkillItem,0
4744,2520011,252001,1,45,EquipmentSkillItem,0
4745,2520011,252001,1,47,EquipmentSkillItem,0
4746,2520011,252001,1,48,EquipmentSkillItem,0
4747,2520011,252001,1,49,EquipmentSkillItem,0
4748,2520011,252001,1,50,EquipmentSkillItem,0
4749,2520011,252001,1,52,EquipmentSkillItem,0
4750,2520011,252001,1,53,EquipmentSkillItem,0
4751,2520011,252001,1,54,EquipmentSkillItem,0
4752,2520011,252001,1,55,EquipmentSkillItem,0
4753,2520011,252001,1,57,EquipmentSkillItem,0
4754,2520011,252001,1,58,EquipmentSkillItem,0
4755,2520011,252001,1,59,EquipmentSkillItem,0
4756,2520011,252001,1,60,EquipmentSkillItem,0
4757,2520011,252001,1,62,EquipmentSkillItem,0
4758,2520011,252001,1,63,EquipmentSkillItem,0
4759,2520011,252001,1,64,EquipmentSkillItem,0
4760,2520011,252001,1,65,EquipmentSkillItem,0
4761,2520011,252001,1,67,EquipmentSkillItem,0
4762,2520011,252001,1,68,EquipmentSkillItem,0
4763,2520011,252001,1,69,EquipmentSkillItem,0
4764,2520011,252001,1,70,EquipmentSkillItem,0
4765,2520011,252001,1,72,EquipmentSkillItem,0
4766,2520011,252001,1,73,EquipmentSkillItem,0
4767,2520011,252001,1,74,EquipmentSkillItem,0
4768,2520011,252001,1,75,EquipmentSkillItem,0
4769,2520011,252001,1,2156,EquipmentSkillItem,0
4770,2520011,252001,1,2157,EquipmentSkillItem,0
4771,2520011,252001,1,2158,EquipmentSkillItem,0
4772,2520011,252001,1,2159,EquipmentSkillItem,0
4773,2520011,252001,1,2160,EquipmentSkillItem,0
4774,2520011,252001,1,2161,EquipmentSkillItem,0
4775,2520011,252001,1,2162,EquipmentSkillItem,0
4776,2520011,252001,1,2163,EquipmentSkillItem,0
4777,2520011,252001,1,2164,EquipmentSkillItem,0
4778,2520011,252001,1,2165,EquipmentSkillItem,0
4779,2520011,252001,1,2166,EquipmentSkillItem,0
4780,2520011,252001,1,2167,EquipmentSkillItem,0
4781,2520011,252001,1,2168,EquipmentSkillItem,0
4782,2520011,252001,1,2169,EquipmentSkillItem,0
4783,2520011,252001,1,2170,EquipmentSkillItem,0
4784,2520011,252001,1,2172,EquipmentSkillItem,0
4785,2520011,252001,1,2174,EquipmentSkillItem,0
4786,2520011,252001,1,2176,EquipmentSkillItem,0
4787,2520011,252001,1,2178,EquipmentSkillItem,0
4788,2520011,252001,1,2180,EquipmentSkillItem,0
4789,2520011,252001,1,2182,EquipmentSkillItem,0
4790,2520011,252001,1,2184,EquipmentSkillItem,0
4791,2520011,252001,1,2186,EquipmentSkillItem,0
4792,2520011,252001,1,2187,EquipmentSkillItem,0
4793,2520011,252001,1,2189,EquipmentSkillItem,0
4794,2520011,252001,1,2190,EquipmentSkillItem,0
4795,2520011,252001,1,2192,EquipmentSkillItem,0
4796,2520011,252001,1,2193,EquipmentSkillItem,0
4797,2520011,252001,1,2195,EquipmentSkillItem,0
4798,2520011,252001,1,2196,EquipmentSkillItem,0
4799,2520011,252001,1,2198,EquipmentSkillItem,0
4800,2520011,252001,1,2199,EquipmentSkillItem,0
4801,2520011,252001,1,2201,EquipmentSkillItem,0
4802,2520011,252001,1,2202,EquipmentSkillItem,0
4803,2520011,252001,1,2204,EquipmentSkillItem,0
4804,2520011,252001,1,2205,EquipmentSkillItem,0
4805,2520011,252001,1,2207,EquipmentSkillItem,0
4806,2520011,252001,1,2208,EquipmentSkillItem,0
4807,2520011,252001,1,2210,EquipmentSkillItem,0
4808,2520011,252001,1,2211,EquipmentSkillItem,0
4809,2520011,252001,1,2213,EquipmentSkillItem,0
4810,2520011,252001,1,2214,EquipmentSkillItem,0
4811,2520011,252001,1,2216,EquipmentSkillItem,0
4812,2520011,252001,1,2217,EquipmentSkillItem,0
4813,2520011,252001,1,2219,EquipmentSkillItem,0
4814,2520011,252001,1,2220,EquipmentSkillItem,0
4815,2520011,252001,1,2222,EquipmentSkillItem,0
4816,2520011,252001,1,2223,EquipmentSkillItem,0
4817,2520011,252001,1,2225,EquipmentSkillItem,0
4818,2520011,252001,1,2226,EquipmentSkillItem,0
4819,2520011,252001,1,2228,EquipmentSkillItem,0
4820,2520011,252001,1,2229,EquipmentSkillItem,0
4821,2520011,252001,1,2231,EquipmentSkillItem,0
4822,2520011,252001,1,2232,EquipmentSkillItem,0
4823,2520011,252001,1,2234,EquipmentSkillItem,0
4824,2520011,252001,1,2235,EquipmentSkillItem,0
4825,2520011,252001,1,2237,EquipmentSkillItem,0
4826,2520011,252001,1,2238,EquipmentSkillItem,0
4827,2520011,252001,1,2240,EquipmentSkillItem,0
4828,2520011,252001,1,2241,EquipmentSkillItem,0
4829,2520011,252001,1,2243,EquipmentSkillItem,0
4830,2520011,252001,1,2244,EquipmentSkillItem,0
4831,2520011,252001,1,2304,EquipmentSkillItem,0
4832,2520011,252001,1,2303,EquipmentSkillItem,0
4833,2520011,252001,1,1876,EquipmentSkillItem,0
4834,2520011,252001,1,1877,EquipmentSkillItem,0
4835,2520011,252001,1,1878,EquipmentSkillItem,0
4836,2520011,252001,1,1879,EquipmentSkillItem,0
4837,2520011,252001,1,1881,EquipmentSkillItem,0
4838,2520011,252001,1,1882,EquipmentSkillItem,0
4839,2520011,252001,1,1883,EquipmentSkillItem,0
4840,2520011,252001,1,1884,EquipmentSkillItem,0
4841,2520011,252001,1,1886,EquipmentSkillItem,0
4842,2520011,252001,1,1887,EquipmentSkillItem,0
4843,2520011,252001,1,1888,EquipmentSkillItem,0
4844,2520011,252001,1,1889,EquipmentSkillItem,0
4845,2520011,252001,1,1891,EquipmentSkillItem,0
4846,2520011,252001,1,1892,EquipmentSkillItem,0
4847,2520011,252001,1,1893,EquipmentSkillItem,0
4848,2520011,252001,1,1894,EquipmentSkillItem,0
4849,2520011,252001,1,1896,EquipmentSkillItem,0
4850,2520011,252001,1,1897,EquipmentSkillItem,0
4851,2520011,252001,1,1898,EquipmentSkillItem,0
4852,2520011,252001,1,1899,EquipmentSkillItem,0
4853,2520011,252001,1,1901,EquipmentSkillItem,0
4854,2520011,252001,1,1902,EquipmentSkillItem,0
4855,2520011,252001,1,1903,EquipmentSkillItem,0
4856,2520011,252001,1,1904,EquipmentSkillItem,0
4857,2520011,252001,1,1906,EquipmentSkillItem,0
4858,2520011,252001,1,1907,EquipmentSkillItem,0
4859,2520011,252001,1,1908,EquipmentSkillItem,0
4860,2520011,252001,1,1909,EquipmentSkillItem,0
4861,2520011,252001,1,1916,EquipmentSkillItem,0
4862,2520011,252001,1,1917,EquipmentSkillItem,0
4863,2520011,252001,1,1918,EquipmentSkillItem,0
4864,2520011,252001,1,1919,EquipmentSkillItem,0
4865,2520011,252001,1,1920,EquipmentSkillItem,0
4866,2520011,252001,1,1921,EquipmentSkillItem,0
4867,2520011,252001,1,1922,EquipmentSkillItem,0
4868,2520011,252001,1,1923,EquipmentSkillItem,0
4869,2520011,252001,1,1924,EquipmentSkillItem,0
4870,2520011,252001,1,1925,EquipmentSkillItem,0
4871,2520011,252001,1,1926,EquipmentSkillItem,0
4872,2520011,252001,1,1927,EquipmentSkillItem,0
4873,2520011,252001,1,1928,EquipmentSkillItem,0
4874,2520011,252001,1,1929,EquipmentSkillItem,0
4875,2520011,252001,1,1930,EquipmentSkillItem,0
4876,2520011,252001,1,1931,EquipmentSkillItem,0
4877,2520011,252001,1,1932,EquipmentSkillItem,0
4878,2520011,252001,1,1933,EquipmentSkillItem,0
4879,2520011,252001,1,1934,EquipmentSkillItem,0
4880,2520011,252001,1,1935,EquipmentSkillItem,0
4881,2520011,252001,1,1936,EquipmentSkillItem,0
4882,2520011,252001,1,1937,EquipmentSkillItem,0
4883,2520011,252001,1,1938,EquipmentSkillItem,0
4884,2520011,252001,1,1939,EquipmentSkillItem,0
4885,2520011,252001,1,1940,EquipmentSkillItem,0
4886,2520011,252001,1,1941,EquipmentSkillItem,0
4887,2520011,252001,1,1942,EquipmentSkillItem,0
4888,2520011,252001,1,1943,EquipmentSkillItem,0
4889,2520011,252001,1,1944,EquipmentSkillItem,0
4890,2520011,252001,1,1945,EquipmentSkillItem,0
4891,2520011,252001,1,1946,EquipmentSkillItem,0
4892,2520011,252001,1,1947,EquipmentSkillItem,0
4893,2520011,252001,1,1948,EquipmentSkillItem,0
4894,2520011,252001,1,1949,EquipmentSkillItem,0
4895,2520011,252001,1,1950,EquipmentSkillItem,0
4896,2520011,252001,1,1951,EquipmentSkillItem,0
4897,2520011,252001,1,1952,EquipmentSkillItem,0
4898,2520011,252001,1,1953,EquipmentSkillItem,0
4899,2520011,252001,1,1954,EquipmentSkillItem,0
4900,2520011,252001,1,1955,EquipmentSkillItem,0
4901,2520011,252001,1,1956,EquipmentSkillItem,0
4902,2520011,252001,1,1957,EquipmentSkillItem,0
4903,2520011,252001,1,1958,EquipmentSkillItem,0
4904,2520011,252001,1,1959,EquipmentSkillItem,0
4905,2520011,252001,1,1960,EquipmentSkillItem,0
4906,2520011,252001,1,1961,EquipmentSkillItem,0
4907,2520011,252001,1,1962,EquipmentSkillItem,0
4908,2520011,252001,1,1963,EquipmentSkillItem,0
4909,2520011,252001,1,1964,EquipmentSkillItem,0
4910,2520011,252001,1,1965,EquipmentSkillItem,0
4911,2520011,252001,1,1966,EquipmentSkillItem,0
4912,2520011,252001,1,1967,EquipmentSkillItem,0
4913,2520011,252001,1,1968,EquipmentSkillItem,0
4914,2520011,252001,1,1969,EquipmentSkillItem,0
4915,2520011,252001,1,1970,EquipmentSkillItem,0
4916,2520011,252001,1,1971,EquipmentSkillItem,0
4917,2520011,252001,1,1972,EquipmentSkillItem,0
4918,2520011,252001,1,1973,EquipmentSkillItem,0
4919,2520011,252001,1,1974,EquipmentSkillItem,0
4920,2520011,252001,1,1975,EquipmentSkillItem,0
4921,2520011,252001,1,1976,EquipmentSkillItem,0
4922,2520011,252001,1,1977,EquipmentSkillItem,0
4923,2520011,252001,1,1978,EquipmentSkillItem,0
4924,2520011,252001,1,1979,EquipmentSkillItem,0
4925,2520011,252001,1,1980,EquipmentSkillItem,0
4926,2520011,252001,1,1981,EquipmentSkillItem,0
4927,2520011,252001,1,1982,EquipmentSkillItem,0
4928,2520011,252001,1,1983,EquipmentSkillItem,0
4929,2520011,252001,1,1984,EquipmentSkillItem,0
4930,2520011,252001,1,1985,EquipmentSkillItem,0
4931,2520011,252001,1,1986,EquipmentSkillItem,0
4932,2520011,252001,1,1987,EquipmentSkillItem,0
4933,2520011,252001,1,1988,EquipmentSkillItem,0
4934,2520011,252001,1,1989,EquipmentSkillItem,0
4935,2520011,252001,1,1990,EquipmentSkillItem,0
4936,2520011,252001,1,1991,EquipmentSkillItem,0
4937,2520011,252001,1,1992,EquipmentSkillItem,0
4938,2520011,252001,1,1993,EquipmentSkillItem,0
4939,2520011,252001,1,1994,EquipmentSkillItem,0
4940,2520011,252001,1,1995,EquipmentSkillItem,0
4941,2520011,252001,1,1996,EquipmentSkillItem,0
4942,2520011,252001,1,1997,EquipmentSkillItem,0
4943,2520011,252001,1,1998,EquipmentSkillItem,0
4944,2520011,252001,1,1999,EquipmentSkillItem,0
4945,2520011,252001,1,2000,EquipmentSkillItem,0
4946,2520011,252001,1,2001,EquipmentSkillItem,0
4947,2520011,252001,1,2002,EquipmentSkillItem,0
4948,2520011,252001,1,2003,EquipmentSkillItem,0
4949,2520011,252001,1,2004,EquipmentSkillItem,0
4950,2520011,252001,1,2005,EquipmentSkillItem,0
4951,2520011,252001,1,2006,EquipmentSkillItem,0
4952,2520011,252001,1,2007,EquipmentSkillItem,0
4953,2520011,252001,1,2008,EquipmentSkillItem,0
4954,2520011,252001,1,2009,EquipmentSkillItem,0
4955,2520011,252001,1,2010,EquipmentSkillItem,0
4956,2520011,252001,1,2011,EquipmentSkillItem,0
4957,2520011,252001,1,2012,EquipmentSkillItem,0
4958,2520011,252001,1,2013,EquipmentSkillItem,0
4959,2520011,252001,1,2014,EquipmentSkillItem,0
4960,2520011,252001,1,2015,EquipmentSkillItem,0
4961,2520011,252001,1,2016,EquipmentSkillItem,0
4962,2520011,252001,1,2017,EquipmentSkillItem,0
4963,2520011,252001,1,2018,EquipmentSkillItem,0
4964,2520011,252001,1,2019,EquipmentSkillItem,0
4965,2520011,252001,1,2020,EquipmentSkillItem,0
4966,2520011,252001,1,2021,EquipmentSkillItem,0
4967,2520011,252001,1,2022,EquipmentSkillItem,0
4968,2520011,252001,1,2023,EquipmentSkillItem,0
4969,2520011,252001,1,2024,EquipmentSkillItem,0
4970,2520011,252001,1,2025,EquipmentSkillItem,0
4971,2520011,252001,1,2026,EquipmentSkillItem,0
4972,2520011,252001,1,2027,EquipmentSkillItem,0
4973,2520011,252001,1,2028,EquipmentSkillItem,0
4974,2520011,252001,1,2029,EquipmentSkillItem,0
4975,2520011,252001,1,2030,EquipmentSkillItem,0
4976,2520011,252001,1,2031,EquipmentSkillItem,0
4977,2520011,252001,1,2032,EquipmentSkillItem,0
4978,2520011,252001,1,2033,EquipmentSkillItem,0
4979,2520011,252001,1,2034,EquipmentSkillItem,0
4980,2520011,252001,1,2035,EquipmentSkillItem,0
4981,2520011,252001,1,2036,EquipmentSkillItem,0
4982,2520011,252001,1,2037,EquipmentSkillItem,0
4983,2520011,252001,1,2038,EquipmentSkillItem,0
4984,2520011,252001,1,2039,EquipmentSkillItem,0
4985,2520011,252001,1,2040,EquipmentSkillItem,0
4986,2520011,252001,1,2041,EquipmentSkillItem,0
4987,2520011,252001,1,2042,EquipmentSkillItem,0
4988,2520011,252001,1,2043,EquipmentSkillItem,0
4989,2520011,252001,1,2044,EquipmentSkillItem,0
4990,2520011,252001,1,2045,EquipmentSkillItem,0
4991,2520011,252001,1,2046,EquipmentSkillItem,0
4992,2520011,252001,1,2047,EquipmentSkillItem,0
4993,2520011,252001,1,2048,EquipmentSkillItem,0
4994,2520011,252001,1,2049,EquipmentSkillItem,0
4995,2520011,252001,1,2050,EquipmentSkillItem,0
4996,2520011,252001,1,2051,EquipmentSkillItem,0
4997,2520011,252001,1,2052,EquipmentSkillItem,0
4998,2520011,252001,1,2053,EquipmentSkillItem,0
4999,2520011,252001,1,2054,EquipmentSkillItem,0
5000,2520011,252001,1,2055,EquipmentSkillItem,0
5001,2520011,252001,1,2056,EquipmentSkillItem,0
5002,2520011,252001,1,2057,EquipmentSkillItem,0
5003,2520011,252001,1,2058,EquipmentSkillItem,0
5004,2520011,252001,1,2059,EquipmentSkillItem,0
5005,2520011,252001,1,2060,EquipmentSkillItem,0
5006,2520011,252001,1,2061,EquipmentSkillItem,0
5007,2520011,252001,1,2062,EquipmentSkillItem,0
5008,2520011,252001,1,2063,EquipmentSkillItem,0
5009,2520011,252001,1,2064,EquipmentSkillItem,0
5010,2520011,252001,1,2065,EquipmentSkillItem,0
5011,2520011,252001,1,2066,EquipmentSkillItem,0
5012,2520011,252001,1,2067,EquipmentSkillItem,0
5013,2520011,252001,1,2068,EquipmentSkillItem,0
5014,2520011,252001,1,2069,EquipmentSkillItem,0
5015,2520011,252001,1,2070,EquipmentSkillItem,0
5016,2520011,252001,1,2071,EquipmentSkillItem,0
5017,2520011,252001,1,2072,EquipmentSkillItem,0
5018,2520011,252001,1,2073,EquipmentSkillItem,0
5019,2520011,252001,1,2074,EquipmentSkillItem,0
5020,2520011,252001,1,2075,EquipmentSkillItem,0
5021,2520011,252001,1,2076,EquipmentSkillItem,0
5022,2520011,252001,1,2077,EquipmentSkillItem,0
5023,2520011,252001,1,2078,EquipmentSkillItem,0
5024,2520011,252001,1,2079,EquipmentSkillItem,0
5025,2520011,252001,1,2080,EquipmentSkillItem,0
5026,2520011,252001,1,2081,EquipmentSkillItem,0
5027,2520011,252001,1,2082,EquipmentSkillItem,0
5028,2520011,252001,1,2083,EquipmentSkillItem,0
5029,2520011,252001,1,2084,EquipmentSkillItem,0
5030,2520011,252001,1,2085,EquipmentSkillItem,0
5031,2520011,252001,1,2086,EquipmentSkillItem,0
5032,2520011,252001,1,2087,EquipmentSkillItem,0
5033,2520011,252001,1,2088,EquipmentSkillItem,0
5034,2520011,252001,1,2089,EquipmentSkillItem,0
5035,2520011,252001,1,2090,EquipmentSkillItem,0
5036,2520011,252001,1,2091,EquipmentSkillItem,0
5037,2520011,252001,1,2092,EquipmentSkillItem,0
5038,2520011,252001,1,2093,EquipmentSkillItem,0
5039,2520011,252001,1,2094,EquipmentSkillItem,0
5040,2520011,252001,1,2095,EquipmentSkillItem,0
5041,2520011,252001,1,2096,EquipmentSkillItem,0
5042,2520011,252001,1,2097,EquipmentSkillItem,0
5043,2520011,252001,1,2098,EquipmentSkillItem,0
5044,2520011,252001,1,2099,EquipmentSkillItem,0
5045,2520011,252001,1,2100,EquipmentSkillItem,0
5046,2520011,252001,1,2101,EquipmentSkillItem,0
5047,2520011,252001,1,2102,EquipmentSkillItem,0
5048,2520011,252001,1,2103,EquipmentSkillItem,0
5049,2520011,252001,1,2104,EquipmentSkillItem,0
5050,2520011,252001,1,288,EquipmentSkillItem,0
5051,2520011,252001,1,289,EquipmentSkillItem,0
5052,2520011,252001,1,290,EquipmentSkillItem,0
5053,2520011,252001,1,293,EquipmentSkillItem,0
5054,2520011,252001,1,294,EquipmentSkillItem,0
5055,2520011,252001,1,295,EquipmentSkillItem,0
5056,2520011,252001,1,298,EquipmentSkillItem,0
5057,2520011,252001,1,299,EquipmentSkillItem,0
5058,2520011,252001,1,300,EquipmentSkillItem,0
5059,2520011,252001,1,303,EquipmentSkillItem,0
5060,2520011,252001,1,304,EquipmentSkillItem,0
5061,2520011,252001,1,305,EquipmentSkillItem,0
5062,2520011,252001,1,308,EquipmentSkillItem,0
5063,2520011,252001,1,309,EquipmentSkillItem,0
5064,2520011,252001,1,310,EquipmentSkillItem,0
5065,2520011,252001,1,313,EquipmentSkillItem,0
5066,2520011,252001,1,314,EquipmentSkillItem,0
5067,2520011,252001,1,315,EquipmentSkillItem,0
5068,2520011,252001,1,318,EquipmentSkillItem,0
5069,2520011,252001,1,319,EquipmentSkillItem,0
5070,2520011,252001,1,320,EquipmentSkillItem,0
5071,2520011,252001,1,323,EquipmentSkillItem,0
5072,2520011,252001,1,324,EquipmentSkillItem,0
5073,2520011,252001,1,325,EquipmentSkillItem,0
5074,2520011,252001,1,328,EquipmentSkillItem,0
5075,2520011,252001,1,329,EquipmentSkillItem,0
5076,2520011,252001,1,330,EquipmentSkillItem,0
5077,2520011,252001,1,331,EquipmentSkillItem,0
5078,2520011,252001,1,332,EquipmentSkillItem,0
5079,2520011,252001,1,333,EquipmentSkillItem,0
5080,2520011,252001,1,334,EquipmentSkillItem,0
5081,2520011,252001,1,335,EquipmentSkillItem,0
5082,2520011,252001,1,336,EquipmentSkillItem,0
5083,2520011,252001,1,337,EquipmentSkillItem,0
5084,2520011,252001,1,338,EquipmentSkillItem,0
5085,2520011,252001,1,339,EquipmentSkillItem,0
5086,2520011,252001,1,340,EquipmentSkillItem,0
5087,2520011,252001,1,341,EquipmentSkillItem,0
5088,2520011,252001,1,342,EquipmentSkillItem,0
5089,2520011,252001,1,343,EquipmentSkillItem,0
5090,2520011,252001,1,344,EquipmentSkillItem,0
5091,2520011,252001,1,348,EquipmentSkillItem,0
5092,2520011,252001,1,349,EquipmentSkillItem,0
5093,2520011,252001,1,350,EquipmentSkillItem,0
5094,2520011,252001,1,353,EquipmentSkillItem,0
5095,2520011,252001,1,354,EquipmentSkillItem,0
5096,2520011,252001,1,355,EquipmentSkillItem,0
5097,2520011,252001,1,356,EquipmentSkillItem,0
5098,2520011,252001,1,357,EquipmentSkillItem,0
5099,2520011,252001,1,358,EquipmentSkillItem,0
5100,2520011,252001,1,359,EquipmentSkillItem,0
5101,2520011,252001,1,360,EquipmentSkillItem,0
5102,2520011,252001,1,361,EquipmentSkillItem,0
5103,2520011,252001,1,362,EquipmentSkillItem,0
5104,2520011,252001,1,363,EquipmentSkillItem,0
5105,2520011,252001,1,364,EquipmentSkillItem,0
5106,2520011,252001,1,365,EquipmentSkillItem,0
5107,2520011,252001,1,366,EquipmentSkillItem,0
5108,2520011,252001,1,367,EquipmentSkillItem,0
5109,2520011,252001,1,368,EquipmentSkillItem,0
5110,2520011,252001,1,369,EquipmentSkillItem,0
5111,2520011,252001,1,373,EquipmentSkillItem,0
5112,2520011,252001,1,374,EquipmentSkillItem,0
5113,2520011,252001,1,375,EquipmentSkillItem,0
5114,2520011,252001,1,378,EquipmentSkillItem,0
5115,2520011,252001,1,379,EquipmentSkillItem,0
5116,2520011,252001,1,380,EquipmentSkillItem,0
5117,2520011,252001,1,381,EquipmentSkillItem,0
5118,2520011,252001,1,382,EquipmentSkillItem,0
5119,2520011,252001,1,383,EquipmentSkillItem,0
5120,2520011,252001,1,384,EquipmentSkillItem,0
5121,2520011,252001,1,385,EquipmentSkillItem,0
5122,2520011,252001,1,386,EquipmentSkillItem,0
5123,2520011,252001,1,387,EquipmentSkillItem,0
5124,2520011,252001,1,388,EquipmentSkillItem,0
5125,2520011,252001,1,389,EquipmentSkillItem,0
5126,2520011,252001,1,390,EquipmentSkillItem,0
5127,2520011,252001,1,391,EquipmentSkillItem,0
5128,2520011,252001,1,392,EquipmentSkillItem,0
5129,2520011,252001,1,393,EquipmentSkillItem,0
5130,2520011,252001,1,394,EquipmentSkillItem,0
5131,2520011,252001,1,398,EquipmentSkillItem,0
5132,2520011,252001,1,399,EquipmentSkillItem,0
5133,2520011,252001,1,400,EquipmentSkillItem,0
5134,2520011,252001,1,403,EquipmentSkillItem,0
5135,2520011,252001,1,404,EquipmentSkillItem,0
5136,2520011,252001,1,405,EquipmentSkillItem,0
5137,2520011,252001,1,406,EquipmentSkillItem,0
5138,2520011,252001,1,407,EquipmentSkillItem,0
5139,2520011,252001,1,408,EquipmentSkillItem,0
5140,2520011,252001,1,409,EquipmentSkillItem,0
5141,2520011,252001,1,410,EquipmentSkillItem,0
5142,2520011,252001,1,411,EquipmentSkillItem,0
5143,2520011,252001,1,412,EquipmentSkillItem,0
5144,2520011,252001,1,413,EquipmentSkillItem,0
5145,2520011,252001,1,414,EquipmentSkillItem,0
5146,2520011,252001,1,415,EquipmentSkillItem,0
5147,2520011,252001,1,416,EquipmentSkillItem,0
5148,2520011,252001,1,417,EquipmentSkillItem,0
5149,2520011,252001,1,418,EquipmentSkillItem,0
5150,2520011,252001,1,419,EquipmentSkillItem,0
5151,2520011,252001,1,423,EquipmentSkillItem,0
5152,2520011,252001,1,424,EquipmentSkillItem,0
5153,2520011,252001,1,425,EquipmentSkillItem,0
5154,2520011,252001,1,428,EquipmentSkillItem,0
5155,2520011,252001,1,429,EquipmentSkillItem,0
5156,2520011,252001,1,430,EquipmentSkillItem,0
5157,2520011,252001,1,431,EquipmentSkillItem,0
5158,2520011,252001,1,432,EquipmentSkillItem,0
5159,2520011,252001,1,433,EquipmentSkillItem,0
5160,2520011,252001,1,434,EquipmentSkillItem,0
5161,2520011,252001,1,435,EquipmentSkillItem,0
5162,2520011,252001,1,436,EquipmentSkillItem,0
5163,2520011,252001,1,437,EquipmentSkillItem,0
5164,2520011,252001,1,438,EquipmentSkillItem,0
5165,2520011,252001,1,439,EquipmentSkillItem,0
5166,2520011,252001,1,440,EquipmentSkillItem,0
5167,2520011,252001,1,441,EquipmentSkillItem,0
5168,2520011,252001,1,442,EquipmentSkillItem,0
5169,2520011,252001,1,443,EquipmentSkillItem,0
5170,2520011,252001,1,444,EquipmentSkillItem,0
5171,2520011,252001,1,448,EquipmentSkillItem,0
5172,2520011,252001,1,449,EquipmentSkillItem,0
5173,2520011,252001,1,450,EquipmentSkillItem,0
5174,2520011,252001,1,453,EquipmentSkillItem,0
5175,2520011,252001,1,454,EquipmentSkillItem,0
5176,2520011,252001,1,455,EquipmentSkillItem,0
5177,2520011,252001,1,456,EquipmentSkillItem,0
5178,2520011,252001,1,457,EquipmentSkillItem,0
5179,2520011,252001,1,458,EquipmentSkillItem,0
5180,2520011,252001,1,459,EquipmentSkillItem,0
5181,2520011,252001,1,460,EquipmentSkillItem,0
5182,2520011,252001,1,461,EquipmentSkillItem,0
5183,2520011,252001,1,462,EquipmentSkillItem,0
5184,2520011,252001,1,463,EquipmentSkillItem,0
5185,2520011,252001,1,464,EquipmentSkillItem,0
5186,2520011,252001,1,465,EquipmentSkillItem,0
5187,2520011,252001,1,466,EquipmentSkillItem,0
5188,2520011,252001,1,467,EquipmentSkillItem,0
5189,2520011,252001,1,468,EquipmentSkillItem,0
5190,2520011,252001,1,469,EquipmentSkillItem,0
5191,2520011,252001,1,473,EquipmentSkillItem,0
5192,2520011,252001,1,474,EquipmentSkillItem,0
5193,2520011,252001,1,475,EquipmentSkillItem,0
5194,2520011,252001,1,478,EquipmentSkillItem,0
5195,2520011,252001,1,479,EquipmentSkillItem,0
5196,2520011,252001,1,480,EquipmentSkillItem,0
5197,2520011,252001,1,481,EquipmentSkillItem,0
5198,2520011,252001,1,482,EquipmentSkillItem,0
5199,2520011,252001,1,483,EquipmentSkillItem,0
5200,2520011,252001,1,484,EquipmentSkillItem,0
5201,2520011,252001,1,485,EquipmentSkillItem,0
5202,2520011,252001,1,486,EquipmentSkillItem,0
5203,2520011,252001,1,487,EquipmentSkillItem,0
5204,2520011,252001,1,488,EquipmentSkillItem,0
5205,2520011,252001,1,489,EquipmentSkillItem,0
5206,2520011,252001,1,490,EquipmentSkillItem,0
5207,2520011,252001,1,491,EquipmentSkillItem,0
5208,2520011,252001,1,492,EquipmentSkillItem,0
5209,2520011,252001,1,493,EquipmentSkillItem,0
5210,2520011,252001,1,494,EquipmentSkillItem,0
5211,2520011,252001,1,498,EquipmentSkillItem,0
5212,2520011,252001,1,499,EquipmentSkillItem,0
5213,2520011,252001,1,500,EquipmentSkillItem,0
5214,2520011,252001,1,503,EquipmentSkillItem,0
5215,2520011,252001,1,504,EquipmentSkillItem,0
5216,2520011,252001,1,505,EquipmentSkillItem,0
5217,2520011,252001,1,506,EquipmentSkillItem,0
5218,2520011,252001,1,507,EquipmentSkillItem,0
5219,2520011,252001,1,508,EquipmentSkillItem,0
5220,2520011,252001,1,509,EquipmentSkillItem,0
5221,2520011,252001,1,510,EquipmentSkillItem,0
5222,2520011,252001,1,511,EquipmentSkillItem,0
5223,2520011,252001,1,512,EquipmentSkillItem,0
5224,2520011,252001,1,513,EquipmentSkillItem,0
5225,2520011,252001,1,514,EquipmentSkillItem,0
5226,2520011,252001,1,515,EquipmentSkillItem,0
5227,2520011,252001,1,516,EquipmentSkillItem,0
5228,2520011,252001,1,517,EquipmentSkillItem,0
5229,2520011,252001,1,518,EquipmentSkillItem,0
5230,2520011,252001,1,519,EquipmentSkillItem,0
5231,2520011,252001,1,523,EquipmentSkillItem,0
5232,2520011,252001,1,524,EquipmentSkillItem,0
5233,2520011,252001,1,525,EquipmentSkillItem,0
5234,2520011,252001,1,528,EquipmentSkillItem,0
5235,2520011,252001,1,529,EquipmentSkillItem,0
5236,2520011,252001,1,530,EquipmentSkillItem,0
5237,2520011,252001,1,531,EquipmentSkillItem,0
5238,2520011,252001,1,532,EquipmentSkillItem,0
5239,2520011,252001,1,533,EquipmentSkillItem,0
5240,2520011,252001,1,534,EquipmentSkillItem,0
5241,2520011,252001,1,535,EquipmentSkillItem,0
5242,2520011,252001,1,536,EquipmentSkillItem,0
5243,2520011,252001,1,537,EquipmentSkillItem,0
5244,2520011,252001,1,538,EquipmentSkillItem,0
5245,2520011,252001,1,539,EquipmentSkillItem,0
5246,2520011,252001,1,540,EquipmentSkillItem,0
5247,2520011,252001,1,541,EquipmentSkillItem,0
5248,2520011,252001,1,542,EquipmentSkillItem,0
5249,2520011,252001,1,543,EquipmentSkillItem,0
5250,2520011,252001,1,544,EquipmentSkillItem,0
5251,2520011,252001,1,548,EquipmentSkillItem,0
5252,2520011,252001,1,549,EquipmentSkillItem,0
5253,2520011,252001,1,550,EquipmentSkillItem,0
5254,2520011,252001,1,553,EquipmentSkillItem,0
5255,2520011,252001,1,554,EquipmentSkillItem,0
5256,2520011,252001,1,555,EquipmentSkillItem,0
5257,2520011,252001,1,556,EquipmentSkillItem,0
5258,2520011,252001,1,557,EquipmentSkillItem,0
5259,2520011,252001,1,558,EquipmentSkillItem,0
5260,2520011,252001,1,559,EquipmentSkillItem,0
5261,2520011,252001,1,560,EquipmentSkillItem,0
5262,2520011,252001,1,561,EquipmentSkillItem,0
5263,2520011,252001,1,562,EquipmentSkillItem,0
5264,2520011,252001,1,563,EquipmentSkillItem,0
5265,2520011,252001,1,564,EquipmentSkillItem,0
5266,2520011,252001,1,565,EquipmentSkillItem,0
5267,2520011,252001,1,566,EquipmentSkillItem,0
5268,2520011,252001,1,567,EquipmentSkillItem,0
5269,2520011,252001,1,568,EquipmentSkillItem,0
5270,2520011,252001,1,569,EquipmentSkillItem,0
5271,2520011,252001,1,573,EquipmentSkillItem,0
5272,2520011,252001,1,574,EquipmentSkillItem,0
5273,2520011,252001,1,575,EquipmentSkillItem,0
5274,2520011,252001,1,578,EquipmentSkillItem,0
5275,2520011,252001,1,579,EquipmentSkillItem,0
5276,2520011,252001,1,580,EquipmentSkillItem,0
5277,2520011,252001,1,581,EquipmentSkillItem,0
5278,2520011,252001,1,582,EquipmentSkillItem,0
5279,2520011,252001,1,583,EquipmentSkillItem,0
5280,2520011,252001,1,584,EquipmentSkillItem,0
5281,2520011,252001,1,585,EquipmentSkillItem,0
5282,2520011,252001,1,586,EquipmentSkillItem,0
5283,2520011,252001,1,587,EquipmentSkillItem,0
5284,2520011,252001,1,588,EquipmentSkillItem,0
5285,2520011,252001,1,589,EquipmentSkillItem,0
5286,2520011,252001,1,590,EquipmentSkillItem,0
5287,2520011,252001,1,591,EquipmentSkillItem,0
5288,2520011,252001,1,592,EquipmentSkillItem,0
5289,2520011,252001,1,593,EquipmentSkillItem,0
5290,2520011,252001,1,594,EquipmentSkillItem,0
5291,2520011,252001,1,598,EquipmentSkillItem,0
5292,2520011,252001,1,599,EquipmentSkillItem,0
5293,2520011,252001,1,600,EquipmentSkillItem,0
5294,2520011,252001,1,603,EquipmentSkillItem,0
5295,2520011,252001,1,604,EquipmentSkillItem,0
5296,2520011,252001,1,605,EquipmentSkillItem,0
5297,2520011,252001,1,606,EquipmentSkillItem,0
5298,2520011,252001,1,607,EquipmentSkillItem,0
5299,2520011,252001,1,608,EquipmentSkillItem,0
5300,2520011,252001,1,609,EquipmentSkillItem,0
5301,2520011,252001,1,610,EquipmentSkillItem,0
5302,2520011,252001,1,611,EquipmentSkillItem,0
5303,2520011,252001,1,612,EquipmentSkillItem,0
5304,2520011,252001,1,613,EquipmentSkillItem,0
5305,2520011,252001,1,614,EquipmentSkillItem,0
5306,2520011,252001,1,615,EquipmentSkillItem,0
5307,2520011,252001,1,616,EquipmentSkillItem,0
5308,2520011,252001,1,617,EquipmentSkillItem,0
5309,2520011,252001,1,618,EquipmentSkillItem,0
5310,2520011,252001,1,619,EquipmentSkillItem,0
5311,2520011,252001,1,623,EquipmentSkillItem,0
5312,2520011,252001,1,624,EquipmentSkillItem,0
5313,2520011,252001,1,625,EquipmentSkillItem,0
5314,2520011,252001,1,628,EquipmentSkillItem,0
5315,2520011,252001,1,629,EquipmentSkillItem,0
5316,2520011,252001,1,630,EquipmentSkillItem,0
5317,2520011,252001,1,631,EquipmentSkillItem,0
5318,2520011,252001,1,632,EquipmentSkillItem,0
5319,2520011,252001,1,633,EquipmentSkillItem,0
5320,2520011,252001,1,634,EquipmentSkillItem,0
5321,2520011,252001,1,635,EquipmentSkillItem,0
5322,2520011,252001,1,636,EquipmentSkillItem,0
5323,2520011,252001,1,637,EquipmentSkillItem,0
5324,2520011,252001,1,638,EquipmentSkillItem,0
5325,2520011,252001,1,639,EquipmentSkillItem,0
5326,2520011,252001,1,640,EquipmentSkillItem,0
5327,2520011,252001,1,641,EquipmentSkillItem,0
5328,2520011,252001,1,642,EquipmentSkillItem,0
5329,2520011,252001,1,643,EquipmentSkillItem,0
5330,2520011,252001,1,644,EquipmentSkillItem,0
5331,2520011,252001,1,648,EquipmentSkillItem,0
5332,2520011,252001,1,649,EquipmentSkillItem,0
5333,2520011,252001,1,650,EquipmentSkillItem,0
5334,2520011,252001,1,653,EquipmentSkillItem,0
5335,2520011,252001,1,654,EquipmentSkillItem,0
5336,2520011,252001,1,655,EquipmentSkillItem,0
5337,2520011,252001,1,656,EquipmentSkillItem,0
5338,2520011,252001,1,657,EquipmentSkillItem,0
5339,2520011,252001,1,658,EquipmentSkillItem,0
5340,2520011,252001,1,659,EquipmentSkillItem,0
5341,2520011,252001,1,660,EquipmentSkillItem,0
5342,2520011,252001,1,661,EquipmentSkillItem,0
5343,2520011,252001,1,662,EquipmentSkillItem,0
5344,2520011,252001,1,663,EquipmentSkillItem,0
5345,2520011,252001,1,664,EquipmentSkillItem,0
5346,2520011,252001,1,665,EquipmentSkillItem,0
5347,2520011,252001,1,666,EquipmentSkillItem,0
5348,2520011,252001,1,667,EquipmentSkillItem,0
5349,2520011,252001,1,668,EquipmentSkillItem,0
5350,2520011,252001,1,669,EquipmentSkillItem,0
5351,2520011,252001,1,673,EquipmentSkillItem,0
5352,2520011,252001,1,674,EquipmentSkillItem,0
5353,2520011,252001,1,675,EquipmentSkillItem,0
5354,2520011,252001,1,678,EquipmentSkillItem,0
5355,2520011,252001,1,679,EquipmentSkillItem,0
5356,2520011,252001,1,680,EquipmentSkillItem,0
5357,2520011,252001,1,681,EquipmentSkillItem,0
5358,2520011,252001,1,682,EquipmentSkillItem,0
5359,2520011,252001,1,683,EquipmentSkillItem,0
5360,2520011,252001,1,684,EquipmentSkillItem,0
5361,2520011,252001,1,685,EquipmentSkillItem,0
5362,2520011,252001,1,686,EquipmentSkillItem,0
5363,2520011,252001,1,687,EquipmentSkillItem,0
5364,2520011,252001,1,688,EquipmentSkillItem,0
5365,2520011,252001,1,689,EquipmentSkillItem,0
5366,2520011,252001,1,690,EquipmentSkillItem,0
5367,2520011,252001,1,691,EquipmentSkillItem,0
5368,2520011,252001,1,692,EquipmentSkillItem,0
5369,2520011,252001,1,693,EquipmentSkillItem,0
5370,2520011,252001,1,694,EquipmentSkillItem,0
5371,2520011,252001,1,698,EquipmentSkillItem,0
5372,2520011,252001,1,699,EquipmentSkillItem,0
5373,2520011,252001,1,700,EquipmentSkillItem,0
5374,2520011,252001,1,703,EquipmentSkillItem,0
5375,2520011,252001,1,704,EquipmentSkillItem,0
5376,2520011,252001,1,705,EquipmentSkillItem,0
5377,2520011,252001,1,706,EquipmentSkillItem,0
5378,2520011,252001,1,707,EquipmentSkillItem,0
5379,2520011,252001,1,708,EquipmentSkillItem,0
5380,2520011,252001,1,709,EquipmentSkillItem,0
5381,2520011,252001,1,710,EquipmentSkillItem,0
5382,2520011,252001,1,711,EquipmentSkillItem,0
5383,2520011,252001,1,712,EquipmentSkillItem,0
5384,2520011,252001,1,713,EquipmentSkillItem,0
5385,2520011,252001,1,714,EquipmentSkillItem,0
5386,2520011,252001,1,715,EquipmentSkillItem,0
5387,2520011,252001,1,716,EquipmentSkillItem,0
5388,2520011,252001,1,717,EquipmentSkillItem,0
5389,2520011,252001,1,718,EquipmentSkillItem,0
5390,2520011,252001,1,719,EquipmentSkillItem,0
5391,2520011,252001,1,723,EquipmentSkillItem,0
5392,2520011,252001,1,724,EquipmentSkillItem,0
5393,2520011,252001,1,725,EquipmentSkillItem,0
5394,2520011,252001,1,728,EquipmentSkillItem,0
5395,2520011,252001,1,729,EquipmentSkillItem,0
5396,2520011,252001,1,730,EquipmentSkillItem,0
5397,2520011,252001,1,731,EquipmentSkillItem,0
5398,2520011,252001,1,732,EquipmentSkillItem,0
5399,2520011,252001,1,733,EquipmentSkillItem,0
5400,2520011,252001,1,734,EquipmentSkillItem,0
5401,2520011,252001,1,735,EquipmentSkillItem,0
5402,2520011,252001,1,736,EquipmentSkillItem,0
5403,2520011,252001,1,737,EquipmentSkillItem,0
5404,2520011,252001,1,738,EquipmentSkillItem,0
5405,2520011,252001,1,739,EquipmentSkillItem,0
5406,2520011,252001,1,740,EquipmentSkillItem,0
5407,2520011,252001,1,741,EquipmentSkillItem,0
5408,2520011,252001,1,742,EquipmentSkillItem,0
5409,2520011,252001,1,743,EquipmentSkillItem,0
5410,2520011,252001,1,744,EquipmentSkillItem,0
5411,2520011,252001,1,748,EquipmentSkillItem,0
5412,2520011,252001,1,749,EquipmentSkillItem,0
5413,2520011,252001,1,750,EquipmentSkillItem,0
5414,2520011,252001,1,753,EquipmentSkillItem,0
5415,2520011,252001,1,754,EquipmentSkillItem,0
5416,2520011,252001,1,755,EquipmentSkillItem,0
5417,2520011,252001,1,756,EquipmentSkillItem,0
5418,2520011,252001,1,757,EquipmentSkillItem,0
5419,2520011,252001,1,758,EquipmentSkillItem,0
5420,2520011,252001,1,759,EquipmentSkillItem,0
5421,2520011,252001,1,760,EquipmentSkillItem,0
5422,2520011,252001,1,761,EquipmentSkillItem,0
5423,2520011,252001,1,762,EquipmentSkillItem,0
5424,2520011,252001,1,763,EquipmentSkillItem,0
5425,2520011,252001,1,764,EquipmentSkillItem,0
5426,2520011,252001,1,765,EquipmentSkillItem,0
5427,2520011,252001,1,766,EquipmentSkillItem,0
5428,2520011,252001,1,767,EquipmentSkillItem,0
5429,2520011,252001,1,768,EquipmentSkillItem,0
5430,2520011,252001,1,769,EquipmentSkillItem,0
5431,2520011,252001,1,773,EquipmentSkillItem,0
5432,2520011,252001,1,774,EquipmentSkillItem,0
5433,2520011,252001,1,775,EquipmentSkillItem,0
5434,2520011,252001,1,778,EquipmentSkillItem,0
5435,2520011,252001,1,779,EquipmentSkillItem,0
5436,2520011,252001,1,780,EquipmentSkillItem,0
5437,2520011,252001,1,781,EquipmentSkillItem,0
5438,2520011,252001,1,782,EquipmentSkillItem,0
5439,2520011,252001,1,783,EquipmentSkillItem,0
5440,2520011,252001,1,784,EquipmentSkillItem,0
5441,2520011,252001,1,785,EquipmentSkillItem,0
5442,2520011,252001,1,786,EquipmentSkillItem,0
5443,2520011,252001,1,787,EquipmentSkillItem,0
5444,2520011,252001,1,788,EquipmentSkillItem,0
5445,2520011,252001,1,789,EquipmentSkillItem,0
5446,2520011,252001,1,790,EquipmentSkillItem,0
5447,2520011,252001,1,791,EquipmentSkillItem,0
5448,2520011,252001,1,792,EquipmentSkillItem,0
5449,2520011,252001,1,793,EquipmentSkillItem,0
5450,2520011,252001,1,794,EquipmentSkillItem,0
5451,2520011,252001,1,798,EquipmentSkillItem,0
5452,2520011,252001,1,799,EquipmentSkillItem,0
5453,2520011,252001,1,800,EquipmentSkillItem,0
5454,2520011,252001,1,803,EquipmentSkillItem,0
5455,2520011,252001,1,804,EquipmentSkillItem,0
5456,2520011,252001,1,805,EquipmentSkillItem,0
5457,2520011,252001,1,806,EquipmentSkillItem,0
5458,2520011,252001,1,807,EquipmentSkillItem,0
5459,2520011,252001,1,808,EquipmentSkillItem,0
5460,2520011,252001,1,809,EquipmentSkillItem,0
5461,2520011,252001,1,810,EquipmentSkillItem,0
5462,2520011,252001,1,811,EquipmentSkillItem,0
5463,2520011,252001,1,812,EquipmentSkillItem,0
5464,2520011,252001,1,813,EquipmentSkillItem,0
5465,2520011,252001,1,814,EquipmentSkillItem,0
5466,2520011,252001,1,815,EquipmentSkillItem,0
5467,2520011,252001,1,816,EquipmentSkillItem,0
5468,2520011,252001,1,817,EquipmentSkillItem,0
5469,2520011,252001,1,818,EquipmentSkillItem,0
5470,2520011,252001,1,819,EquipmentSkillItem,0
5471,2520011,252001,1,823,EquipmentSkillItem,0
5472,2520011,252001,1,824,EquipmentSkillItem,0
5473,2520011,252001,1,825,EquipmentSkillItem,0
5474,2520011,252001,1,828,EquipmentSkillItem,0
5475,2520011,252001,1,829,EquipmentSkillItem,0
5476,2520011,252001,1,830,EquipmentSkillItem,0
5477,2520011,252001,1,831,EquipmentSkillItem,0
5478,2520011,252001,1,832,EquipmentSkillItem,0
5479,2520011,252001,1,833,EquipmentSkillItem,0
5480,2520011,252001,1,834,EquipmentSkillItem,0
5481,2520011,252001,1,835,EquipmentSkillItem,0
5482,2520011,252001,1,836,EquipmentSkillItem,0
5483,2520011,252001,1,837,EquipmentSkillItem,0
5484,2520011,252001,1,838,EquipmentSkillItem,0
5485,2520011,252001,1,839,EquipmentSkillItem,0
5486,2520011,252001,1,840,EquipmentSkillItem,0
5487,2520011,252001,1,841,EquipmentSkillItem,0
5488,2520011,252001,1,842,EquipmentSkillItem,0
5489,2520011,252001,1,843,EquipmentSkillItem,0
5490,2520011,252001,1,844,EquipmentSkillItem,0
5491,2530011,253001,1,1900,SupportItem,0
5492,2530011,253001,1,1901,SupportItem,0
5493,2530011,253001,1,1902,SupportItem,0
5494,2530011,253001,1,15201,SupportItem,0
5495,2530011,253001,1,21601,SupportItem,0
5496,2530011,253001,1,33701,SupportItem,0
5497,2530011,253001,1,35501,SupportItem,0
5498,2530011,253001,1,35502,SupportItem,0
5499,2530011,253001,1,17501,SupportItem,0
5500,2530011,253001,1,39701,SupportItem,0
5501,2530012,253001,1,1700,SupportItem,0
5502,2530012,253001,1,32301,SupportItem,0
5503,2530012,253001,1,30502,SupportItem,0
5504,2530012,253001,1,33001,SupportItem,0
5505,2530012,253001,1,32101,SupportItem,0
5506,2530012,253001,1,32102,SupportItem,0
5507,2530012,253001,1,31502,SupportItem,0
5508,2530012,253001,1,30505,SupportItem,0
5509,2540011,254001,1,8,TrainingField,0
5510,2540011,254001,1,900,TrainingItem,0
5511,2540011,254001,1,901,TrainingItem,0
5512,2540011,254001,1,902,TrainingItem,0
5513,2540011,254001,1,903,TrainingItem,0
5514,2540011,254001,1,904,TrainingItem,0
5515,2540011,254001,1,1002630,Card,765122
5516,2550011,255001,1,19,PotentialItem,0
5517,2550011,255001,1,20,PotentialItem,0
5518,2550011,255001,1,21,PotentialItem,0
5519,2550011,255001,1,1011420,Card,0
5520,2550011,255001,1,15001,AwakeningItem,0
5521,2560011,256001,0,1002630,Card,765122
5522,2560021,256002,0,1002630,Card,765122
5523,2570011,257001,0,6,SupportItem,0
5524,2590011,259001,1,2387,EquipmentSkillItem,0
5525,2590011,259001,1,2388,EquipmentSkillItem,0
5526,2590011,259001,1,2389,EquipmentSkillItem,0
5527,2590011,259001,1,2390,EquipmentSkillItem,0
5528,2590011,259001,1,2391,EquipmentSkillItem,0
5529,2590011,259001,1,2392,EquipmentSkillItem,0
5530,2590011,259001,1,2393,EquipmentSkillItem,0
5531,2590011,259001,1,2394,EquipmentSkillItem,0
5532,2590011,259001,1,2395,EquipmentSkillItem,0
5533,2590011,259001,1,2396,EquipmentSkillItem,0
5534,2590011,259001,1,2397,EquipmentSkillItem,0
5535,2590011,259001,1,2398,EquipmentSkillItem,0
5536,2590011,259001,1,2399,EquipmentSkillItem,0
5537,2590011,259001,1,2400,EquipmentSkillItem,0
5538,2590011,259001,1,2401,EquipmentSkillItem,0
5539,2590011,259001,1,2402,EquipmentSkillItem,0
5540,2590011,259001,1,2403,EquipmentSkillItem,0
5541,2590011,259001,1,2404,EquipmentSkillItem,0
5542,2590011,259001,1,2405,EquipmentSkillItem,0
5543,2590011,259001,1,2406,EquipmentSkillItem,0
5544,2590011,259001,1,2407,EquipmentSkillItem,0
5545,2590011,259001,1,2408,EquipmentSkillItem,0
5546,2590011,259001,1,2409,EquipmentSkillItem,0
5547,2590011,259001,1,2410,EquipmentSkillItem,0
5548,2590011,259001,1,2411,EquipmentSkillItem,0
5549,2590011,259001,1,2412,EquipmentSkillItem,0
5550,2590011,259001,1,2413,EquipmentSkillItem,0
5551,2590011,259001,1,2414,EquipmentSkillItem,0
5552,2590011,259001,1,2415,EquipmentSkillItem,0
5553,2590011,259001,1,2416,EquipmentSkillItem,0
5554,2590011,259001,1,2417,EquipmentSkillItem,0
5555,2590011,259001,1,2418,EquipmentSkillItem,0
5556,2590011,259001,1,2419,EquipmentSkillItem,0
5557,2590011,259001,1,2420,EquipmentSkillItem,0
5558,2590011,259001,1,2421,EquipmentSkillItem,0
5559,2590011,259001,1,2422,EquipmentSkillItem,0
5560,2590011,259001,1,2423,EquipmentSkillItem,0
5561,2590011,259001,1,2424,EquipmentSkillItem,0
5562,2620011,262001,0,1013400,Card,0
5563,2620012,262001,0,1003970,Card,0
5564,2630011,263001,1,2429,EquipmentSkillItem,0
5565,2630011,263001,1,2430,EquipmentSkillItem,0
5566,2630011,263001,1,2431,EquipmentSkillItem,0
5567,2630011,263001,1,2432,EquipmentSkillItem,0
5568,2630011,263001,1,2433,EquipmentSkillItem,0
5569,2630011,263001,1,2434,EquipmentSkillItem,0
5570,2630011,263001,1,2435,EquipmentSkillItem,0
5571,2630011,263001,1,2436,EquipmentSkillItem,0
5572,2630011,263001,1,2437,EquipmentSkillItem,0
5573,2630011,263001,1,2438,EquipmentSkillItem,0
5574,2630011,263001,1,2439,EquipmentSkillItem,0
5575,2630011,263001,1,2440,EquipmentSkillItem,0
5576,2630011,263001,1,2441,EquipmentSkillItem,0
5577,2630011,263001,1,2442,EquipmentSkillItem,0
5578,2630011,263001,1,2443,EquipmentSkillItem,0
5579,2630011,263001,1,2444,EquipmentSkillItem,0
5580,2630011,263001,1,2445,EquipmentSkillItem,0
5581,2630011,263001,1,2446,EquipmentSkillItem,0
5582,2630011,263001,1,2447,EquipmentSkillItem,0
5583,2630011,263001,1,2448,EquipmentSkillItem,0
5584,2630011,263001,1,2449,EquipmentSkillItem,0
5585,2630011,263001,1,2450,EquipmentSkillItem,0
5586,2630011,263001,1,2451,EquipmentSkillItem,0
5587,2630011,263001,1,2452,EquipmentSkillItem,0
5588,2630011,263001,1,2453,EquipmentSkillItem,0
5589,2630011,263001,1,2454,EquipmentSkillItem,0
5590,2630011,263001,1,2455,EquipmentSkillItem,0
5591,2630011,263001,1,2456,EquipmentSkillItem,0
5592,2630011,263001,1,2457,EquipmentSkillItem,0
5593,2630011,263001,1,2458,EquipmentSkillItem,0
5594,2630011,263001,1,2459,EquipmentSkillItem,0
5595,2630011,263001,1,2460,EquipmentSkillItem,0
5596,2630011,263001,1,2461,EquipmentSkillItem,0
5597,2630011,263001,1,2462,EquipmentSkillItem,0
5598,2630011,263001,1,2463,EquipmentSkillItem,0
5599,2630011,263001,1,2464,EquipmentSkillItem,0
5600,2630011,263001,1,2465,EquipmentSkillItem,0
5601,2630011,263001,1,2466,EquipmentSkillItem,0
5602,2640011,264001,1,1027930,Card,0
5603,2640011,264001,1,9102,TrainingItem,0
5604,2640021,264002,1,26401,AwakeningItem,0
5605,2650011,265001,0,1003970,Card,0
5606,2660010,266001,1,1027790,Card,0
5607,2660010,266001,1,603,TrainingItem,0
5608,2660012,266001,1,1027790,Card,0
5609,2660012,266001,1,803,TrainingItem,0
5610,2660020,266002,1,26601,AwakeningItem,0
5611,2660022,266002,1,26601,AwakeningItem,0
5612,2670011,267001,0,2,LinkSkillLvUpItem,0
5613,2670011,267001,0,1,LinkSkillLvUpItem,0
5614,2690010,269001,1,32,TreasureItem,0
5615,2690010,269001,1,8,TrainingField,0
5616,2690012,269001,1,32,TreasureItem,0
5617,2690012,269001,1,6,TrainingField,0
5618,2700011,270001,0,1003970,Card,0
5619,2710011,271001,1,2832,EquipmentSkillItem,0
5620,2710011,271001,1,2833,EquipmentSkillItem,0
5621,2710011,271001,1,2834,EquipmentSkillItem,0
5622,2710011,271001,1,2835,EquipmentSkillItem,0
5623,2710011,271001,1,2836,EquipmentSkillItem,0
5624,2710011,271001,1,2837,EquipmentSkillItem,0
5625,2710011,271001,1,2838,EquipmentSkillItem,0
5626,2710011,271001,1,2839,EquipmentSkillItem,0
5627,2710011,271001,1,2840,EquipmentSkillItem,0
5628,2710011,271001,1,2841,EquipmentSkillItem,0
5629,2710011,271001,1,2842,EquipmentSkillItem,0
5630,2710011,271001,1,2843,EquipmentSkillItem,0
5631,2710011,271001,1,2844,EquipmentSkillItem,0
5632,2710011,271001,1,2845,EquipmentSkillItem,0
5633,2710011,271001,1,2846,EquipmentSkillItem,0
5634,2710011,271001,1,2847,EquipmentSkillItem,0
5635,2710011,271001,1,2848,EquipmentSkillItem,0
5636,2710011,271001,1,2849,EquipmentSkillItem,0
5637,2710011,271001,1,2850,EquipmentSkillItem,0
5638,2710011,271001,1,2851,EquipmentSkillItem,0
5639,2710011,271001,1,2852,EquipmentSkillItem,0
5640,2710011,271001,1,2853,EquipmentSkillItem,0
5641,2710011,271001,1,2854,EquipmentSkillItem,0
5642,2710011,271001,1,2855,EquipmentSkillItem,0
5643,2710011,271001,1,2856,EquipmentSkillItem,0
5644,2710011,271001,1,2857,EquipmentSkillItem,0
5645,2710011,271001,1,2858,EquipmentSkillItem,0
5646,2710011,271001,1,2859,EquipmentSkillItem,0
5647,2710011,271001,1,2860,EquipmentSkillItem,0
5648,2710011,271001,1,2861,EquipmentSkillItem,0
5649,2710011,271001,1,2862,EquipmentSkillItem,0
5650,2710011,271001,1,2864,EquipmentSkillItem,0
5651,2710011,271001,1,2865,EquipmentSkillItem,0
5652,2710011,271001,1,2866,EquipmentSkillItem,0
5653,2710011,271001,1,2867,EquipmentSkillItem,0
5654,2710011,271001,1,2868,EquipmentSkillItem,0
5655,2720011,272001,0,1005480,Card,765122
5656,2720021,272002,0,1005480,Card,765122
5657,2730011,273001,1,700,TrainingItem,0
5658,2730011,273001,1,701,TrainingItem,0
5659,2730011,273001,1,702,TrainingItem,0
5660,2730011,273001,1,703,TrainingItem,0
5661,2730011,273001,1,704,TrainingItem,0
5662,2730021,273002,1,1002650,Card,11333
5663,2730021,273002,1,1002640,Card,93879
5664,2730021,273002,1,1002630,Card,765122
5665,2730021,273002,1,1005480,Card,765122
5666,2730031,273003,1,40010,SupportMemory,0
5667,2740011,274001,1,2950,EquipmentSkillItem,0
5668,2740011,274001,1,2951,EquipmentSkillItem,0
5669,2740011,274001,1,2952,EquipmentSkillItem,0
5670,2740011,274001,1,2953,EquipmentSkillItem,0
5671,2740011,274001,1,2954,EquipmentSkillItem,0
5672,2740011,274001,1,2955,EquipmentSkillItem,0
5673,2740011,274001,1,2956,EquipmentSkillItem,0
5674,2740011,274001,1,2957,EquipmentSkillItem,0
5675,2740011,274001,1,2958,EquipmentSkillItem,0
5676,2740011,274001,1,2959,EquipmentSkillItem,0
5677,2740011,274001,1,2960,EquipmentSkillItem,0
5678,2740011,274001,1,2961,EquipmentSkillItem,0
5679,2740011,274001,1,2962,EquipmentSkillItem,0
5680,2740011,274001,1,2963,EquipmentSkillItem,0
5681,2740011,274001,1,2964,EquipmentSkillItem,0
5682,2740011,274001,1,2965,EquipmentSkillItem,0
5683,2740011,274001,1,2966,EquipmentSkillItem,0
5684,2740011,274001,1,2967,EquipmentSkillItem,0
5685,2740011,274001,1,2968,EquipmentSkillItem,0
5686,2740011,274001,1,2969,EquipmentSkillItem,0
5687,2740011,274001,1,2970,EquipmentSkillItem,0
5688,2740011,274001,1,2971,EquipmentSkillItem,0
5689,2740011,274001,1,2972,EquipmentSkillItem,0
5690,2740011,274001,1,2973,EquipmentSkillItem,0
5691,2740011,274001,1,2974,EquipmentSkillItem,0
5692,2740011,274001,1,2975,EquipmentSkillItem,0
5693,2740011,274001,1,2976,EquipmentSkillItem,0
5694,2740011,274001,1,2977,EquipmentSkillItem,0
5695,2740011,274001,1,2978,EquipmentSkillItem,0
5696,2740011,274001,1,2979,EquipmentSkillItem,0
5697,2740011,274001,1,2980,EquipmentSkillItem,0
5698,2740011,274001,1,2981,EquipmentSkillItem,0
5699,2740011,274001,1,2982,EquipmentSkillItem,0
5700,2740011,274001,1,2983,EquipmentSkillItem,0
5701,2740011,274001,1,2984,EquipmentSkillItem,0
5702,2740011,274001,1,2985,EquipmentSkillItem,0
5703,2740011,274001,1,2986,EquipmentSkillItem,0
5704,2740011,274001,1,2987,EquipmentSkillItem,0
5705,2740011,274001,1,2988,EquipmentSkillItem,0
5706,2740011,274001,1,2989,EquipmentSkillItem,0
5707,2740011,274001,1,2990,EquipmentSkillItem,0
5708,2740011,274001,1,2991,EquipmentSkillItem,0
5709,2740011,274001,1,2992,EquipmentSkillItem,0
5710,2740011,274001,1,2993,EquipmentSkillItem,0
5711,2740011,274001,1,2994,EquipmentSkillItem,0
5712,2740011,274001,1,2995,EquipmentSkillItem,0
5713,2740011,274001,1,2996,EquipmentSkillItem,0
5714,2740011,274001,1,2997,EquipmentSkillItem,0
5715,2740011,274001,1,2998,EquipmentSkillItem,0
5716,2740011,274001,1,2999,EquipmentSkillItem,0
5717,2740011,274001,1,3000,EquipmentSkillItem,0
5718,2740011,274001,1,3001,EquipmentSkillItem,0
5719,2740011,274001,1,3002,EquipmentSkillItem,0
5720,2740011,274001,1,3003,EquipmentSkillItem,0
5721,2740011,274001,1,3004,EquipmentSkillItem,0
5722,2740011,274001,1,3005,EquipmentSkillItem,0
5723,2740011,274001,1,3006,EquipmentSkillItem,0
5724,2740011,274001,1,3007,EquipmentSkillItem,0
5725,2740011,274001,1,3008,EquipmentSkillItem,0
5726,2740011,274001,1,3009,EquipmentSkillItem,0
5727,2740011,274001,1,3010,EquipmentSkillItem,0
5728,2740011,274001,1,3011,EquipmentSkillItem,0
5729,2740011,274001,1,3012,EquipmentSkillItem,0
5730,2740011,274001,1,3013,EquipmentSkillItem,0
5731,2740011,274001,1,3014,EquipmentSkillItem,0
5732,2740011,274001,1,3015,EquipmentSkillItem,0
5733,2740011,274001,1,3016,EquipmentSkillItem,0
5734,2740011,274001,1,3017,EquipmentSkillItem,0
5735,2740011,274001,1,3018,EquipmentSkillItem,0
5736,2740011,274001,1,3019,EquipmentSkillItem,0
5737,2740011,274001,1,3020,EquipmentSkillItem,0
5738,2740011,274001,1,3021,EquipmentSkillItem,0
5739,2740011,274001,1,3022,EquipmentSkillItem,0
5740,2740011,274001,1,3023,EquipmentSkillItem,0
5741,2740011,274001,1,3024,EquipmentSkillItem,0
5742,2740011,274001,1,3025,EquipmentSkillItem,0
5743,2740011,274001,1,3026,EquipmentSkillItem,0
5744,2740011,274001,1,3027,EquipmentSkillItem,0
5745,2740011,274001,1,3028,EquipmentSkillItem,0
5746,2740011,274001,1,3029,EquipmentSkillItem,0
5747,2740011,274001,1,3030,EquipmentSkillItem,0
5748,2740011,274001,1,3031,EquipmentSkillItem,0
5749,2740011,274001,1,3032,EquipmentSkillItem,0
5750,2740011,274001,1,3033,EquipmentSkillItem,0
5751,2740011,274001,1,3034,EquipmentSkillItem,0
5752,2740011,274001,1,3035,EquipmentSkillItem,0
5753,2740011,274001,1,3036,EquipmentSkillItem,0
5754,2740011,274001,1,3037,EquipmentSkillItem,0
5755,2740011,274001,1,3038,EquipmentSkillItem,0
5756,2740011,274001,1,3039,EquipmentSkillItem,0
5757,2740011,274001,1,3040,EquipmentSkillItem,0
5758,2740011,274001,1,3041,EquipmentSkillItem,0
5759,2740011,274001,1,3042,EquipmentSkillItem,0
5760,2740011,274001,1,3043,EquipmentSkillItem,0
5761,2740011,274001,1,3044,EquipmentSkillItem,0
5762,2740011,274001,1,3045,EquipmentSkillItem,0
5763,2740011,274001,1,3046,EquipmentSkillItem,0
5764,2740011,274001,1,3047,EquipmentSkillItem,0
5765,2740011,274001,1,3048,EquipmentSkillItem,0
5766,2740011,274001,1,3049,EquipmentSkillItem,0
5767,2740011,274001,1,3050,EquipmentSkillItem,0
5768,2740011,274001,1,3051,EquipmentSkillItem,0
5769,2740011,274001,1,3052,EquipmentSkillItem,0
5770,2740011,274001,1,3053,EquipmentSkillItem,0
5771,2740011,274001,1,3054,EquipmentSkillItem,0
5772,2740011,274001,1,3055,EquipmentSkillItem,0
5773,2740011,274001,1,3056,EquipmentSkillItem,0
5774,2740011,274001,1,3057,EquipmentSkillItem,0
5775,2740011,274001,1,3058,EquipmentSkillItem,0
5776,2740011,274001,1,3059,EquipmentSkillItem,0
5777,2740011,274001,1,3060,EquipmentSkillItem,0
5778,2740011,274001,1,3061,EquipmentSkillItem,0
5779,2740011,274001,1,3062,EquipmentSkillItem,0
5780,2740011,274001,1,3063,EquipmentSkillItem,0
5781,2740011,274001,1,3064,EquipmentSkillItem,0
5782,2740011,274001,1,3065,EquipmentSkillItem,0
5783,2740011,274001,1,3066,EquipmentSkillItem,0
5784,2740011,274001,1,3067,EquipmentSkillItem,0
5785,2740011,274001,1,3068,EquipmentSkillItem,0
5786,2740011,274001,1,3069,EquipmentSkillItem,0
5787,2740011,274001,1,3070,EquipmentSkillItem,0
5788,2740011,274001,1,3071,EquipmentSkillItem,0
5789,2740011,274001,1,3072,EquipmentSkillItem,0
5790,2740011,274001,1,3073,EquipmentSkillItem,0
5791,2740011,274001,1,3074,EquipmentSkillItem,0
5792,2740011,274001,1,3075,EquipmentSkillItem,0
5793,2740011,274001,1,3076,EquipmentSkillItem,0
5794,2750012,275001,0,1019160,Card,0
5795,2750022,275002,0,1019190,Card,0
5796,2750032,275003,0,1019080,Card,0
5797,2750042,275004,0,1019230,Card,0
5798,2750052,275005,0,1019210,Card,0
5799,2750062,275006,1,1719,EquipmentSkillItem,0
5800,2750062,275006,1,1720,EquipmentSkillItem,0
5801,2750062,275006,1,1721,EquipmentSkillItem,0
5802,2750062,275006,1,1722,EquipmentSkillItem,0
5803,2750062,275006,1,1723,EquipmentSkillItem,0
5804,2750062,275006,1,1724,EquipmentSkillItem,0
5805,2750062,275006,1,1725,EquipmentSkillItem,0
5806,2750062,275006,1,1726,EquipmentSkillItem,0
5807,2750062,275006,1,1727,EquipmentSkillItem,0
5808,2750062,275006,1,1728,EquipmentSkillItem,0
5809,2750062,275006,1,1729,EquipmentSkillItem,0
5810,2750062,275006,1,1730,EquipmentSkillItem,0
5811,2750062,275006,1,1731,EquipmentSkillItem,0
5812,2750062,275006,1,1732,EquipmentSkillItem,0
5813,2750062,275006,1,1733,EquipmentSkillItem,0
5814,2750062,275006,1,1734,EquipmentSkillItem,0
5815,2750062,275006,1,1735,EquipmentSkillItem,0
5816,2750062,275006,1,1736,EquipmentSkillItem,0
5817,2750062,275006,1,1737,EquipmentSkillItem,0
5818,2750062,275006,1,1738,EquipmentSkillItem,0
5819,2750062,275006,1,1739,EquipmentSkillItem,0
5820,2750062,275006,1,1740,EquipmentSkillItem,0
5821,2750062,275006,1,1741,EquipmentSkillItem,0
5822,2750062,275006,1,1742,EquipmentSkillItem,0
5823,2760012,276001,0,1013040,Card,0
5824,2760022,276002,0,1013060,Card,0
5825,2760032,276003,0,1013080,Card,0
5826,2760042,276004,0,1013020,Card,0
5827,2760052,276005,0,1013000,Card,0
5828,2760062,276006,1,1743,EquipmentSkillItem,0
5829,2760062,276006,1,1744,EquipmentSkillItem,0
5830,2760062,276006,1,1745,EquipmentSkillItem,0
5831,2760062,276006,1,1746,EquipmentSkillItem,0
5832,2760062,276006,1,1747,EquipmentSkillItem,0
5833,2760062,276006,1,1748,EquipmentSkillItem,0
5834,2760062,276006,1,1749,EquipmentSkillItem,0
5835,2760062,276006,1,1750,EquipmentSkillItem,0
5836,2760062,276006,1,1751,EquipmentSkillItem,0
5837,2760062,276006,1,1752,EquipmentSkillItem,0
5838,2760062,276006,1,1753,EquipmentSkillItem,0
5839,2760062,276006,1,1754,EquipmentSkillItem,0
5840,2760062,276006,1,1755,EquipmentSkillItem,0
5841,2760062,276006,1,1756,EquipmentSkillItem,0
5842,2760062,276006,1,1757,EquipmentSkillItem,0
5843,2760062,276006,1,1758,EquipmentSkillItem,0
5844,2760062,276006,1,1759,EquipmentSkillItem,0
5845,2760062,276006,1,1760,EquipmentSkillItem,0
5846,2760062,276006,1,1761,EquipmentSkillItem,0
5847,2760062,276006,1,1762,EquipmentSkillItem,0
5848,2760062,276006,1,1763,EquipmentSkillItem,0
5849,2760062,276006,1,1764,EquipmentSkillItem,0
5850,2760062,276006,1,1765,EquipmentSkillItem,0
5851,2760062,276006,1,1766,EquipmentSkillItem,0
5852,2780011,278001,0,32601,SupportItem,0
5853,2790011,279001,1,4323,EquipmentSkillItem,0
5854,2790011,279001,1,4324,EquipmentSkillItem,0
5855,2790011,279001,1,4325,EquipmentSkillItem,0
5856,2790011,279001,1,4326,EquipmentSkillItem,0
5857,2790011,279001,1,4327,EquipmentSkillItem,0
5858,2790011,279001,1,4328,EquipmentSkillItem,0
5859,2790011,279001,1,4329,EquipmentSkillItem,0
5860,2790011,279001,1,4330,EquipmentSkillItem,0
5861,2790011,279001,1,4331,EquipmentSkillItem,0
5862,2790011,279001,1,4332,EquipmentSkillItem,0
5863,2790011,279001,1,4333,EquipmentSkillItem,0
5864,2790011,279001,1,4334,EquipmentSkillItem,0
5865,2790011,279001,1,4335,EquipmentSkillItem,0
5866,2790011,279001,1,4336,EquipmentSkillItem,0
5867,2790011,279001,1,4337,EquipmentSkillItem,0
5868,2790011,279001,1,4338,EquipmentSkillItem,0
5869,2790011,279001,1,4339,EquipmentSkillItem,0
5870,2790011,279001,1,4340,EquipmentSkillItem,0
5871,2790011,279001,1,4341,EquipmentSkillItem,0
5872,2790011,279001,1,4342,EquipmentSkillItem,0
5873,2790011,279001,1,4343,EquipmentSkillItem,0
5874,2790011,279001,1,4344,EquipmentSkillItem,0
5875,2790011,279001,1,4345,EquipmentSkillItem,0
5876,2790011,279001,1,4346,EquipmentSkillItem,0
5877,2790011,279001,1,4347,EquipmentSkillItem,0
5878,2790011,279001,1,4348,EquipmentSkillItem,0
5879,2790011,279001,1,4349,EquipmentSkillItem,0
5880,2790011,279001,1,4350,EquipmentSkillItem,0
5881,2790011,279001,1,4351,EquipmentSkillItem,0
5882,2790011,279001,1,4352,EquipmentSkillItem,0
5883,2790011,279001,1,4353,EquipmentSkillItem,0
5884,2790011,279001,1,4354,EquipmentSkillItem,0
5885,2790011,279001,1,4355,EquipmentSkillItem,0
5886,2790011,279001,1,4356,EquipmentSkillItem,0
5887,2790011,279001,1,4357,EquipmentSkillItem,0
5888,2810011,281001,1,33,TreasureItem,0
5889,2810011,281001,1,8,TrainingField,0
5890,2810012,281001,1,33,TreasureItem,0
5891,2820011,282001,0,1,LinkSkillLvUpItem,0
5892,2820021,282002,0,1,LinkSkillLvUpItem,0
5893,2830010,283001,1,900,TrainingItem,0
5894,2830010,283001,1,901,TrainingItem,0
5895,2830010,283001,1,902,TrainingItem,0
5896,2830010,283001,1,903,TrainingItem,0
5897,2830010,283001,1,904,TrainingItem,0
5898,2830012,283001,1,900,TrainingItem,0
5899,2830012,283001,1,901,TrainingItem,0
5900,2830012,283001,1,902,TrainingItem,0
5901,2830012,283001,1,903,TrainingItem,0
5902,2830012,283001,1,904,TrainingItem,0
5903,2830020,283002,1,1002650,Card,11333
5904,2830020,283002,1,1002640,Card,93879
5905,2830022,283002,1,1002650,Card,11333
5906,2830022,283002,1,1002640,Card,93879
5907,2830022,283002,1,1002630,Card,765122
5908,2840011,284001,1,1030200,Card,0
5909,2840011,284001,1,9103,TrainingItem,0
5910,2840021,284002,1,28401,AwakeningItem,0
5911,2860011,286001,1,5192,EquipmentSkillItem,0
5912,2860011,286001,1,5193,EquipmentSkillItem,0
5913,2860011,286001,1,5194,EquipmentSkillItem,0
5914,2860011,286001,1,5195,EquipmentSkillItem,0
5915,2860011,286001,1,5196,EquipmentSkillItem,0
5916,2860011,286001,1,5197,EquipmentSkillItem,0
5917,2860011,286001,1,5198,EquipmentSkillItem,0
5918,2860011,286001,1,5199,EquipmentSkillItem,0
5919,2860011,286001,1,5200,EquipmentSkillItem,0
5920,2860011,286001,1,5201,EquipmentSkillItem,0
5921,2860011,286001,1,5202,EquipmentSkillItem,0
5922,2860011,286001,1,5203,EquipmentSkillItem,0
5923,2860011,286001,1,5204,EquipmentSkillItem,0
5924,2860011,286001,1,5205,EquipmentSkillItem,0
5925,2860011,286001,1,5206,EquipmentSkillItem,0
5926,2860011,286001,1,5207,EquipmentSkillItem,0
5927,2860011,286001,1,5208,EquipmentSkillItem,0
5928,2860011,286001,1,5209,EquipmentSkillItem,0
5929,2860011,286001,1,5210,EquipmentSkillItem,0
5930,2860011,286001,1,5211,EquipmentSkillItem,0
5931,2860011,286001,1,5212,EquipmentSkillItem,0
5932,2860011,286001,1,5213,EquipmentSkillItem,0
5933,2860011,286001,1,5214,EquipmentSkillItem,0
5934,2860011,286001,1,5215,EquipmentSkillItem,0
5935,2860011,286001,1,5216,EquipmentSkillItem,0
5936,2860011,286001,1,5217,EquipmentSkillItem,0
5937,2860011,286001,1,5218,EquipmentSkillItem,0
5938,2860011,286001,1,5219,EquipmentSkillItem,0
5939,2860011,286001,1,5220,EquipmentSkillItem,0
5940,2860011,286001,1,5221,EquipmentSkillItem,0
5941,2860011,286001,1,5222,EquipmentSkillItem,0
5942,2860011,286001,1,5223,EquipmentSkillItem,0
5943,2860011,286001,1,5224,EquipmentSkillItem,0
5944,2860011,286001,1,5225,EquipmentSkillItem,0
5945,2860011,286001,1,5226,EquipmentSkillItem,0
5946,2870012,287001,1,36,TreasureItem,0
5947,2870012,287001,1,6,TrainingField,0
5948,2870013,287001,1,36,TreasureItem,0
5949,2870013,287001,1,7,TrainingField,0
5950,2880011,288001,1,5404,EquipmentSkillItem,0
5951,2880011,288001,1,5405,EquipmentSkillItem,0
5952,2880011,288001,1,5406,EquipmentSkillItem,0
5953,2880011,288001,1,5407,EquipmentSkillItem,0
5954,2880011,288001,1,5408,EquipmentSkillItem,0
5955,2880011,288001,1,5409,EquipmentSkillItem,0
5956,2880011,288001,1,5410,EquipmentSkillItem,0
5957,2880011,288001,1,5411,EquipmentSkillItem,0
5958,2880011,288001,1,5412,EquipmentSkillItem,0
5959,2880011,288001,1,5413,EquipmentSkillItem,0
5960,2880011,288001,1,5414,EquipmentSkillItem,0
5961,2880011,288001,1,5415,EquipmentSkillItem,0
5962,2880011,288001,1,5416,EquipmentSkillItem,0
5963,2880011,288001,1,5417,EquipmentSkillItem,0
5964,2880011,288001,1,5418,EquipmentSkillItem,0
5965,2880011,288001,1,5419,EquipmentSkillItem,0
5966,2880011,288001,1,5420,EquipmentSkillItem,0
5967,2880011,288001,1,5421,EquipmentSkillItem,0
5968,2880011,288001,1,5422,EquipmentSkillItem,0
5969,2880011,288001,1,5423,EquipmentSkillItem,0
5970,2880011,288001,1,5424,EquipmentSkillItem,0
5971,2880011,288001,1,5425,EquipmentSkillItem,0
5972,2880011,288001,1,5426,EquipmentSkillItem,0
5973,2880011,288001,1,5427,EquipmentSkillItem,0
5974,2880011,288001,1,5428,EquipmentSkillItem,0
5975,2880011,288001,1,5429,EquipmentSkillItem,0
5976,2880011,288001,1,5430,EquipmentSkillItem,0
5977,2880011,288001,1,5431,EquipmentSkillItem,0
5978,2880011,288001,1,5432,EquipmentSkillItem,0
5979,2880011,288001,1,5433,EquipmentSkillItem,0
5980,2880011,288001,1,5434,EquipmentSkillItem,0
5981,2880011,288001,1,5435,EquipmentSkillItem,0
5982,2880011,288001,1,5436,EquipmentSkillItem,0
5983,2880011,288001,1,5437,EquipmentSkillItem,0
5984,2880011,288001,1,5438,EquipmentSkillItem,0
5985,2880011,288001,1,5369,EquipmentSkillItem,0
5986,2880011,288001,1,5370,EquipmentSkillItem,0
5987,2880011,288001,1,5371,EquipmentSkillItem,0
5988,2880011,288001,1,5372,EquipmentSkillItem,0
5989,2880011,288001,1,5373,EquipmentSkillItem,0
5990,2880011,288001,1,5374,EquipmentSkillItem,0
5991,2880011,288001,1,5375,EquipmentSkillItem,0
5992,2880011,288001,1,5376,EquipmentSkillItem,0
5993,2880011,288001,1,5377,EquipmentSkillItem,0
5994,2880011,288001,1,5378,EquipmentSkillItem,0
5995,2880011,288001,1,5379,EquipmentSkillItem,0
5996,2880011,288001,1,5380,EquipmentSkillItem,0
5997,2880011,288001,1,5381,EquipmentSkillItem,0
5998,2880011,288001,1,5382,EquipmentSkillItem,0
5999,2880011,288001,1,5383,EquipmentSkillItem,0
6000,2880011,288001,1,5384,EquipmentSkillItem,0
6001,2880011,288001,1,5385,EquipmentSkillItem,0
6002,2880011,288001,1,5386,EquipmentSkillItem,0
6003,2880011,288001,1,5387,EquipmentSkillItem,0
6004,2880011,288001,1,5388,EquipmentSkillItem,0
6005,2880011,288001,1,5389,EquipmentSkillItem,0
6006,2880011,288001,1,5390,EquipmentSkillItem,0
6007,2880011,288001,1,5391,EquipmentSkillItem,0
6008,2880011,288001,1,5392,EquipmentSkillItem,0
6009,2880011,288001,1,5393,EquipmentSkillItem,0
6010,2880011,288001,1,5394,EquipmentSkillItem,0
6011,2880011,288001,1,5395,EquipmentSkillItem,0
6012,2880011,288001,1,5396,EquipmentSkillItem,0
6013,2880011,288001,1,5397,EquipmentSkillItem,0
6014,2880011,288001,1,5398,EquipmentSkillItem,0
6015,2880011,288001,1,5399,EquipmentSkillItem,0
6016,2880011,288001,1,5400,EquipmentSkillItem,0
6017,2880011,288001,1,5401,EquipmentSkillItem,0
6018,2880011,288001,1,5402,EquipmentSkillItem,0
6019,2880011,288001,1,5403,EquipmentSkillItem,0
6020,2890011,289001,0,18,AwakeningItem,0
6021,2910012,291001,0,1019160,Card,0
6022,2910022,291002,0,1019190,Card,0
6023,2910032,291003,0,1019080,Card,0
6024,2910042,291004,0,1019230,Card,0
6025,2910052,291005,0,1019210,Card,0
6026,2910062,291006,1,1719,EquipmentSkillItem,0
6027,2910062,291006,1,1720,EquipmentSkillItem,0
6028,2910062,291006,1,1721,EquipmentSkillItem,0
6029,2910062,291006,1,1722,EquipmentSkillItem,0
6030,2910062,291006,1,1723,EquipmentSkillItem,0
6031,2910062,291006,1,1724,EquipmentSkillItem,0
6032,2910062,291006,1,1725,EquipmentSkillItem,0
6033,2910062,291006,1,1726,EquipmentSkillItem,0
6034,2910062,291006,1,1727,EquipmentSkillItem,0
6035,2910062,291006,1,1728,EquipmentSkillItem,0
6036,2910062,291006,1,1729,EquipmentSkillItem,0
6037,2910062,291006,1,1730,EquipmentSkillItem,0
6038,2910062,291006,1,1731,EquipmentSkillItem,0
6039,2910062,291006,1,1732,EquipmentSkillItem,0
6040,2910062,291006,1,1733,EquipmentSkillItem,0
6041,2910062,291006,1,1734,EquipmentSkillItem,0
6042,2910062,291006,1,1735,EquipmentSkillItem,0
6043,2910062,291006,1,1736,EquipmentSkillItem,0
6044,2910062,291006,1,1737,EquipmentSkillItem,0
6045,2910062,291006,1,1738,EquipmentSkillItem,0
6046,2910062,291006,1,1739,EquipmentSkillItem,0
6047,2910062,291006,1,1740,EquipmentSkillItem,0
6048,2910062,291006,1,1741,EquipmentSkillItem,0
6049,2910062,291006,1,1742,EquipmentSkillItem,0
6050,2920012,292001,0,1013040,Card,0
6051,2920022,292002,0,1013060,Card,0
6052,2920032,292003,0,1013080,Card,0
6053,2920042,292004,0,1013020,Card,0
6054,2920052,292005,0,1013000,Card,0
6055,2920062,292006,1,1743,EquipmentSkillItem,0
6056,2920062,292006,1,1744,EquipmentSkillItem,0
6057,2920062,292006,1,1745,EquipmentSkillItem,0
6058,2920062,292006,1,1746,EquipmentSkillItem,0
6059,2920062,292006,1,1747,EquipmentSkillItem,0
6060,2920062,292006,1,1748,EquipmentSkillItem,0
6061,2920062,292006,1,1749,EquipmentSkillItem,0
6062,2920062,292006,1,1750,EquipmentSkillItem,0
6063,2920062,292006,1,1751,EquipmentSkillItem,0
6064,2920062,292006,1,1752,EquipmentSkillItem,0
6065,2920062,292006,1,1753,EquipmentSkillItem,0
6066,2920062,292006,1,1754,EquipmentSkillItem,0
6067,2920062,292006,1,1755,EquipmentSkillItem,0
6068,2920062,292006,1,1756,EquipmentSkillItem,0
6069,2920062,292006,1,1757,EquipmentSkillItem,0
6070,2920062,292006,1,1758,EquipmentSkillItem,0
6071,2920062,292006,1,1759,EquipmentSkillItem,0
6072,2920062,292006,1,1760,EquipmentSkillItem,0
6073,2920062,292006,1,1761,EquipmentSkillItem,0
6074,2920062,292006,1,1762,EquipmentSkillItem,0
6075,2920062,292006,1,1763,EquipmentSkillItem,0
6076,2920062,292006,1,1764,EquipmentSkillItem,0
6077,2920062,292006,1,1765,EquipmentSkillItem,0
6078,2920062,292006,1,1766,EquipmentSkillItem,0
6079,2930012,293001,1,11,PotentialItem,0
6080,2930012,293001,1,12,PotentialItem,0
6081,2930012,293001,1,13,PotentialItem,0
6082,2930012,293001,1,14,PotentialItem,0
6083,2930012,293001,1,15,PotentialItem,0
6084,2940011,294001,1,704,TrainingItem,0
6085,2940011,294001,1,804,TrainingItem,0
6086,2950011,295001,1,704,TrainingItem,0
6087,2950011,295001,1,804,TrainingItem,0
6088,2960012,296001,1,6638,EquipmentSkillItem,0
6089,2960012,296001,1,6639,EquipmentSkillItem,0
6090,2960012,296001,1,6640,EquipmentSkillItem,0
6091,2960012,296001,1,6641,EquipmentSkillItem,0
6092,2960012,296001,1,6642,EquipmentSkillItem,0
6093,2960012,296001,1,6643,EquipmentSkillItem,0
6094,2960012,296001,1,6644,EquipmentSkillItem,0
6095,2960012,296001,1,6645,EquipmentSkillItem,0
6096,2960012,296001,1,6646,EquipmentSkillItem,0
6097,2960012,296001,1,6647,EquipmentSkillItem,0
6098,2960012,296001,1,6648,EquipmentSkillItem,0
6099,2960012,296001,1,6649,EquipmentSkillItem,0
6100,2960012,296001,1,6650,EquipmentSkillItem,0
6101,2960012,296001,1,6651,EquipmentSkillItem,0
6102,2960012,296001,1,6652,EquipmentSkillItem,0
6103,2960012,296001,1,6653,EquipmentSkillItem,0
6104,2960012,296001,1,6654,EquipmentSkillItem,0
6105,2960012,296001,1,6655,EquipmentSkillItem,0
6106,2960012,296001,1,6656,EquipmentSkillItem,0
6107,2960012,296001,1,6657,EquipmentSkillItem,0
6108,2960012,296001,1,6658,EquipmentSkillItem,0
6109,2960012,296001,1,6659,EquipmentSkillItem,0
6110,2960012,296001,1,6660,EquipmentSkillItem,0
6111,2960012,296001,1,6661,EquipmentSkillItem,0
6112,2960012,296001,1,6662,EquipmentSkillItem,0
6113,2960012,296001,1,6663,EquipmentSkillItem,0
6114,2960012,296001,1,6664,EquipmentSkillItem,0
6115,2960012,296001,1,6665,EquipmentSkillItem,0
6116,2960012,296001,1,6666,EquipmentSkillItem,0
6117,2960012,296001,1,6667,EquipmentSkillItem,0
6118,2960012,296001,1,6668,EquipmentSkillItem,0
6119,2960012,296001,1,6669,EquipmentSkillItem,0
6120,2960012,296001,1,6670,EquipmentSkillItem,0
6121,2960012,296001,1,6671,EquipmentSkillItem,0
6122,2960012,296001,1,6672,EquipmentSkillItem,0
6123,2960012,296001,1,6673,EquipmentSkillItem,0
6124,2960012,296001,1,6674,EquipmentSkillItem,0
6125,2960012,296001,1,6675,EquipmentSkillItem,0
6126,2960012,296001,1,6676,EquipmentSkillItem,0
6127,2960012,296001,1,6677,EquipmentSkillItem,0
6128,2960012,296001,1,6678,EquipmentSkillItem,0
6129,2960012,296001,1,6679,EquipmentSkillItem,0
6130,2960012,296001,1,6680,EquipmentSkillItem,0
6131,2960012,296001,1,6681,EquipmentSkillItem,0
6132,2960012,296001,1,6682,EquipmentSkillItem,0
6133,2960012,296001,1,1032171,Card,0
6134,2960012,296001,1,1031791,Card,0
6135,2960012,296001,1,1032181,Card,0
6136,2960012,296001,1,1031801,Card,0
6137,2960012,296001,1,1032191,Card,0
6138,2960012,296001,1,1031811,Card,0
6139,2960012,296001,1,1032161,Card,0
6140,2960012,296001,1,1031781,Card,0
6141,2960012,296001,1,1031761,Card,0
6142,2960012,296001,1,1031771,Card,0
6143,2970013,297001,1,6780,EquipmentSkillItem,0
6144,2970013,297001,1,6781,EquipmentSkillItem,0
6145,2970013,297001,1,6782,EquipmentSkillItem,0
6146,2970013,297001,1,6783,EquipmentSkillItem,0
6147,2970013,297001,1,6784,EquipmentSkillItem,0
6148,2970013,297001,1,6785,EquipmentSkillItem,0
6149,2970013,297001,1,6786,EquipmentSkillItem,0
6150,2970013,297001,1,6787,EquipmentSkillItem,0
6151,2970013,297001,1,6788,EquipmentSkillItem,0
6152,2970013,297001,1,6789,EquipmentSkillItem,0
6153,2970013,297001,1,6790,EquipmentSkillItem,0
6154,2970013,297001,1,6791,EquipmentSkillItem,0
6155,2970013,297001,1,6792,EquipmentSkillItem,0
6156,2970013,297001,1,6793,EquipmentSkillItem,0
6157,2970013,297001,1,6794,EquipmentSkillItem,0
6158,2970013,297001,1,6795,EquipmentSkillItem,0
6159,2970013,297001,1,6796,EquipmentSkillItem,0
6160,2970013,297001,1,6797,EquipmentSkillItem,0
6161,2970013,297001,1,6798,EquipmentSkillItem,0
6162,2970013,297001,1,6799,EquipmentSkillItem,0
6163,2970013,297001,1,6800,EquipmentSkillItem,0
6164,2970013,297001,1,6801,EquipmentSkillItem,0
6165,2970013,297001,1,6802,EquipmentSkillItem,0
6166,2970013,297001,1,6803,EquipmentSkillItem,0
6167,2970013,297001,1,6804,EquipmentSkillItem,0
6168,2970013,297001,1,6805,EquipmentSkillItem,0
6169,2970013,297001,1,6806,EquipmentSkillItem,0
6170,2970013,297001,1,6807,EquipmentSkillItem,0
6171,2970013,297001,1,6808,EquipmentSkillItem,0
6172,2970013,297001,1,6809,EquipmentSkillItem,0
6173,2970013,297001,1,6810,EquipmentSkillItem,0
6174,2970013,297001,1,6811,EquipmentSkillItem,0
6175,2970013,297001,1,6812,EquipmentSkillItem,0
6176,2970013,297001,1,6813,EquipmentSkillItem,0
6177,2970013,297001,1,6814,EquipmentSkillItem,0
6178,2970013,297001,1,6815,EquipmentSkillItem,0
6179,2970013,297001,1,6816,EquipmentSkillItem,0
6180,2970013,297001,1,6817,EquipmentSkillItem,0
6181,2970013,297001,1,6818,EquipmentSkillItem,0
6182,2970013,297001,1,6819,EquipmentSkillItem,0
6183,2970013,297001,1,6820,EquipmentSkillItem,0
6184,2970013,297001,1,6821,EquipmentSkillItem,0
6185,2970013,297001,1,6822,EquipmentSkillItem,0
6186,2970013,297001,1,6823,EquipmentSkillItem,0
6187,2970013,297001,1,6824,EquipmentSkillItem,0
6188,2970013,297001,1,903,TrainingItem,0
6189,2970013,297001,1,1031821,Card,0
6190,2990011,299001,1,36,TreasureItem,0
6191,3010011,301001,1,1102,SupportItem,0
6192,3010011,301001,1,1402,SupportItem,0
6193,3010011,301001,1,1508,SupportItem,0
6194,3010012,301001,1,1102,SupportItem,0
6195,3010012,301001,1,1402,SupportItem,0
6196,3010012,301001,1,1508,SupportItem,0
6197,3010021,301002,1,1103,SupportItem,0
6198,3010021,301002,1,1403,SupportItem,0
6199,3010021,301002,1,1509,SupportItem,0
6200,3010022,301002,1,1103,SupportItem,0
6201,3010022,301002,1,1403,SupportItem,0
6202,3010022,301002,1,1509,SupportItem,0
6203,3010031,301003,1,1104,SupportItem,0
6204,3010031,301003,1,1404,SupportItem,0
6205,3010031,301003,1,1510,SupportItem,0
6206,3010032,301003,1,1104,SupportItem,0
6207,3010032,301003,1,1404,SupportItem,0
6208,3010032,301003,1,1510,SupportItem,0
6209,3010041,301004,1,1100,SupportItem,0
6210,3010041,301004,1,1400,SupportItem,0
6211,3010041,301004,1,1506,SupportItem,0
6212,3010042,301004,1,1100,SupportItem,0
6213,3010042,301004,1,1400,SupportItem,0
6214,3010042,301004,1,1506,SupportItem,0
6215,3010050,301005,0,2000020,Card,0
6216,3010051,301005,1,1101,SupportItem,0
6217,3010051,301005,1,1401,SupportItem,0
6218,3010051,301005,1,1507,SupportItem,0
6219,3010052,301005,1,1101,SupportItem,0
6220,3010052,301005,1,1401,SupportItem,0
6221,3010052,301005,1,1507,SupportItem,0
6222,3020011,302001,1,1100,SupportItem,0
6223,3020011,302001,1,1400,SupportItem,0
6224,3020011,302001,1,1506,SupportItem,0
6225,3020012,302001,1,1100,SupportItem,0
6226,3020012,302001,1,1400,SupportItem,0
6227,3020012,302001,1,1506,SupportItem,0
6228,3020021,302002,1,1102,SupportItem,0
6229,3020021,302002,1,1402,SupportItem,0
6230,3020021,302002,1,1508,SupportItem,0
6231,3020022,302002,1,1102,SupportItem,0
6232,3020022,302002,1,1402,SupportItem,0
6233,3020022,302002,1,1508,SupportItem,0
6234,3020031,302003,1,1104,SupportItem,0
6235,3020031,302003,1,1404,SupportItem,0
6236,3020031,302003,1,1510,SupportItem,0
6237,3020032,302003,1,1104,SupportItem,0
6238,3020032,302003,1,1404,SupportItem,0
6239,3020032,302003,1,1510,SupportItem,0
6240,3020041,302004,1,1103,SupportItem,0
6241,3020041,302004,1,1403,SupportItem,0
6242,3020041,302004,1,1509,SupportItem,0
6243,3020042,302004,1,1103,SupportItem,0
6244,3020042,302004,1,1403,SupportItem,0
6245,3020042,302004,1,1509,SupportItem,0
6246,3020051,302005,1,1101,SupportItem,0
6247,3020051,302005,1,1401,SupportItem,0
6248,3020051,302005,1,1507,SupportItem,0
6249,3020052,302005,1,1101,SupportItem,0
6250,3020052,302005,1,1401,SupportItem,0
6251,3020052,302005,1,1507,SupportItem,0
6252,3030020,303002,1,3000271,Card,0
6253,3030020,303002,1,3000261,Card,0
6254,3030020,303002,1,1000781,Card,0
6255,3030020,303002,1,3000281,Card,0
6256,3030020,303002,1,3000291,Card,0
6257,3030020,303002,0,2000050,Card,0
6258,3030021,303002,1,3000271,Card,0
6259,3030021,303002,1,3000261,Card,0
6260,3030021,303002,1,1000781,Card,0
6261,3030021,303002,1,3000281,Card,0
6262,3030021,303002,1,3000291,Card,0
6263,3030021,303002,0,2000050,Card,0
6264,3030022,303002,1,3000271,Card,0
6265,3030022,303002,1,3000261,Card,0
6266,3030022,303002,1,1000781,Card,0
6267,3030022,303002,1,3000281,Card,0
6268,3030022,303002,1,3000291,Card,0
6269,3030022,303002,1,2000050,Card,0
6270,3030030,303003,1,1,AwakeningItem,0
6271,3030030,303003,1,2,AwakeningItem,0
6272,3030030,303003,1,3,AwakeningItem,0
6273,3030030,303003,0,2000050,Card,0
6274,3030031,303003,1,4,AwakeningItem,0
6275,3030031,303003,1,5,AwakeningItem,0
6276,3030031,303003,1,6,AwakeningItem,0
6277,3030031,303003,1,7,AwakeningItem,0
6278,3030031,303003,1,8,AwakeningItem,0
6279,3030031,303003,0,2000050,Card,0
6280,3030032,303003,1,9,AwakeningItem,0
6281,3030032,303003,1,10,AwakeningItem,0
6282,3030032,303003,1,11,AwakeningItem,0
6283,3030032,303003,1,12,AwakeningItem,0
6284,3030032,303003,1,13,AwakeningItem,0
6285,3030032,303003,1,2000050,Card,0
6286,3030040,303004,1,1,AwakeningItem,0
6287,3030040,303004,1,2,AwakeningItem,0
6288,3030040,303004,1,3,AwakeningItem,0
6289,3030041,303004,1,4,AwakeningItem,0
6290,3030041,303004,1,5,AwakeningItem,0
6291,3030041,303004,1,6,AwakeningItem,0
6292,3030041,303004,1,7,AwakeningItem,0
6293,3030041,303004,1,8,AwakeningItem,0
6294,3030042,303004,1,2000050,Card,0
6295,3030042,303004,1,9,AwakeningItem,0
6296,3030042,303004,1,10,AwakeningItem,0
6297,3030042,303004,1,11,AwakeningItem,0
6298,3030042,303004,1,12,AwakeningItem,0
6299,3030042,303004,1,13,AwakeningItem,0
6300,3030050,303005,0,2000680,Card,0
6301,3030051,303005,0,2000680,Card,0
6302,3030052,303005,0,2000680,Card,0
6303,3030060,303006,1,2000140,Card,0
6304,3030060,303006,1,2,SupportItem,0
6305,3030060,303006,1,3,SupportItem,0
6306,3030061,303006,1,2000140,Card,0
6307,3030061,303006,1,3,SupportItem,0
6308,3030061,303006,1,1002,SupportItem,0
6309,3030061,303006,1,2000680,Card,0
6310,3030062,303006,1,2000140,Card,0
6311,3030062,303006,1,2000680,Card,0
6312,3030080,303008,1,300,TrainingItem,0
6313,3030080,303008,1,301,TrainingItem,0
6314,3030080,303008,1,302,TrainingItem,0
6315,3030080,303008,1,303,TrainingItem,0
6316,3030080,303008,1,304,TrainingItem,0
6317,3030081,303008,1,2000180,Card,0
6318,3030081,303008,1,400,TrainingItem,0
6319,3030081,303008,1,401,TrainingItem,0
6320,3030081,303008,1,402,TrainingItem,0
6321,3030081,303008,1,403,TrainingItem,0
6322,3030081,303008,1,404,TrainingItem,0
6323,3030082,303008,1,2000180,Card,0
6324,3030082,303008,1,500,TrainingItem,0
6325,3030082,303008,1,501,TrainingItem,0
6326,3030082,303008,1,502,TrainingItem,0
6327,3030082,303008,1,503,TrainingItem,0
6328,3030082,303008,1,504,TrainingItem,0
6329,3030090,303009,1,1,AwakeningItem,0
6330,3030090,303009,1,2,AwakeningItem,0
6331,3030090,303009,1,3,AwakeningItem,0
6332,3030091,303009,1,2000180,Card,0
6333,3030091,303009,1,1,AwakeningItem,0
6334,3030091,303009,1,2,AwakeningItem,0
6335,3030091,303009,1,3,AwakeningItem,0
6336,3030092,303009,1,2000180,Card,0
6337,3030092,303009,1,1,AwakeningItem,0
6338,3030092,303009,1,2,AwakeningItem,0
6339,3030092,303009,1,3,AwakeningItem,0
6340,3040010,304001,1,3047,AwakeningItem,0
6341,3040010,304001,1,3046,AwakeningItem,0
6342,3040010,304001,1,200,TrainingItem,0
6343,3040010,304001,1,201,TrainingItem,0
6344,3040010,304001,1,202,TrainingItem,0
6345,3040010,304001,1,203,TrainingItem,0
6346,3040010,304001,1,204,TrainingItem,0
6347,3040010,304001,1,300,TrainingItem,0
6348,3040010,304001,1,301,TrainingItem,0
6349,3040010,304001,1,302,TrainingItem,0
6350,3040010,304001,1,303,TrainingItem,0
6351,3040010,304001,1,304,TrainingItem,0
6352,3040010,304001,1,3,SupportItem,0
6353,3040010,304001,1,1503,SupportItem,0
6354,3040011,304001,1,3047,AwakeningItem,0
6355,3040011,304001,1,3046,AwakeningItem,0
6356,3040011,304001,1,300,TrainingItem,0
6357,3040011,304001,1,301,TrainingItem,0
6358,3040011,304001,1,302,TrainingItem,0
6359,3040011,304001,1,303,TrainingItem,0
6360,3040011,304001,1,304,TrainingItem,0
6361,3040011,304001,1,500,TrainingItem,0
6362,3040011,304001,1,501,TrainingItem,0
6363,3040011,304001,1,502,TrainingItem,0
6364,3040011,304001,1,503,TrainingItem,0
6365,3040011,304001,1,504,TrainingItem,0
6366,3040011,304001,1,3,SupportItem,0
6367,3040011,304001,1,4,SupportItem,0
6368,3040011,304001,1,1202,SupportItem,0
6369,3040011,304001,1,1203,SupportItem,0
6370,3040011,304001,1,1502,SupportItem,0
6371,3040012,304001,1,3047,AwakeningItem,0
6372,3040012,304001,1,3046,AwakeningItem,0
6373,3040012,304001,1,500,TrainingItem,0
6374,3040012,304001,1,501,TrainingItem,0
6375,3040012,304001,1,502,TrainingItem,0
6376,3040012,304001,1,503,TrainingItem,0
6377,3040012,304001,1,504,TrainingItem,0
6378,3040012,304001,1,600,TrainingItem,0
6379,3040012,304001,1,601,TrainingItem,0
6380,3040012,304001,1,602,TrainingItem,0
6381,3040012,304001,1,603,TrainingItem,0
6382,3040012,304001,1,604,TrainingItem,0
6383,3040012,304001,1,1100,SupportItem,0
6384,3040012,304001,1,1101,SupportItem,0
6385,3040012,304001,1,1102,SupportItem,0
6386,3040012,304001,1,1103,SupportItem,0
6387,3040012,304001,1,1104,SupportItem,0
6388,3040012,304001,1,1505,SupportItem,0
6389,3040012,304001,1,1700,SupportItem,0
6390,3040012,304001,1,1701,SupportItem,0
6391,3040020,304002,1,3047,AwakeningItem,0
6392,3040020,304002,1,3046,AwakeningItem,0
6393,3040020,304002,1,200,TrainingItem,0
6394,3040020,304002,1,201,TrainingItem,0
6395,3040020,304002,1,202,TrainingItem,0
6396,3040020,304002,1,203,TrainingItem,0
6397,3040020,304002,1,204,TrainingItem,0
6398,3040020,304002,1,300,TrainingItem,0
6399,3040020,304002,1,301,TrainingItem,0
6400,3040020,304002,1,302,TrainingItem,0
6401,3040020,304002,1,303,TrainingItem,0
6402,3040020,304002,1,304,TrainingItem,0
6403,3040020,304002,1,3,SupportItem,0
6404,3040020,304002,1,1503,SupportItem,0
6405,3040020,304002,1,3042,AwakeningItem,0
6406,3040021,304002,1,3047,AwakeningItem,0
6407,3040021,304002,1,3046,AwakeningItem,0
6408,3040021,304002,1,300,TrainingItem,0
6409,3040021,304002,1,301,TrainingItem,0
6410,3040021,304002,1,302,TrainingItem,0
6411,3040021,304002,1,303,TrainingItem,0
6412,3040021,304002,1,304,TrainingItem,0
6413,3040021,304002,1,500,TrainingItem,0
6414,3040021,304002,1,501,TrainingItem,0
6415,3040021,304002,1,502,TrainingItem,0
6416,3040021,304002,1,503,TrainingItem,0
6417,3040021,304002,1,504,TrainingItem,0
6418,3040021,304002,1,3,SupportItem,0
6419,3040021,304002,1,4,SupportItem,0
6420,3040021,304002,1,1202,SupportItem,0
6421,3040021,304002,1,1203,SupportItem,0
6422,3040021,304002,1,1502,SupportItem,0
6423,3040021,304002,1,3042,AwakeningItem,0
6424,3040022,304002,1,3047,AwakeningItem,0
6425,3040022,304002,1,3046,AwakeningItem,0
6426,3040022,304002,1,500,TrainingItem,0
6427,3040022,304002,1,501,TrainingItem,0
6428,3040022,304002,1,502,TrainingItem,0
6429,3040022,304002,1,503,TrainingItem,0
6430,3040022,304002,1,504,TrainingItem,0
6431,3040022,304002,1,600,TrainingItem,0
6432,3040022,304002,1,601,TrainingItem,0
6433,3040022,304002,1,602,TrainingItem,0
6434,3040022,304002,1,603,TrainingItem,0
6435,3040022,304002,1,604,TrainingItem,0
6436,3040022,304002,1,1100,SupportItem,0
6437,3040022,304002,1,1101,SupportItem,0
6438,3040022,304002,1,1102,SupportItem,0
6439,3040022,304002,1,1103,SupportItem,0
6440,3040022,304002,1,1104,SupportItem,0
6441,3040022,304002,1,1505,SupportItem,0
6442,3040022,304002,1,1700,SupportItem,0
6443,3040022,304002,1,1701,SupportItem,0
6444,3040022,304002,1,3042,AwakeningItem,0
6445,3040030,304003,1,3047,AwakeningItem,0
6446,3040030,304003,1,3042,AwakeningItem,0
6447,3040030,304003,1,3046,AwakeningItem,0
6448,3040030,304003,1,200,TrainingItem,0
6449,3040030,304003,1,201,TrainingItem,0
6450,3040030,304003,1,202,TrainingItem,0
6451,3040030,304003,1,203,TrainingItem,0
6452,3040030,304003,1,204,TrainingItem,0
6453,3040030,304003,1,300,TrainingItem,0
6454,3040030,304003,1,301,TrainingItem,0
6455,3040030,304003,1,302,TrainingItem,0
6456,3040030,304003,1,303,TrainingItem,0
6457,3040030,304003,1,304,TrainingItem,0
6458,3040030,304003,1,3,SupportItem,0
6459,3040030,304003,1,1503,SupportItem,0
6460,3040031,304003,1,3047,AwakeningItem,0
6461,3040031,304003,1,3042,AwakeningItem,0
6462,3040031,304003,1,3046,AwakeningItem,0
6463,3040031,304003,1,300,TrainingItem,0
6464,3040031,304003,1,301,TrainingItem,0
6465,3040031,304003,1,302,TrainingItem,0
6466,3040031,304003,1,303,TrainingItem,0
6467,3040031,304003,1,304,TrainingItem,0
6468,3040031,304003,1,500,TrainingItem,0
6469,3040031,304003,1,501,TrainingItem,0
6470,3040031,304003,1,502,TrainingItem,0
6471,3040031,304003,1,503,TrainingItem,0
6472,3040031,304003,1,504,TrainingItem,0
6473,3040031,304003,1,3,SupportItem,0
6474,3040031,304003,1,4,SupportItem,0
6475,3040031,304003,1,1202,SupportItem,0
6476,3040031,304003,1,1203,SupportItem,0
6477,3040031,304003,1,1502,SupportItem,0
6478,3040032,304003,1,3047,AwakeningItem,0
6479,3040032,304003,1,3042,AwakeningItem,0
6480,3040032,304003,1,3046,AwakeningItem,0
6481,3040032,304003,1,500,TrainingItem,0
6482,3040032,304003,1,501,TrainingItem,0
6483,3040032,304003,1,502,TrainingItem,0
6484,3040032,304003,1,503,TrainingItem,0
6485,3040032,304003,1,504,TrainingItem,0
6486,3040032,304003,1,600,TrainingItem,0
6487,3040032,304003,1,601,TrainingItem,0
6488,3040032,304003,1,602,TrainingItem,0
6489,3040032,304003,1,603,TrainingItem,0
6490,3040032,304003,1,604,TrainingItem,0
6491,3040032,304003,1,1100,SupportItem,0
6492,3040032,304003,1,1101,SupportItem,0
6493,3040032,304003,1,1102,SupportItem,0
6494,3040032,304003,1,1103,SupportItem,0
6495,3040032,304003,1,1104,SupportItem,0
6496,3040032,304003,1,1505,SupportItem,0
6497,3040032,304003,1,1700,SupportItem,0
6498,3040032,304003,1,1701,SupportItem,0
6499,3040040,304004,1,3047,AwakeningItem,0
6500,3040040,304004,1,3042,AwakeningItem,0
6501,3040040,304004,1,3046,AwakeningItem,0
6502,3040040,304004,1,200,TrainingItem,0
6503,3040040,304004,1,201,TrainingItem,0
6504,3040040,304004,1,202,TrainingItem,0
6505,3040040,304004,1,203,TrainingItem,0
6506,3040040,304004,1,204,TrainingItem,0
6507,3040040,304004,1,300,TrainingItem,0
6508,3040040,304004,1,301,TrainingItem,0
6509,3040040,304004,1,302,TrainingItem,0
6510,3040040,304004,1,303,TrainingItem,0
6511,3040040,304004,1,304,TrainingItem,0
6512,3040040,304004,1,3,SupportItem,0
6513,3040040,304004,1,1503,SupportItem,0
6514,3040041,304004,1,3047,AwakeningItem,0
6515,3040041,304004,1,3042,AwakeningItem,0
6516,3040041,304004,1,3046,AwakeningItem,0
6517,3040041,304004,1,300,TrainingItem,0
6518,3040041,304004,1,301,TrainingItem,0
6519,3040041,304004,1,302,TrainingItem,0
6520,3040041,304004,1,303,TrainingItem,0
6521,3040041,304004,1,304,TrainingItem,0
6522,3040041,304004,1,500,TrainingItem,0
6523,3040041,304004,1,501,TrainingItem,0
6524,3040041,304004,1,502,TrainingItem,0
6525,3040041,304004,1,503,TrainingItem,0
6526,3040041,304004,1,504,TrainingItem,0
6527,3040041,304004,1,3,SupportItem,0
6528,3040041,304004,1,4,SupportItem,0
6529,3040041,304004,1,1202,SupportItem,0
6530,3040041,304004,1,1203,SupportItem,0
6531,3040041,304004,1,1502,SupportItem,0
6532,3040042,304004,1,3047,AwakeningItem,0
6533,3040042,304004,1,3042,AwakeningItem,0
6534,3040042,304004,1,3046,AwakeningItem,0
6535,3040042,304004,1,500,TrainingItem,0
6536,3040042,304004,1,501,TrainingItem,0
6537,3040042,304004,1,502,TrainingItem,0
6538,3040042,304004,1,503,TrainingItem,0
6539,3040042,304004,1,504,TrainingItem,0
6540,3040042,304004,1,600,TrainingItem,0
6541,3040042,304004,1,601,TrainingItem,0
6542,3040042,304004,1,602,TrainingItem,0
6543,3040042,304004,1,603,TrainingItem,0
6544,3040042,304004,1,604,TrainingItem,0
6545,3040042,304004,1,1100,SupportItem,0
6546,3040042,304004,1,1101,SupportItem,0
6547,3040042,304004,1,1102,SupportItem,0
6548,3040042,304004,1,1103,SupportItem,0
6549,3040042,304004,1,1104,SupportItem,0
6550,3040042,304004,1,1505,SupportItem,0
6551,3040042,304004,1,1700,SupportItem,0
6552,3040042,304004,1,1701,SupportItem,0
6553,3040050,304005,1,3045,AwakeningItem,0
6554,3040050,304005,1,200,TrainingItem,0
6555,3040050,304005,1,201,TrainingItem,0
6556,3040050,304005,1,202,TrainingItem,0
6557,3040050,304005,1,203,TrainingItem,0
6558,3040050,304005,1,204,TrainingItem,0
6559,3040050,304005,1,300,TrainingItem,0
6560,3040050,304005,1,301,TrainingItem,0
6561,3040050,304005,1,302,TrainingItem,0
6562,3040050,304005,1,303,TrainingItem,0
6563,3040050,304005,1,304,TrainingItem,0
6564,3040050,304005,1,3,SupportItem,0
6565,3040050,304005,1,1503,SupportItem,0
6566,3040050,304005,1,3044,AwakeningItem,0
6567,3040050,304005,1,3041,AwakeningItem,0
6568,3040051,304005,1,3045,AwakeningItem,0
6569,3040051,304005,1,300,TrainingItem,0
6570,3040051,304005,1,301,TrainingItem,0
6571,3040051,304005,1,302,TrainingItem,0
6572,3040051,304005,1,303,TrainingItem,0
6573,3040051,304005,1,304,TrainingItem,0
6574,3040051,304005,1,500,TrainingItem,0
6575,3040051,304005,1,501,TrainingItem,0
6576,3040051,304005,1,502,TrainingItem,0
6577,3040051,304005,1,503,TrainingItem,0
6578,3040051,304005,1,504,TrainingItem,0
6579,3040051,304005,1,3,SupportItem,0
6580,3040051,304005,1,4,SupportItem,0
6581,3040051,304005,1,1202,SupportItem,0
6582,3040051,304005,1,1203,SupportItem,0
6583,3040051,304005,1,1502,SupportItem,0
6584,3040051,304005,1,3044,AwakeningItem,0
6585,3040051,304005,1,3041,AwakeningItem,0
6586,3040052,304005,1,3045,AwakeningItem,0
6587,3040052,304005,1,500,TrainingItem,0
6588,3040052,304005,1,501,TrainingItem,0
6589,3040052,304005,1,502,TrainingItem,0
6590,3040052,304005,1,503,TrainingItem,0
6591,3040052,304005,1,504,TrainingItem,0
6592,3040052,304005,1,600,TrainingItem,0
6593,3040052,304005,1,601,TrainingItem,0
6594,3040052,304005,1,602,TrainingItem,0
6595,3040052,304005,1,603,TrainingItem,0
6596,3040052,304005,1,604,TrainingItem,0
6597,3040052,304005,1,1100,SupportItem,0
6598,3040052,304005,1,1101,SupportItem,0
6599,3040052,304005,1,1102,SupportItem,0
6600,3040052,304005,1,1103,SupportItem,0
6601,3040052,304005,1,1104,SupportItem,0
6602,3040052,304005,1,1505,SupportItem,0
6603,3040052,304005,1,1700,SupportItem,0
6604,3040052,304005,1,1701,SupportItem,0
6605,3040052,304005,1,3044,AwakeningItem,0
6606,3040052,304005,1,3041,AwakeningItem,0
6607,3040060,304006,1,3044,AwakeningItem,0
6608,3040060,304006,1,3041,AwakeningItem,0
6609,3040060,304006,1,200,TrainingItem,0
6610,3040060,304006,1,201,TrainingItem,0
6611,3040060,304006,1,202,TrainingItem,0
6612,3040060,304006,1,203,TrainingItem,0
6613,3040060,304006,1,204,TrainingItem,0
6614,3040060,304006,1,300,TrainingItem,0
6615,3040060,304006,1,301,TrainingItem,0
6616,3040060,304006,1,302,TrainingItem,0
6617,3040060,304006,1,303,TrainingItem,0
6618,3040060,304006,1,304,TrainingItem,0
6619,3040060,304006,1,3,SupportItem,0
6620,3040060,304006,1,1503,SupportItem,0
6621,3040060,304006,1,3045,AwakeningItem,0
6622,3040061,304006,1,3044,AwakeningItem,0
6623,3040061,304006,1,3041,AwakeningItem,0
6624,3040061,304006,1,300,TrainingItem,0
6625,3040061,304006,1,301,TrainingItem,0
6626,3040061,304006,1,302,TrainingItem,0
6627,3040061,304006,1,303,TrainingItem,0
6628,3040061,304006,1,304,TrainingItem,0
6629,3040061,304006,1,500,TrainingItem,0
6630,3040061,304006,1,501,TrainingItem,0
6631,3040061,304006,1,502,TrainingItem,0
6632,3040061,304006,1,503,TrainingItem,0
6633,3040061,304006,1,504,TrainingItem,0
6634,3040061,304006,1,3,SupportItem,0
6635,3040061,304006,1,4,SupportItem,0
6636,3040061,304006,1,1202,SupportItem,0
6637,3040061,304006,1,1203,SupportItem,0
6638,3040061,304006,1,1502,SupportItem,0
6639,3040061,304006,1,3045,AwakeningItem,0
6640,3040062,304006,1,3044,AwakeningItem,0
6641,3040062,304006,1,3041,AwakeningItem,0
6642,3040062,304006,1,500,TrainingItem,0
6643,3040062,304006,1,501,TrainingItem,0
6644,3040062,304006,1,502,TrainingItem,0
6645,3040062,304006,1,503,TrainingItem,0
6646,3040062,304006,1,504,TrainingItem,0
6647,3040062,304006,1,600,TrainingItem,0
6648,3040062,304006,1,601,TrainingItem,0
6649,3040062,304006,1,602,TrainingItem,0
6650,3040062,304006,1,603,TrainingItem,0
6651,3040062,304006,1,604,TrainingItem,0
6652,3040062,304006,1,1100,SupportItem,0
6653,3040062,304006,1,1101,SupportItem,0
6654,3040062,304006,1,1102,SupportItem,0
6655,3040062,304006,1,1103,SupportItem,0
6656,3040062,304006,1,1104,SupportItem,0
6657,3040062,304006,1,1505,SupportItem,0
6658,3040062,304006,1,1700,SupportItem,0
6659,3040062,304006,1,1701,SupportItem,0
6660,3040062,304006,1,3045,AwakeningItem,0
6661,3040070,304007,1,3041,AwakeningItem,0
6662,3040070,304007,1,200,TrainingItem,0
6663,3040070,304007,1,201,TrainingItem,0
6664,3040070,304007,1,202,TrainingItem,0
6665,3040070,304007,1,203,TrainingItem,0
6666,3040070,304007,1,204,TrainingItem,0
6667,3040070,304007,1,300,TrainingItem,0
6668,3040070,304007,1,301,TrainingItem,0
6669,3040070,304007,1,302,TrainingItem,0
6670,3040070,304007,1,303,TrainingItem,0
6671,3040070,304007,1,304,TrainingItem,0
6672,3040070,304007,1,3,SupportItem,0
6673,3040070,304007,1,1503,SupportItem,0
6674,3040070,304007,1,3044,AwakeningItem,0
6675,3040070,304007,1,3045,AwakeningItem,0
6676,3040071,304007,1,3041,AwakeningItem,0
6677,3040071,304007,1,300,TrainingItem,0
6678,3040071,304007,1,301,TrainingItem,0
6679,3040071,304007,1,302,TrainingItem,0
6680,3040071,304007,1,303,TrainingItem,0
6681,3040071,304007,1,304,TrainingItem,0
6682,3040071,304007,1,500,TrainingItem,0
6683,3040071,304007,1,501,TrainingItem,0
6684,3040071,304007,1,502,TrainingItem,0
6685,3040071,304007,1,503,TrainingItem,0
6686,3040071,304007,1,504,TrainingItem,0
6687,3040071,304007,1,3,SupportItem,0
6688,3040071,304007,1,4,SupportItem,0
6689,3040071,304007,1,1202,SupportItem,0
6690,3040071,304007,1,1203,SupportItem,0
6691,3040071,304007,1,1502,SupportItem,0
6692,3040071,304007,1,3044,AwakeningItem,0
6693,3040071,304007,1,3045,AwakeningItem,0
6694,3040072,304007,1,3041,AwakeningItem,0
6695,3040072,304007,1,500,TrainingItem,0
6696,3040072,304007,1,501,TrainingItem,0
6697,3040072,304007,1,502,TrainingItem,0
6698,3040072,304007,1,503,TrainingItem,0
6699,3040072,304007,1,504,TrainingItem,0
6700,3040072,304007,1,600,TrainingItem,0
6701,3040072,304007,1,601,TrainingItem,0
6702,3040072,304007,1,602,TrainingItem,0
6703,3040072,304007,1,603,TrainingItem,0
6704,3040072,304007,1,604,TrainingItem,0
6705,3040072,304007,1,1100,SupportItem,0
6706,3040072,304007,1,1101,SupportItem,0
6707,3040072,304007,1,1102,SupportItem,0
6708,3040072,304007,1,1103,SupportItem,0
6709,3040072,304007,1,1104,SupportItem,0
6710,3040072,304007,1,1505,SupportItem,0
6711,3040072,304007,1,1700,SupportItem,0
6712,3040072,304007,1,1701,SupportItem,0
6713,3040072,304007,1,3044,AwakeningItem,0
6714,3040072,304007,1,3045,AwakeningItem,0
6715,3040080,304008,1,3041,AwakeningItem,0
6716,3040080,304008,1,200,TrainingItem,0
6717,3040080,304008,1,201,TrainingItem,0
6718,3040080,304008,1,202,TrainingItem,0
6719,3040080,304008,1,203,TrainingItem,0
6720,3040080,304008,1,204,TrainingItem,0
6721,3040080,304008,1,300,TrainingItem,0
6722,3040080,304008,1,301,TrainingItem,0
6723,3040080,304008,1,302,TrainingItem,0
6724,3040080,304008,1,303,TrainingItem,0
6725,3040080,304008,1,304,TrainingItem,0
6726,3040080,304008,1,3,SupportItem,0
6727,3040080,304008,1,1503,SupportItem,0
6728,3040080,304008,1,3044,AwakeningItem,0
6729,3040080,304008,1,3045,AwakeningItem,0
6730,3040081,304008,1,3041,AwakeningItem,0
6731,3040081,304008,1,300,TrainingItem,0
6732,3040081,304008,1,301,TrainingItem,0
6733,3040081,304008,1,302,TrainingItem,0
6734,3040081,304008,1,303,TrainingItem,0
6735,3040081,304008,1,304,TrainingItem,0
6736,3040081,304008,1,500,TrainingItem,0
6737,3040081,304008,1,501,TrainingItem,0
6738,3040081,304008,1,502,TrainingItem,0
6739,3040081,304008,1,503,TrainingItem,0
6740,3040081,304008,1,504,TrainingItem,0
6741,3040081,304008,1,3,SupportItem,0
6742,3040081,304008,1,4,SupportItem,0
6743,3040081,304008,1,1202,SupportItem,0
6744,3040081,304008,1,1203,SupportItem,0
6745,3040081,304008,1,1502,SupportItem,0
6746,3040081,304008,1,3044,AwakeningItem,0
6747,3040081,304008,1,3045,AwakeningItem,0
6748,3040082,304008,1,3041,AwakeningItem,0
6749,3040082,304008,1,500,TrainingItem,0
6750,3040082,304008,1,501,TrainingItem,0
6751,3040082,304008,1,502,TrainingItem,0
6752,3040082,304008,1,503,TrainingItem,0
6753,3040082,304008,1,504,TrainingItem,0
6754,3040082,304008,1,600,TrainingItem,0
6755,3040082,304008,1,601,TrainingItem,0
6756,3040082,304008,1,602,TrainingItem,0
6757,3040082,304008,1,603,TrainingItem,0
6758,3040082,304008,1,604,TrainingItem,0
6759,3040082,304008,1,1100,SupportItem,0
6760,3040082,304008,1,1101,SupportItem,0
6761,3040082,304008,1,1102,SupportItem,0
6762,3040082,304008,1,1103,SupportItem,0
6763,3040082,304008,1,1104,SupportItem,0
6764,3040082,304008,1,1505,SupportItem,0
6765,3040082,304008,1,1700,SupportItem,0
6766,3040082,304008,1,1701,SupportItem,0
6767,3040082,304008,1,3044,AwakeningItem,0
6768,3040082,304008,1,3045,AwakeningItem,0
6769,3040090,304009,1,3047,AwakeningItem,0
6770,3040090,304009,1,3042,AwakeningItem,0
6771,3040090,304009,1,3046,AwakeningItem,0
6772,3040090,304009,1,200,TrainingItem,0
6773,3040090,304009,1,201,TrainingItem,0
6774,3040090,304009,1,202,TrainingItem,0
6775,3040090,304009,1,203,TrainingItem,0
6776,3040090,304009,1,204,TrainingItem,0
6777,3040090,304009,1,300,TrainingItem,0
6778,3040090,304009,1,301,TrainingItem,0
6779,3040090,304009,1,302,TrainingItem,0
6780,3040090,304009,1,303,TrainingItem,0
6781,3040090,304009,1,304,TrainingItem,0
6782,3040090,304009,1,3,SupportItem,0
6783,3040090,304009,1,1503,SupportItem,0
6784,3040091,304009,1,3047,AwakeningItem,0
6785,3040091,304009,1,3042,AwakeningItem,0
6786,3040091,304009,1,3046,AwakeningItem,0
6787,3040091,304009,1,300,TrainingItem,0
6788,3040091,304009,1,301,TrainingItem,0
6789,3040091,304009,1,302,TrainingItem,0
6790,3040091,304009,1,303,TrainingItem,0
6791,3040091,304009,1,304,TrainingItem,0
6792,3040091,304009,1,500,TrainingItem,0
6793,3040091,304009,1,501,TrainingItem,0
6794,3040091,304009,1,502,TrainingItem,0
6795,3040091,304009,1,503,TrainingItem,0
6796,3040091,304009,1,504,TrainingItem,0
6797,3040091,304009,1,3,SupportItem,0
6798,3040091,304009,1,4,SupportItem,0
6799,3040091,304009,1,1202,SupportItem,0
6800,3040091,304009,1,1203,SupportItem,0
6801,3040091,304009,1,1502,SupportItem,0
6802,3040092,304009,1,1002150,Card,0
6803,3040092,304009,1,600,TrainingItem,0
6804,3040092,304009,1,601,TrainingItem,0
6805,3040092,304009,1,602,TrainingItem,0
6806,3040092,304009,1,603,TrainingItem,0
6807,3040092,304009,1,604,TrainingItem,0
6808,3040092,304009,1,1505,SupportItem,0
6809,3040092,304009,1,1700,SupportItem,0
6810,3040092,304009,1,1701,SupportItem,0
6811,3040092,304009,1,3042,AwakeningItem,0
6812,3040092,304009,1,3046,AwakeningItem,0
6813,3040092,304009,1,500,TrainingItem,0
6814,3040092,304009,1,501,TrainingItem,0
6815,3040092,304009,1,502,TrainingItem,0
6816,3040092,304009,1,503,TrainingItem,0
6817,3040092,304009,1,504,TrainingItem,0
6818,3040092,304009,1,1100,SupportItem,0
6819,3040092,304009,1,1101,SupportItem,0
6820,3040092,304009,1,1102,SupportItem,0
6821,3040092,304009,1,1103,SupportItem,0
6822,3040092,304009,1,1104,SupportItem,0
6823,3040100,304010,1,3047,AwakeningItem,0
6824,3040100,304010,1,3042,AwakeningItem,0
6825,3040100,304010,1,3046,AwakeningItem,0
6826,3040100,304010,1,200,TrainingItem,0
6827,3040100,304010,1,201,TrainingItem,0
6828,3040100,304010,1,202,TrainingItem,0
6829,3040100,304010,1,203,TrainingItem,0
6830,3040100,304010,1,204,TrainingItem,0
6831,3040100,304010,1,300,TrainingItem,0
6832,3040100,304010,1,301,TrainingItem,0
6833,3040100,304010,1,302,TrainingItem,0
6834,3040100,304010,1,303,TrainingItem,0
6835,3040100,304010,1,304,TrainingItem,0
6836,3040100,304010,1,3,SupportItem,0
6837,3040100,304010,1,1503,SupportItem,0
6838,3040101,304010,1,3047,AwakeningItem,0
6839,3040101,304010,1,3042,AwakeningItem,0
6840,3040101,304010,1,3046,AwakeningItem,0
6841,3040101,304010,1,300,TrainingItem,0
6842,3040101,304010,1,301,TrainingItem,0
6843,3040101,304010,1,302,TrainingItem,0
6844,3040101,304010,1,303,TrainingItem,0
6845,3040101,304010,1,304,TrainingItem,0
6846,3040101,304010,1,500,TrainingItem,0
6847,3040101,304010,1,501,TrainingItem,0
6848,3040101,304010,1,502,TrainingItem,0
6849,3040101,304010,1,503,TrainingItem,0
6850,3040101,304010,1,504,TrainingItem,0
6851,3040101,304010,1,3,SupportItem,0
6852,3040101,304010,1,4,SupportItem,0
6853,3040101,304010,1,1202,SupportItem,0
6854,3040101,304010,1,1203,SupportItem,0
6855,3040101,304010,1,1502,SupportItem,0
6856,3040102,304010,1,1002150,Card,0
6857,3040102,304010,1,600,TrainingItem,0
6858,3040102,304010,1,601,TrainingItem,0
6859,3040102,304010,1,602,TrainingItem,0
6860,3040102,304010,1,603,TrainingItem,0
6861,3040102,304010,1,604,TrainingItem,0
6862,3040102,304010,1,1505,SupportItem,0
6863,3040102,304010,1,1700,SupportItem,0
6864,3040102,304010,1,1701,SupportItem,0
6865,3040102,304010,1,3042,AwakeningItem,0
6866,3040102,304010,1,3046,AwakeningItem,0
6867,3040102,304010,1,500,TrainingItem,0
6868,3040102,304010,1,501,TrainingItem,0
6869,3040102,304010,1,502,TrainingItem,0
6870,3040102,304010,1,503,TrainingItem,0
6871,3040102,304010,1,504,TrainingItem,0
6872,3040102,304010,1,1100,SupportItem,0
6873,3040102,304010,1,1101,SupportItem,0
6874,3040102,304010,1,1102,SupportItem,0
6875,3040102,304010,1,1103,SupportItem,0
6876,3040102,304010,1,1104,SupportItem,0
6877,3040110,304011,1,3047,AwakeningItem,0
6878,3040110,304011,1,3042,AwakeningItem,0
6879,3040110,304011,1,3046,AwakeningItem,0
6880,3040110,304011,1,200,TrainingItem,0
6881,3040110,304011,1,201,TrainingItem,0
6882,3040110,304011,1,202,TrainingItem,0
6883,3040110,304011,1,203,TrainingItem,0
6884,3040110,304011,1,204,TrainingItem,0
6885,3040110,304011,1,300,TrainingItem,0
6886,3040110,304011,1,301,TrainingItem,0
6887,3040110,304011,1,302,TrainingItem,0
6888,3040110,304011,1,303,TrainingItem,0
6889,3040110,304011,1,304,TrainingItem,0
6890,3040110,304011,1,3,SupportItem,0
6891,3040110,304011,1,1503,SupportItem,0
6892,3040111,304011,1,3047,AwakeningItem,0
6893,3040111,304011,1,3042,AwakeningItem,0
6894,3040111,304011,1,3046,AwakeningItem,0
6895,3040111,304011,1,300,TrainingItem,0
6896,3040111,304011,1,301,TrainingItem,0
6897,3040111,304011,1,302,TrainingItem,0
6898,3040111,304011,1,303,TrainingItem,0
6899,3040111,304011,1,304,TrainingItem,0
6900,3040111,304011,1,500,TrainingItem,0
6901,3040111,304011,1,501,TrainingItem,0
6902,3040111,304011,1,502,TrainingItem,0
6903,3040111,304011,1,503,TrainingItem,0
6904,3040111,304011,1,504,TrainingItem,0
6905,3040111,304011,1,3,SupportItem,0
6906,3040111,304011,1,4,SupportItem,0
6907,3040111,304011,1,1202,SupportItem,0
6908,3040111,304011,1,1203,SupportItem,0
6909,3040111,304011,1,1502,SupportItem,0
6910,3040112,304011,1,3042,AwakeningItem,0
6911,3040112,304011,1,3046,AwakeningItem,0
6912,3040112,304011,1,500,TrainingItem,0
6913,3040112,304011,1,501,TrainingItem,0
6914,3040112,304011,1,502,TrainingItem,0
6915,3040112,304011,1,503,TrainingItem,0
6916,3040112,304011,1,504,TrainingItem,0
6917,3040112,304011,1,600,TrainingItem,0
6918,3040112,304011,1,601,TrainingItem,0
6919,3040112,304011,1,602,TrainingItem,0
6920,3040112,304011,1,603,TrainingItem,0
6921,3040112,304011,1,604,TrainingItem,0
6922,3040112,304011,1,1100,SupportItem,0
6923,3040112,304011,1,1101,SupportItem,0
6924,3040112,304011,1,1102,SupportItem,0
6925,3040112,304011,1,1103,SupportItem,0
6926,3040112,304011,1,1104,SupportItem,0
6927,3040112,304011,1,1505,SupportItem,0
6928,3040112,304011,1,1700,SupportItem,0
6929,3040112,304011,1,1701,SupportItem,0
6930,3040112,304011,1,1002150,Card,0
6931,3040120,304012,1,3047,AwakeningItem,0
6932,3040120,304012,1,3042,AwakeningItem,0
6933,3040120,304012,1,3046,AwakeningItem,0
6934,3040120,304012,1,200,TrainingItem,0
6935,3040120,304012,1,201,TrainingItem,0
6936,3040120,304012,1,202,TrainingItem,0
6937,3040120,304012,1,203,TrainingItem,0
6938,3040120,304012,1,204,TrainingItem,0
6939,3040120,304012,1,300,TrainingItem,0
6940,3040120,304012,1,301,TrainingItem,0
6941,3040120,304012,1,302,TrainingItem,0
6942,3040120,304012,1,303,TrainingItem,0
6943,3040120,304012,1,304,TrainingItem,0
6944,3040120,304012,1,3,SupportItem,0
6945,3040120,304012,1,1503,SupportItem,0
6946,3040121,304012,1,3047,AwakeningItem,0
6947,3040121,304012,1,3042,AwakeningItem,0
6948,3040121,304012,1,3046,AwakeningItem,0
6949,3040121,304012,1,300,TrainingItem,0
6950,3040121,304012,1,301,TrainingItem,0
6951,3040121,304012,1,302,TrainingItem,0
6952,3040121,304012,1,303,TrainingItem,0
6953,3040121,304012,1,304,TrainingItem,0
6954,3040121,304012,1,500,TrainingItem,0
6955,3040121,304012,1,501,TrainingItem,0
6956,3040121,304012,1,502,TrainingItem,0
6957,3040121,304012,1,503,TrainingItem,0
6958,3040121,304012,1,504,TrainingItem,0
6959,3040121,304012,1,3,SupportItem,0
6960,3040121,304012,1,4,SupportItem,0
6961,3040121,304012,1,1202,SupportItem,0
6962,3040121,304012,1,1203,SupportItem,0
6963,3040121,304012,1,1502,SupportItem,0
6964,3040122,304012,1,3042,AwakeningItem,0
6965,3040122,304012,1,3046,AwakeningItem,0
6966,3040122,304012,1,500,TrainingItem,0
6967,3040122,304012,1,501,TrainingItem,0
6968,3040122,304012,1,502,TrainingItem,0
6969,3040122,304012,1,503,TrainingItem,0
6970,3040122,304012,1,504,TrainingItem,0
6971,3040122,304012,1,600,TrainingItem,0
6972,3040122,304012,1,601,TrainingItem,0
6973,3040122,304012,1,602,TrainingItem,0
6974,3040122,304012,1,603,TrainingItem,0
6975,3040122,304012,1,604,TrainingItem,0
6976,3040122,304012,1,1100,SupportItem,0
6977,3040122,304012,1,1101,SupportItem,0
6978,3040122,304012,1,1102,SupportItem,0
6979,3040122,304012,1,1103,SupportItem,0
6980,3040122,304012,1,1104,SupportItem,0
6981,3040122,304012,1,1505,SupportItem,0
6982,3040122,304012,1,1700,SupportItem,0
6983,3040122,304012,1,1701,SupportItem,0
6984,3040122,304012,1,1002150,Card,0
6985,3050010,305001,1,3051,AwakeningItem,0
6986,3050010,305001,1,200,TrainingItem,0
6987,3050010,305001,1,201,TrainingItem,0
6988,3050010,305001,1,202,TrainingItem,0
6989,3050010,305001,1,203,TrainingItem,0
6990,3050010,305001,1,204,TrainingItem,0
6991,3050010,305001,1,300,TrainingItem,0
6992,3050010,305001,1,301,TrainingItem,0
6993,3050010,305001,1,302,TrainingItem,0
6994,3050010,305001,1,303,TrainingItem,0
6995,3050010,305001,1,304,TrainingItem,0
6996,3050010,305001,1,3,SupportItem,0
6997,3050010,305001,1,1503,SupportItem,0
6998,3050011,305001,1,3051,AwakeningItem,0
6999,3050011,305001,1,200,TrainingItem,0
7000,3050011,305001,1,201,TrainingItem,0
7001,3050011,305001,1,202,TrainingItem,0
7002,3050011,305001,1,203,TrainingItem,0
7003,3050011,305001,1,204,TrainingItem,0
7004,3050011,305001,1,3,SupportItem,0
7005,3050011,305001,1,4,SupportItem,0
7006,3050011,305001,1,1202,SupportItem,0
7007,3050011,305001,1,1203,SupportItem,0
7008,3050011,305001,1,1502,SupportItem,0
7009,3050012,305001,1,3051,AwakeningItem,0
7010,3050012,305001,1,1505,SupportItem,0
7011,3050012,305001,1,1700,SupportItem,0
7012,3050012,305001,1,1701,SupportItem,0
7013,3050020,305002,1,3048,AwakeningItem,0
7014,3050020,305002,1,200,TrainingItem,0
7015,3050020,305002,1,201,TrainingItem,0
7016,3050020,305002,1,202,TrainingItem,0
7017,3050020,305002,1,203,TrainingItem,0
7018,3050020,305002,1,204,TrainingItem,0
7019,3050020,305002,1,300,TrainingItem,0
7020,3050020,305002,1,301,TrainingItem,0
7021,3050020,305002,1,302,TrainingItem,0
7022,3050020,305002,1,303,TrainingItem,0
7023,3050020,305002,1,304,TrainingItem,0
7024,3050020,305002,1,3,SupportItem,0
7025,3050020,305002,1,1503,SupportItem,0
7026,3050021,305002,1,3048,AwakeningItem,0
7027,3050021,305002,1,3,SupportItem,0
7028,3050021,305002,1,4,SupportItem,0
7029,3050021,305002,1,1202,SupportItem,0
7030,3050021,305002,1,1203,SupportItem,0
7031,3050021,305002,1,1502,SupportItem,0
7032,3050022,305002,1,3048,AwakeningItem,0
7033,3050022,305002,1,1505,SupportItem,0
7034,3050022,305002,1,1700,SupportItem,0
7035,3050022,305002,1,1701,SupportItem,0
7036,3050030,305003,1,3049,AwakeningItem,0
7037,3050030,305003,1,200,TrainingItem,0
7038,3050030,305003,1,201,TrainingItem,0
7039,3050030,305003,1,202,TrainingItem,0
7040,3050030,305003,1,203,TrainingItem,0
7041,3050030,305003,1,204,TrainingItem,0
7042,3050030,305003,1,300,TrainingItem,0
7043,3050030,305003,1,301,TrainingItem,0
7044,3050030,305003,1,302,TrainingItem,0
7045,3050030,305003,1,303,TrainingItem,0
7046,3050030,305003,1,304,TrainingItem,0
7047,3050030,305003,1,3,SupportItem,0
7048,3050030,305003,1,1503,SupportItem,0
7049,3050031,305003,1,3049,AwakeningItem,0
7050,3050031,305003,1,3,SupportItem,0
7051,3050031,305003,1,4,SupportItem,0
7052,3050031,305003,1,1202,SupportItem,0
7053,3050031,305003,1,1203,SupportItem,0
7054,3050031,305003,1,1502,SupportItem,0
7055,3050032,305003,1,3049,AwakeningItem,0
7056,3050032,305003,1,1505,SupportItem,0
7057,3050032,305003,1,1700,SupportItem,0
7058,3050032,305003,1,1701,SupportItem,0
7059,3050040,305004,1,3048,AwakeningItem,0
7060,3050040,305004,1,3049,AwakeningItem,0
7061,3050040,305004,1,3050,AwakeningItem,0
7062,3050040,305004,1,3051,AwakeningItem,0
7063,3050040,305004,1,3,SupportItem,0
7064,3050040,305004,1,1503,SupportItem,0
7065,3050041,305004,1,3048,AwakeningItem,0
7066,3050041,305004,1,3049,AwakeningItem,0
7067,3050041,305004,1,3050,AwakeningItem,0
7068,3050041,305004,1,3051,AwakeningItem,0
7069,3050042,305004,1,3048,AwakeningItem,0
7070,3050042,305004,1,3049,AwakeningItem,0
7071,3050042,305004,1,3050,AwakeningItem,0
7072,3050042,305004,1,3051,AwakeningItem,0
7073,3050050,305005,1,3049,AwakeningItem,0
7074,3050050,305005,1,3048,AwakeningItem,0
7075,3050050,305005,1,3050,AwakeningItem,0
7076,3050050,305005,1,3051,AwakeningItem,0
7077,3050050,305005,1,3,SupportItem,0
7078,3050050,305005,1,1503,SupportItem,0
7079,3050051,305005,1,3049,AwakeningItem,0
7080,3050051,305005,1,3048,AwakeningItem,0
7081,3050051,305005,1,3050,AwakeningItem,0
7082,3050051,305005,1,3051,AwakeningItem,0
7083,3050051,305005,1,1502,SupportItem,0
7084,3050052,305005,1,3049,AwakeningItem,0
7085,3050052,305005,1,3048,AwakeningItem,0
7086,3050052,305005,1,3050,AwakeningItem,0
7087,3050052,305005,1,3051,AwakeningItem,0
7088,3050060,305006,1,3050,AwakeningItem,0
7089,3050060,305006,1,3048,AwakeningItem,0
7090,3050060,305006,1,3049,AwakeningItem,0
7091,3050060,305006,1,3051,AwakeningItem,0
7092,3050060,305006,1,3,SupportItem,0
7093,3050060,305006,1,1503,SupportItem,0
7094,3050061,305006,1,3050,AwakeningItem,0
7095,3050061,305006,1,3048,AwakeningItem,0
7096,3050061,305006,1,3049,AwakeningItem,0
7097,3050061,305006,1,3051,AwakeningItem,0
7098,3050061,305006,1,4,SupportItem,0
7099,3050061,305006,1,1202,SupportItem,0
7100,3050061,305006,1,1203,SupportItem,0
7101,3050061,305006,1,1502,SupportItem,0
7102,3050062,305006,1,3050,AwakeningItem,0
7103,3050062,305006,1,3048,AwakeningItem,0
7104,3050062,305006,1,3049,AwakeningItem,0
7105,3050062,305006,1,3051,AwakeningItem,0
7106,3050070,305007,1,3051,AwakeningItem,0
7107,3050070,305007,1,3048,AwakeningItem,0
7108,3050070,305007,1,3049,AwakeningItem,0
7109,3050070,305007,1,3050,AwakeningItem,0
7110,3050070,305007,1,3,SupportItem,0
7111,3050070,305007,1,1503,SupportItem,0
7112,3050071,305007,1,3051,AwakeningItem,0
7113,3050071,305007,1,3048,AwakeningItem,0
7114,3050071,305007,1,3049,AwakeningItem,0
7115,3050071,305007,1,3050,AwakeningItem,0
7116,3050071,305007,1,3,SupportItem,0
7117,3050071,305007,1,4,SupportItem,0
7118,3050071,305007,1,1202,SupportItem,0
7119,3050071,305007,1,1203,SupportItem,0
7120,3050071,305007,1,1502,SupportItem,0
7121,3050072,305007,1,3051,AwakeningItem,0
7122,3050072,305007,1,3048,AwakeningItem,0
7123,3050072,305007,1,3049,AwakeningItem,0
7124,3050072,305007,1,3050,AwakeningItem,0
7125,3050080,305008,1,3051,AwakeningItem,0
7126,3050080,305008,1,3048,AwakeningItem,0
7127,3050080,305008,1,3049,AwakeningItem,0
7128,3050080,305008,1,3050,AwakeningItem,0
7129,3050080,305008,1,3,SupportItem,0
7130,3050080,305008,1,1503,SupportItem,0
7131,3050081,305008,1,3051,AwakeningItem,0
7132,3050081,305008,1,3048,AwakeningItem,0
7133,3050081,305008,1,3049,AwakeningItem,0
7134,3050081,305008,1,3050,AwakeningItem,0
7135,3050081,305008,1,3,SupportItem,0
7136,3050081,305008,1,4,SupportItem,0
7137,3050081,305008,1,1202,SupportItem,0
7138,3050081,305008,1,1203,SupportItem,0
7139,3050081,305008,1,1502,SupportItem,0
7140,3050082,305008,1,3051,AwakeningItem,0
7141,3050082,305008,1,3048,AwakeningItem,0
7142,3050082,305008,1,3049,AwakeningItem,0
7143,3050082,305008,1,3050,AwakeningItem,0
7144,3050090,305009,1,3051,AwakeningItem,0
7145,3050090,305009,1,200,TrainingItem,0
7146,3050090,305009,1,201,TrainingItem,0
7147,3050090,305009,1,202,TrainingItem,0
7148,3050090,305009,1,203,TrainingItem,0
7149,3050090,305009,1,204,TrainingItem,0
7150,3050090,305009,1,300,TrainingItem,0
7151,3050090,305009,1,301,TrainingItem,0
7152,3050090,305009,1,302,TrainingItem,0
7153,3050090,305009,1,303,TrainingItem,0
7154,3050090,305009,1,304,TrainingItem,0
7155,3050090,305009,1,3,SupportItem,0
7156,3050090,305009,1,1503,SupportItem,0
7157,3050091,305009,1,3051,AwakeningItem,0
7158,3050091,305009,1,3,SupportItem,0
7159,3050091,305009,1,4,SupportItem,0
7160,3050091,305009,1,1202,SupportItem,0
7161,3050091,305009,1,1203,SupportItem,0
7162,3050091,305009,1,1502,SupportItem,0
7163,3050092,305009,1,3051,AwakeningItem,0
7164,3050092,305009,1,1505,SupportItem,0
7165,3050092,305009,1,1700,SupportItem,0
7166,3050092,305009,1,1701,SupportItem,0
7167,3050100,305010,1,3052,AwakeningItem,0
7168,3050100,305010,1,200,TrainingItem,0
7169,3050100,305010,1,201,TrainingItem,0
7170,3050100,305010,1,202,TrainingItem,0
7171,3050100,305010,1,203,TrainingItem,0
7172,3050100,305010,1,204,TrainingItem,0
7173,3050100,305010,1,300,TrainingItem,0
7174,3050100,305010,1,301,TrainingItem,0
7175,3050100,305010,1,302,TrainingItem,0
7176,3050100,305010,1,303,TrainingItem,0
7177,3050100,305010,1,304,TrainingItem,0
7178,3050100,305010,1,3,SupportItem,0
7179,3050100,305010,1,1503,SupportItem,0
7180,3050101,305010,1,3052,AwakeningItem,0
7181,3050101,305010,1,3048,AwakeningItem,0
7182,3050101,305010,1,3049,AwakeningItem,0
7183,3050101,305010,1,3050,AwakeningItem,0
7184,3050101,305010,1,3051,AwakeningItem,0
7185,3050101,305010,1,1202,SupportItem,0
7186,3050101,305010,1,1203,SupportItem,0
7187,3050101,305010,1,1502,SupportItem,0
7188,3050102,305010,1,3052,AwakeningItem,0
7189,3050102,305010,1,3048,AwakeningItem,0
7190,3050102,305010,1,3049,AwakeningItem,0
7191,3050102,305010,1,3050,AwakeningItem,0
7192,3050102,305010,1,3051,AwakeningItem,0
7193,3050102,305010,1,1505,SupportItem,0
7194,3050102,305010,1,1700,SupportItem,0
7195,3050102,305010,1,1701,SupportItem,0
7196,3050110,305011,1,3052,AwakeningItem,0
7197,3050110,305011,1,500,TrainingItem,0
7198,3050110,305011,1,501,TrainingItem,0
7199,3050110,305011,1,502,TrainingItem,0
7200,3050110,305011,1,503,TrainingItem,0
7201,3050110,305011,1,504,TrainingItem,0
7202,3050110,305011,1,600,TrainingItem,0
7203,3050110,305011,1,601,TrainingItem,0
7204,3050110,305011,1,602,TrainingItem,0
7205,3050110,305011,1,603,TrainingItem,0
7206,3050110,305011,1,604,TrainingItem,0
7207,3050110,305011,1,700,TrainingItem,0
7208,3050110,305011,1,701,TrainingItem,0
7209,3050110,305011,1,702,TrainingItem,0
7210,3050110,305011,1,703,TrainingItem,0
7211,3050110,305011,1,704,TrainingItem,0
7212,3050111,305011,1,3052,AwakeningItem,0
7213,3050111,305011,1,700,TrainingItem,0
7214,3050111,305011,1,701,TrainingItem,0
7215,3050111,305011,1,702,TrainingItem,0
7216,3050111,305011,1,703,TrainingItem,0
7217,3050111,305011,1,704,TrainingItem,0
7218,3050111,305011,1,800,TrainingItem,0
7219,3050111,305011,1,801,TrainingItem,0
7220,3050111,305011,1,802,TrainingItem,0
7221,3050111,305011,1,803,TrainingItem,0
7222,3050111,305011,1,804,TrainingItem,0
7223,3050111,305011,1,900,TrainingItem,0
7224,3050111,305011,1,901,TrainingItem,0
7225,3050111,305011,1,902,TrainingItem,0
7226,3050111,305011,1,903,TrainingItem,0
7227,3050111,305011,1,904,TrainingItem,0
7228,3050112,305011,1,3052,AwakeningItem,0
7229,3050112,305011,1,900,TrainingItem,0
7230,3050112,305011,1,901,TrainingItem,0
7231,3050112,305011,1,902,TrainingItem,0
7232,3050112,305011,1,903,TrainingItem,0
7233,3050112,305011,1,904,TrainingItem,0
7234,3050120,305012,1,3052,AwakeningItem,0
7235,3050120,305012,1,200,TrainingItem,0
7236,3050120,305012,1,201,TrainingItem,0
7237,3050120,305012,1,202,TrainingItem,0
7238,3050120,305012,1,203,TrainingItem,0
7239,3050120,305012,1,204,TrainingItem,0
7240,3050120,305012,1,300,TrainingItem,0
7241,3050120,305012,1,301,TrainingItem,0
7242,3050120,305012,1,302,TrainingItem,0
7243,3050120,305012,1,303,TrainingItem,0
7244,3050120,305012,1,304,TrainingItem,0
7245,3050120,305012,1,3,SupportItem,0
7246,3050120,305012,1,1503,SupportItem,0
7247,3050121,305012,1,3052,AwakeningItem,0
7248,3050121,305012,1,3048,AwakeningItem,0
7249,3050121,305012,1,3049,AwakeningItem,0
7250,3050121,305012,1,3050,AwakeningItem,0
7251,3050121,305012,1,3051,AwakeningItem,0
7252,3050121,305012,1,1202,SupportItem,0
7253,3050121,305012,1,1203,SupportItem,0
7254,3050121,305012,1,1502,SupportItem,0
7255,3050122,305012,1,3052,AwakeningItem,0
7256,3050122,305012,1,3048,AwakeningItem,0
7257,3050122,305012,1,3049,AwakeningItem,0
7258,3050122,305012,1,3050,AwakeningItem,0
7259,3050122,305012,1,3051,AwakeningItem,0
7260,3050122,305012,1,1505,SupportItem,0
7261,3050122,305012,1,1700,SupportItem,0
7262,3050122,305012,1,1701,SupportItem,0
7263,3050130,305013,1,500,TrainingItem,0
7264,3050130,305013,1,501,TrainingItem,0
7265,3050130,305013,1,502,TrainingItem,0
7266,3050130,305013,1,503,TrainingItem,0
7267,3050130,305013,1,504,TrainingItem,0
7268,3050130,305013,1,600,TrainingItem,0
7269,3050130,305013,1,601,TrainingItem,0
7270,3050130,305013,1,602,TrainingItem,0
7271,3050130,305013,1,603,TrainingItem,0
7272,3050130,305013,1,604,TrainingItem,0
7273,3050130,305013,1,30505,SupportItem,0
7274,3050131,305013,1,600,TrainingItem,0
7275,3050131,305013,1,601,TrainingItem,0
7276,3050131,305013,1,602,TrainingItem,0
7277,3050131,305013,1,603,TrainingItem,0
7278,3050131,305013,1,604,TrainingItem,0
7279,3050131,305013,1,700,TrainingItem,0
7280,3050131,305013,1,701,TrainingItem,0
7281,3050131,305013,1,702,TrainingItem,0
7282,3050131,305013,1,703,TrainingItem,0
7283,3050131,305013,1,704,TrainingItem,0
7284,3050131,305013,1,30505,SupportItem,0
7285,3050132,305013,1,800,TrainingItem,0
7286,3050132,305013,1,801,TrainingItem,0
7287,3050132,305013,1,802,TrainingItem,0
7288,3050132,305013,1,803,TrainingItem,0
7289,3050132,305013,1,804,TrainingItem,0
7290,3050132,305013,1,30505,SupportItem,0
7291,3060030,306003,1,3061,AwakeningItem,0
7292,3060030,306003,1,300,TrainingItem,0
7293,3060030,306003,1,301,TrainingItem,0
7294,3060030,306003,1,302,TrainingItem,0
7295,3060030,306003,1,303,TrainingItem,0
7296,3060030,306003,1,304,TrainingItem,0
7297,3060031,306003,1,3061,AwakeningItem,0
7298,3060031,306003,1,400,TrainingItem,0
7299,3060031,306003,1,401,TrainingItem,0
7300,3060031,306003,1,402,TrainingItem,0
7301,3060031,306003,1,403,TrainingItem,0
7302,3060031,306003,1,404,TrainingItem,0
7303,3060032,306003,1,3061,AwakeningItem,0
7304,3060032,306003,1,500,TrainingItem,0
7305,3060032,306003,1,501,TrainingItem,0
7306,3060032,306003,1,502,TrainingItem,0
7307,3060032,306003,1,503,TrainingItem,0
7308,3060032,306003,1,504,TrainingItem,0
7309,3060040,306004,1,3062,AwakeningItem,0
7310,3060040,306004,1,300,TrainingItem,0
7311,3060040,306004,1,301,TrainingItem,0
7312,3060040,306004,1,302,TrainingItem,0
7313,3060040,306004,1,303,TrainingItem,0
7314,3060040,306004,1,304,TrainingItem,0
7315,3060041,306004,1,3062,AwakeningItem,0
7316,3060041,306004,1,400,TrainingItem,0
7317,3060041,306004,1,401,TrainingItem,0
7318,3060041,306004,1,402,TrainingItem,0
7319,3060041,306004,1,403,TrainingItem,0
7320,3060041,306004,1,404,TrainingItem,0
7321,3060042,306004,1,3062,AwakeningItem,0
7322,3060042,306004,1,500,TrainingItem,0
7323,3060042,306004,1,501,TrainingItem,0
7324,3060042,306004,1,502,TrainingItem,0
7325,3060042,306004,1,503,TrainingItem,0
7326,3060042,306004,1,504,TrainingItem,0
7327,3060050,306005,1,3063,AwakeningItem,0
7328,3060050,306005,1,300,TrainingItem,0
7329,3060050,306005,1,301,TrainingItem,0
7330,3060050,306005,1,302,TrainingItem,0
7331,3060050,306005,1,303,TrainingItem,0
7332,3060050,306005,1,304,TrainingItem,0
7333,3060051,306005,1,3063,AwakeningItem,0
7334,3060051,306005,1,400,TrainingItem,0
7335,3060051,306005,1,401,TrainingItem,0
7336,3060051,306005,1,402,TrainingItem,0
7337,3060051,306005,1,403,TrainingItem,0
7338,3060051,306005,1,404,TrainingItem,0
7339,3060052,306005,1,3063,AwakeningItem,0
7340,3060052,306005,1,500,TrainingItem,0
7341,3060052,306005,1,501,TrainingItem,0
7342,3060052,306005,1,502,TrainingItem,0
7343,3060052,306005,1,503,TrainingItem,0
7344,3060052,306005,1,504,TrainingItem,0
7345,3060060,306006,1,3064,AwakeningItem,0
7346,3060060,306006,1,300,TrainingItem,0
7347,3060060,306006,1,301,TrainingItem,0
7348,3060060,306006,1,302,TrainingItem,0
7349,3060060,306006,1,303,TrainingItem,0
7350,3060060,306006,1,304,TrainingItem,0
7351,3060061,306006,1,3064,AwakeningItem,0
7352,3060061,306006,1,400,TrainingItem,0
7353,3060061,306006,1,401,TrainingItem,0
7354,3060061,306006,1,402,TrainingItem,0
7355,3060061,306006,1,403,TrainingItem,0
7356,3060061,306006,1,404,TrainingItem,0
7357,3060062,306006,1,3064,AwakeningItem,0
7358,3060062,306006,1,500,TrainingItem,0
7359,3060062,306006,1,501,TrainingItem,0
7360,3060062,306006,1,502,TrainingItem,0
7361,3060062,306006,1,503,TrainingItem,0
7362,3060062,306006,1,504,TrainingItem,0
7363,3060070,306007,1,3065,AwakeningItem,0
7364,3060070,306007,1,300,TrainingItem,0
7365,3060070,306007,1,301,TrainingItem,0
7366,3060070,306007,1,302,TrainingItem,0
7367,3060070,306007,1,303,TrainingItem,0
7368,3060070,306007,1,304,TrainingItem,0
7369,3060071,306007,1,3065,AwakeningItem,0
7370,3060071,306007,1,400,TrainingItem,0
7371,3060071,306007,1,401,TrainingItem,0
7372,3060071,306007,1,402,TrainingItem,0
7373,3060071,306007,1,403,TrainingItem,0
7374,3060071,306007,1,404,TrainingItem,0
7375,3060072,306007,1,3065,AwakeningItem,0
7376,3060072,306007,1,500,TrainingItem,0
7377,3060072,306007,1,501,TrainingItem,0
7378,3060072,306007,1,502,TrainingItem,0
7379,3060072,306007,1,503,TrainingItem,0
7380,3060072,306007,1,504,TrainingItem,0
7381,3060080,306008,1,3061,AwakeningItem,0
7382,3060080,306008,1,300,TrainingItem,0
7383,3060080,306008,1,301,TrainingItem,0
7384,3060080,306008,1,302,TrainingItem,0
7385,3060080,306008,1,303,TrainingItem,0
7386,3060080,306008,1,304,TrainingItem,0
7387,3060080,306008,1,3063,AwakeningItem,0
7388,3060080,306008,1,3064,AwakeningItem,0
7389,3060080,306008,1,3065,AwakeningItem,0
7390,3060080,306008,1,3062,AwakeningItem,0
7391,3060081,306008,1,3061,AwakeningItem,0
7392,3060081,306008,1,400,TrainingItem,0
7393,3060081,306008,1,401,TrainingItem,0
7394,3060081,306008,1,402,TrainingItem,0
7395,3060081,306008,1,403,TrainingItem,0
7396,3060081,306008,1,404,TrainingItem,0
7397,3060081,306008,1,3063,AwakeningItem,0
7398,3060081,306008,1,3064,AwakeningItem,0
7399,3060081,306008,1,3065,AwakeningItem,0
7400,3060081,306008,1,3062,AwakeningItem,0
7401,3060082,306008,1,3061,AwakeningItem,0
7402,3060082,306008,1,500,TrainingItem,0
7403,3060082,306008,1,501,TrainingItem,0
7404,3060082,306008,1,502,TrainingItem,0
7405,3060082,306008,1,503,TrainingItem,0
7406,3060082,306008,1,504,TrainingItem,0
7407,3060082,306008,1,3063,AwakeningItem,0
7408,3060082,306008,1,3064,AwakeningItem,0
7409,3060082,306008,1,3065,AwakeningItem,0
7410,3060082,306008,1,3062,AwakeningItem,0
7411,3060090,306009,1,3066,AwakeningItem,0
7412,3060090,306009,1,300,TrainingItem,0
7413,3060090,306009,1,301,TrainingItem,0
7414,3060090,306009,1,302,TrainingItem,0
7415,3060090,306009,1,303,TrainingItem,0
7416,3060090,306009,1,304,TrainingItem,0
7417,3060091,306009,1,1002680,Card,0
7418,3060091,306009,1,3066,AwakeningItem,0
7419,3060091,306009,1,400,TrainingItem,0
7420,3060091,306009,1,401,TrainingItem,0
7421,3060091,306009,1,402,TrainingItem,0
7422,3060091,306009,1,403,TrainingItem,0
7423,3060091,306009,1,404,TrainingItem,0
7424,3060092,306009,1,1002680,Card,0
7425,3060092,306009,1,3066,AwakeningItem,0
7426,3060092,306009,1,500,TrainingItem,0
7427,3060092,306009,1,501,TrainingItem,0
7428,3060092,306009,1,502,TrainingItem,0
7429,3060092,306009,1,503,TrainingItem,0
7430,3060092,306009,1,504,TrainingItem,0
7431,3070010,307001,1,3072,AwakeningItem,0
7432,3070011,307001,1,3072,AwakeningItem,0
7433,3070012,307001,1,3072,AwakeningItem,0
7434,3070020,307002,1,3073,AwakeningItem,0
7435,3070021,307002,1,3073,AwakeningItem,0
7436,3070022,307002,1,3073,AwakeningItem,0
7437,3070030,307003,1,6,SupportItem,0
7438,3070030,307003,1,4,SupportItem,0
7439,3070031,307003,1,6,SupportItem,0
7440,3070031,307003,1,4,SupportItem,0
7441,3070032,307003,1,6,SupportItem,0
7442,3070032,307003,1,4,SupportItem,0
7443,3070040,307004,1,3071,AwakeningItem,0
7444,3070041,307004,1,3071,AwakeningItem,0
7445,3070042,307004,1,3071,AwakeningItem,0
7446,3070050,307005,1,3074,AwakeningItem,0
7447,3070051,307005,1,3074,AwakeningItem,0
7448,3070052,307005,1,3074,AwakeningItem,0
7449,3070060,307006,1,3074,AwakeningItem,0
7450,3070061,307006,1,3074,AwakeningItem,0
7451,3070062,307006,1,3074,AwakeningItem,0
7452,3070070,307007,1,3075,AwakeningItem,0
7453,3070071,307007,1,3075,AwakeningItem,0
7454,3070072,307007,1,3075,AwakeningItem,0
7455,3070080,307008,1,300,TrainingItem,0
7456,3070080,307008,1,301,TrainingItem,0
7457,3070080,307008,1,302,TrainingItem,0
7458,3070080,307008,1,303,TrainingItem,0
7459,3070080,307008,1,304,TrainingItem,0
7460,3070080,307008,1,2000190,Card,0
7461,3070080,307008,1,3075,AwakeningItem,0
7462,3070080,307008,1,400,TrainingItem,0
7463,3070080,307008,1,401,TrainingItem,0
7464,3070080,307008,1,402,TrainingItem,0
7465,3070080,307008,1,403,TrainingItem,0
7466,3070080,307008,1,404,TrainingItem,0
7467,3070081,307008,1,500,TrainingItem,0
7468,3070081,307008,1,2000190,Card,0
7469,3070081,307008,1,501,TrainingItem,0
7470,3070081,307008,1,502,TrainingItem,0
7471,3070081,307008,1,503,TrainingItem,0
7472,3070081,307008,1,504,TrainingItem,0
7473,3070081,307008,1,3075,AwakeningItem,0
7474,3070082,307008,1,2000190,Card,0
7475,3070082,307008,1,700,TrainingItem,0
7476,3070082,307008,1,701,TrainingItem,0
7477,3070082,307008,1,702,TrainingItem,0
7478,3070082,307008,1,703,TrainingItem,0
7479,3070082,307008,1,704,TrainingItem,0
7480,3070082,307008,1,3075,AwakeningItem,0
7481,3070082,307008,1,600,TrainingItem,0
7482,3070082,307008,1,601,TrainingItem,0
7483,3070082,307008,1,602,TrainingItem,0
7484,3070082,307008,1,603,TrainingItem,0
7485,3070082,307008,1,604,TrainingItem,0
7486,3070090,307009,1,2000180,Card,0
7487,3070090,307009,1,300,TrainingItem,0
7488,3070090,307009,1,301,TrainingItem,0
7489,3070090,307009,1,302,TrainingItem,0
7490,3070090,307009,1,303,TrainingItem,0
7491,3070090,307009,1,304,TrainingItem,0
7492,3070091,307009,1,2000180,Card,0
7493,3070091,307009,1,500,TrainingItem,0
7494,3070091,307009,1,501,TrainingItem,0
7495,3070091,307009,1,502,TrainingItem,0
7496,3070091,307009,1,503,TrainingItem,0
7497,3070091,307009,1,504,TrainingItem,0
7498,3070092,307009,1,2000180,Card,0
7499,3070092,307009,1,700,TrainingItem,0
7500,3070092,307009,1,701,TrainingItem,0
7501,3070092,307009,1,702,TrainingItem,0
7502,3070092,307009,1,703,TrainingItem,0
7503,3070092,307009,1,704,TrainingItem,0
7504,3070092,307009,1,3075,AwakeningItem,0
7505,3070100,307010,1,1002470,Card,0
7506,3070100,307010,1,2000280,Card,0
7507,3070100,307010,1,300,TrainingItem,0
7508,3070100,307010,1,301,TrainingItem,0
7509,3070100,307010,1,302,TrainingItem,0
7510,3070100,307010,1,303,TrainingItem,0
7511,3070100,307010,1,304,TrainingItem,0
7512,3070101,307010,1,1002470,Card,0
7513,3070101,307010,1,2000280,Card,0
7514,3070101,307010,1,500,TrainingItem,0
7515,3070101,307010,1,501,TrainingItem,0
7516,3070101,307010,1,502,TrainingItem,0
7517,3070101,307010,1,503,TrainingItem,0
7518,3070101,307010,1,504,TrainingItem,0
7519,3070102,307010,1,1002470,Card,0
7520,3070102,307010,1,2000280,Card,0
7521,3070102,307010,1,700,TrainingItem,0
7522,3070102,307010,1,701,TrainingItem,0
7523,3070102,307010,1,702,TrainingItem,0
7524,3070102,307010,1,703,TrainingItem,0
7525,3070102,307010,1,704,TrainingItem,0
7526,3080010,308001,1,2,SupportItem,0
7527,3080010,308001,1,4,SupportItem,0
7528,3080011,308001,1,1100,SupportItem,0
7529,3080011,308001,1,1101,SupportItem,0
7530,3080011,308001,1,1102,SupportItem,0
7531,3080011,308001,1,1103,SupportItem,0
7532,3080011,308001,1,1104,SupportItem,0
7533,3080012,308001,1,6,SupportItem,0
7534,3080012,308001,1,1002,SupportItem,0
7535,3080012,308001,1,1603,SupportItem,0
7536,3080012,308001,1,1600,SupportItem,0
7537,3080012,308001,1,3081,AwakeningItem,0
7538,3100010,310001,1,300,TrainingItem,0
7539,3100010,310001,1,301,TrainingItem,0
7540,3100010,310001,1,302,TrainingItem,0
7541,3100010,310001,1,303,TrainingItem,0
7542,3100010,310001,1,304,TrainingItem,0
7543,3100011,310001,1,400,TrainingItem,0
7544,3100011,310001,1,401,TrainingItem,0
7545,3100011,310001,1,402,TrainingItem,0
7546,3100011,310001,1,403,TrainingItem,0
7547,3100011,310001,1,404,TrainingItem,0
7548,3100012,310001,1,500,TrainingItem,0
7549,3100012,310001,1,501,TrainingItem,0
7550,3100012,310001,1,502,TrainingItem,0
7551,3100012,310001,1,503,TrainingItem,0
7552,3100012,310001,1,504,TrainingItem,0
7553,3100012,310001,1,3082,AwakeningItem,0
7554,3120010,312001,1,1,AwakeningItem,0
7555,3120010,312001,1,2,AwakeningItem,0
7556,3120010,312001,1,3,AwakeningItem,0
7557,3120011,312001,1,4,AwakeningItem,0
7558,3120011,312001,1,5,AwakeningItem,0
7559,3120011,312001,1,6,AwakeningItem,0
7560,3120011,312001,1,7,AwakeningItem,0
7561,3120011,312001,1,8,AwakeningItem,0
7562,3120012,312001,1,9,AwakeningItem,0
7563,3120012,312001,1,10,AwakeningItem,0
7564,3120012,312001,1,11,AwakeningItem,0
7565,3120012,312001,1,12,AwakeningItem,0
7566,3120012,312001,1,13,AwakeningItem,0
7567,3120012,312001,1,3086,AwakeningItem,0
7568,3120012,312001,1,3087,AwakeningItem,0
7569,3130010,313001,1,400,TrainingItem,0
7570,3130010,313001,1,401,TrainingItem,0
7571,3130010,313001,1,402,TrainingItem,0
7572,3130010,313001,1,403,TrainingItem,0
7573,3130010,313001,1,404,TrainingItem,0
7574,3130011,313001,0,3085,AwakeningItem,0
7575,3130012,313001,1,3085,AwakeningItem,0
7576,3130012,313001,1,3083,AwakeningItem,0
7577,3130012,313001,1,3084,AwakeningItem,0
7578,3130012,313001,1,1001851,Card,0
7579,3140010,314001,1,3141,AwakeningItem,0
7580,3140010,314001,1,1,AwakeningItem,0
7581,3140011,314001,1,3141,AwakeningItem,0
7582,3140011,314001,1,1,AwakeningItem,0
7583,3140012,314001,1,3141,AwakeningItem,0
7584,3140012,314001,1,1,AwakeningItem,0
7585,3140020,314002,1,3142,AwakeningItem,0
7586,3140020,314002,1,2,AwakeningItem,0
7587,3140021,314002,1,3142,AwakeningItem,0
7588,3140021,314002,1,2,AwakeningItem,0
7589,3140022,314002,1,3142,AwakeningItem,0
7590,3140022,314002,1,2,AwakeningItem,0
7591,3140030,314003,1,31402,SupportItem,0
7592,3140030,314003,1,2,SupportItem,0
7593,3140031,314003,1,31403,SupportItem,0
7594,3140031,314003,1,4,SupportItem,0
7595,3140032,314003,1,31401,SupportItem,0
7596,3140032,314003,1,6,SupportItem,0
7597,3140040,314004,1,31402,SupportItem,0
7598,3140040,314004,1,1203,SupportItem,0
7599,3140041,314004,1,31403,SupportItem,0
7600,3140041,314004,1,1600,SupportItem,0
7601,3140042,314004,1,31401,SupportItem,0
7602,3140042,314004,1,1603,SupportItem,0
7603,3140050,314005,1,3146,AwakeningItem,0
7604,3140050,314005,1,300,TrainingItem,0
7605,3140050,314005,1,301,TrainingItem,0
7606,3140050,314005,1,302,TrainingItem,0
7607,3140050,314005,1,303,TrainingItem,0
7608,3140050,314005,1,304,TrainingItem,0
7609,3140051,314005,1,3146,AwakeningItem,0
7610,3140051,314005,1,400,TrainingItem,0
7611,3140051,314005,1,401,TrainingItem,0
7612,3140051,314005,1,402,TrainingItem,0
7613,3140051,314005,1,403,TrainingItem,0
7614,3140052,314005,1,3146,AwakeningItem,0
7615,3140052,314005,1,500,TrainingItem,0
7616,3140052,314005,1,501,TrainingItem,0
7617,3140052,314005,1,502,TrainingItem,0
7618,3140052,314005,1,503,TrainingItem,0
7619,3140052,314005,1,504,TrainingItem,0
7620,3140060,314006,1,3143,AwakeningItem,0
7621,3140060,314006,1,300,TrainingItem,0
7622,3140060,314006,1,301,TrainingItem,0
7623,3140060,314006,1,302,TrainingItem,0
7624,3140060,314006,1,303,TrainingItem,0
7625,3140060,314006,1,304,TrainingItem,0
7626,3140061,314006,1,3144,AwakeningItem,0
7627,3140061,314006,1,400,TrainingItem,0
7628,3140061,314006,1,401,TrainingItem,0
7629,3140061,314006,1,402,TrainingItem,0
7630,3140061,314006,1,403,TrainingItem,0
7631,3140062,314006,1,3144,AwakeningItem,0
7632,3140062,314006,1,3143,AwakeningItem,0
7633,3140062,314006,1,500,TrainingItem,0
7634,3140062,314006,1,501,TrainingItem,0
7635,3140062,314006,1,502,TrainingItem,0
7636,3140062,314006,1,503,TrainingItem,0
7637,3140062,314006,1,504,TrainingItem,0
7638,3140070,314007,1,3147,AwakeningItem,0
7639,3140070,314007,1,300,TrainingItem,0
7640,3140070,314007,1,301,TrainingItem,0
7641,3140070,314007,1,302,TrainingItem,0
7642,3140070,314007,1,303,TrainingItem,0
7643,3140070,314007,1,304,TrainingItem,0
7644,3140071,314007,1,3147,AwakeningItem,0
7645,3140071,314007,1,400,TrainingItem,0
7646,3140071,314007,1,401,TrainingItem,0
7647,3140071,314007,1,402,TrainingItem,0
7648,3140071,314007,1,403,TrainingItem,0
7649,3140072,314007,1,3147,AwakeningItem,0
7650,3140072,314007,1,500,TrainingItem,0
7651,3140072,314007,1,501,TrainingItem,0
7652,3140072,314007,1,502,TrainingItem,0
7653,3140072,314007,1,503,TrainingItem,0
7654,3140072,314007,1,504,TrainingItem,0
7655,3140080,314008,1,3145,AwakeningItem,0
7656,3140080,314008,1,300,TrainingItem,0
7657,3140080,314008,1,301,TrainingItem,0
7658,3140080,314008,1,302,TrainingItem,0
7659,3140080,314008,1,303,TrainingItem,0
7660,3140080,314008,1,304,TrainingItem,0
7661,3140081,314008,1,3145,AwakeningItem,0
7662,3140081,314008,1,400,TrainingItem,0
7663,3140081,314008,1,401,TrainingItem,0
7664,3140081,314008,1,402,TrainingItem,0
7665,3140081,314008,1,403,TrainingItem,0
7666,3140082,314008,1,3145,AwakeningItem,0
7667,3140082,314008,1,500,TrainingItem,0
7668,3140082,314008,1,501,TrainingItem,0
7669,3140082,314008,1,502,TrainingItem,0
7670,3140082,314008,1,503,TrainingItem,0
7671,3140082,314008,1,504,TrainingItem,0
7672,3140090,314009,1,31402,SupportItem,0
7673,3140090,314009,1,1003840,Card,0
7674,3140091,314009,1,31403,SupportItem,0
7675,3140091,314009,1,4,SupportItem,0
7676,3140091,314009,1,1003840,Card,0
7677,3140092,314009,1,31401,SupportItem,0
7678,3140092,314009,1,6,SupportItem,0
7679,3140092,314009,1,1003840,Card,0
7680,3140100,314010,1,400,TrainingItem,0
7681,3140100,314010,1,404,TrainingItem,0
7682,3140101,314010,1,500,TrainingItem,0
7683,3140101,314010,1,504,TrainingItem,0
7684,3140102,314010,1,700,TrainingItem,0
7685,3140102,314010,1,704,TrainingItem,0
7686,3140110,314011,1,401,TrainingItem,0
7687,3140110,314011,1,403,TrainingItem,0
7688,3140111,314011,1,501,TrainingItem,0
7689,3140111,314011,1,503,TrainingItem,0
7690,3140112,314011,1,701,TrainingItem,0
7691,3140112,314011,1,703,TrainingItem,0
7692,3140120,314012,1,402,TrainingItem,0
7693,3140120,314012,1,1003840,Card,0
7694,3140121,314012,1,502,TrainingItem,0
7695,3140121,314012,1,1003840,Card,0
7696,3140122,314012,0,702,TrainingItem,0
7697,3140122,314012,1,900,TrainingItem,0
7698,3140122,314012,1,901,TrainingItem,0
7699,3140122,314012,1,902,TrainingItem,0
7700,3140122,314012,1,903,TrainingItem,0
7701,3140122,314012,1,904,TrainingItem,0
7702,3140122,314012,1,1003840,Card,0
7703,3150010,315001,1,3151,AwakeningItem,0
7704,3150010,315001,1,1003960,Card,0
7705,3150011,315001,1,3151,AwakeningItem,0
7706,3150011,315001,1,1003960,Card,0
7707,3150012,315001,1,3151,AwakeningItem,0
7708,3150012,315001,1,1003960,Card,0
7709,3150020,315002,1,31502,SupportItem,0
7710,3150020,315002,1,3151,AwakeningItem,0
7711,3150021,315002,1,31502,SupportItem,0
7712,3150021,315002,1,3151,AwakeningItem,0
7713,3150022,315002,1,31502,SupportItem,0
7714,3150022,315002,1,3151,AwakeningItem,0
7715,3150030,315003,1,3151,AwakeningItem,0
7716,3150031,315003,1,3151,AwakeningItem,0
7717,3150032,315003,1,3151,AwakeningItem,0
7718,3150032,315003,1,1003960,Card,0
7719,3150040,315004,1,31501,SupportItem,0
7720,3150040,315004,1,3151,AwakeningItem,0
7721,3150040,315004,1,1003930,Card,0
7722,3150041,315004,1,31501,SupportItem,0
7723,3150041,315004,1,1003930,Card,0
7724,3150042,315004,1,31501,SupportItem,0
7725,3150042,315004,1,1003930,Card,0
7726,3150050,315005,1,31501,SupportItem,0
7727,3150050,315005,1,3151,AwakeningItem,0
7728,3150050,315005,1,1003960,Card,0
7729,3150051,315005,1,31501,SupportItem,0
7730,3150051,315005,1,3151,AwakeningItem,0
7731,3150051,315005,1,1003960,Card,0
7732,3150052,315005,1,31501,SupportItem,0
7733,3150052,315005,1,1003960,Card,0
7734,3150060,315006,1,3151,AwakeningItem,0
7735,3150061,315006,1,3151,AwakeningItem,0
7736,3150062,315006,1,3151,AwakeningItem,0
7737,3150070,315007,1,3151,AwakeningItem,0
7738,3150070,315007,1,2000750,Card,0
7739,3150071,315007,1,3151,AwakeningItem,0
7740,3150071,315007,1,2000750,Card,0
7741,3150072,315007,1,3151,AwakeningItem,0
7742,3150072,315007,1,2000750,Card,0
7743,3150080,315008,1,31502,SupportItem,0
7744,3150080,315008,1,2000750,Card,0
7745,3150081,315008,1,31502,SupportItem,0
7746,3150081,315008,1,2000750,Card,0
7747,3150082,315008,1,31502,SupportItem,0
7748,3150082,315008,1,2000750,Card,0
7749,3150090,315009,1,31501,SupportItem,0
7750,3150090,315009,1,2000750,Card,0
7751,3150091,315009,1,31501,SupportItem,0
7752,3150091,315009,1,2000750,Card,0
7753,3150092,315009,1,31501,SupportItem,0
7754,3150092,315009,1,2000750,Card,0
7755,3150100,315010,1,3151,AwakeningItem,0
7756,3150100,315010,1,2000750,Card,0
7757,3150101,315010,1,3151,AwakeningItem,0
7758,3150101,315010,1,2000750,Card,0
7759,3150102,315010,1,3151,AwakeningItem,0
7760,3150102,315010,1,2000750,Card,0
7761,3150112,315011,1,30009,AwakeningItem,0
7762,3150112,315011,1,31501,SupportItem,0
7763,3150112,315011,1,902,TrainingItem,0
7764,3160010,316001,1,2,SupportItem,0
7765,3160010,316001,1,403,TrainingItem,0
7766,3160010,316001,1,1003990,Card,0
7767,3160011,316001,1,3,SupportItem,0
7768,3160011,316001,1,500,TrainingItem,0
7769,3160011,316001,1,501,TrainingItem,0
7770,3160011,316001,1,502,TrainingItem,0
7771,3160011,316001,1,503,TrainingItem,0
7772,3160011,316001,1,504,TrainingItem,0
7773,3160011,316001,1,1003990,Card,0
7774,3160012,316001,1,6,SupportItem,0
7775,3160012,316001,1,600,TrainingItem,0
7776,3160012,316001,1,601,TrainingItem,0
7777,3160012,316001,1,602,TrainingItem,0
7778,3160012,316001,1,603,TrainingItem,0
7779,3160012,316001,1,604,TrainingItem,0
7780,3160012,316001,1,1202,SupportItem,0
7781,3160012,316001,1,1003990,Card,0
7782,3170012,317001,1,6,SupportItem,0
7783,3170012,317001,1,800,TrainingItem,0
7784,3170012,317001,1,801,TrainingItem,0
7785,3170012,317001,1,802,TrainingItem,0
7786,3170012,317001,1,803,TrainingItem,0
7787,3170012,317001,1,804,TrainingItem,0
7788,3170012,317001,1,1003991,Card,0
7789,3170013,317001,1,6,SupportItem,0
7790,3170013,317001,1,900,TrainingItem,0
7791,3170013,317001,1,901,TrainingItem,0
7792,3170013,317001,1,902,TrainingItem,0
7793,3170013,317001,1,903,TrainingItem,0
7794,3170013,317001,1,904,TrainingItem,0
7795,3170013,317001,1,19,AwakeningItem,0
7796,3170013,317001,1,20,AwakeningItem,0
7797,3170013,317001,1,1003991,Card,0
7798,3180010,318001,1,1003650,Card,0
7799,3180010,318001,1,1600,SupportItem,0
7800,3180010,318001,1,1000,SupportItem,0
7801,3180010,318001,1,1002,SupportItem,0
7802,3180010,318001,1,300,TrainingItem,0
7803,3180010,318001,1,301,TrainingItem,0
7804,3180010,318001,1,302,TrainingItem,0
7805,3180010,318001,1,303,TrainingItem,0
7806,3180010,318001,1,304,TrainingItem,0
7807,3180011,318001,1,1003650,Card,0
7808,3180011,318001,1,1600,SupportItem,0
7809,3180011,318001,1,1000,SupportItem,0
7810,3180011,318001,1,1002,SupportItem,0
7811,3180011,318001,1,400,TrainingItem,0
7812,3180011,318001,1,401,TrainingItem,0
7813,3180011,318001,1,402,TrainingItem,0
7814,3180011,318001,1,403,TrainingItem,0
7815,3180011,318001,1,404,TrainingItem,0
7816,3180012,318001,1,1003650,Card,0
7817,3180012,318001,1,1600,SupportItem,0
7818,3180012,318001,1,1000,SupportItem,0
7819,3180012,318001,1,1002,SupportItem,0
7820,3180012,318001,1,600,TrainingItem,0
7821,3180012,318001,1,601,TrainingItem,0
7822,3180012,318001,1,602,TrainingItem,0
7823,3180012,318001,1,603,TrainingItem,0
7824,3180012,318001,1,604,TrainingItem,0
7825,3180020,318002,1,1004610,Card,0
7826,3180020,318002,1,1003650,Card,0
7827,3180020,318002,1,1600,SupportItem,0
7828,3180020,318002,1,1000,SupportItem,0
7829,3180020,318002,1,1002,SupportItem,0
7830,3180020,318002,1,300,TrainingItem,0
7831,3180020,318002,1,301,TrainingItem,0
7832,3180020,318002,1,302,TrainingItem,0
7833,3180020,318002,1,303,TrainingItem,0
7834,3180020,318002,1,304,TrainingItem,0
7835,3180021,318002,1,1004610,Card,0
7836,3180021,318002,1,1003650,Card,0
7837,3180021,318002,1,1600,SupportItem,0
7838,3180021,318002,1,1000,SupportItem,0
7839,3180021,318002,1,1002,SupportItem,0
7840,3180021,318002,1,400,TrainingItem,0
7841,3180021,318002,1,401,TrainingItem,0
7842,3180021,318002,1,402,TrainingItem,0
7843,3180021,318002,1,403,TrainingItem,0
7844,3180021,318002,1,404,TrainingItem,0
7845,3180022,318002,1,1004610,Card,0
7846,3180022,318002,1,1003650,Card,0
7847,3180022,318002,1,1600,SupportItem,0
7848,3180022,318002,1,1000,SupportItem,0
7849,3180022,318002,1,1002,SupportItem,0
7850,3180022,318002,1,600,TrainingItem,0
7851,3180022,318002,1,601,TrainingItem,0
7852,3180022,318002,1,602,TrainingItem,0
7853,3180022,318002,1,603,TrainingItem,0
7854,3180022,318002,1,604,TrainingItem,0
7855,3180030,318003,1,1003640,Card,0
7856,3180030,318003,1,300,TrainingItem,0
7857,3180030,318003,1,301,TrainingItem,0
7858,3180030,318003,1,302,TrainingItem,0
7859,3180030,318003,1,303,TrainingItem,0
7860,3180030,318003,1,304,TrainingItem,0
7861,3180030,318003,1,1600,SupportItem,0
7862,3180030,318003,1,1000,SupportItem,0
7863,3180030,318003,1,1002,SupportItem,0
7864,3180030,318003,1,1004610,Card,0
7865,3180030,318003,1,1004620,Card,0
7866,3180030,318003,1,1004630,Card,0
7867,3180030,318003,1,1004640,Card,0
7868,3180031,318003,1,1003640,Card,0
7869,3180031,318003,1,400,TrainingItem,0
7870,3180031,318003,1,401,TrainingItem,0
7871,3180031,318003,1,402,TrainingItem,0
7872,3180031,318003,1,403,TrainingItem,0
7873,3180031,318003,1,404,TrainingItem,0
7874,3180031,318003,1,1600,SupportItem,0
7875,3180031,318003,1,1000,SupportItem,0
7876,3180031,318003,1,1002,SupportItem,0
7877,3180031,318003,1,1004610,Card,0
7878,3180031,318003,1,1004620,Card,0
7879,3180031,318003,1,1004630,Card,0
7880,3180031,318003,1,1004640,Card,0
7881,3180032,318003,1,1003640,Card,0
7882,3180032,318003,1,600,TrainingItem,0
7883,3180032,318003,1,601,TrainingItem,0
7884,3180032,318003,1,602,TrainingItem,0
7885,3180032,318003,1,603,TrainingItem,0
7886,3180032,318003,1,604,TrainingItem,0
7887,3180032,318003,1,1600,SupportItem,0
7888,3180032,318003,1,1000,SupportItem,0
7889,3180032,318003,1,1002,SupportItem,0
7890,3180032,318003,1,1004610,Card,0
7891,3180032,318003,1,1004620,Card,0
7892,3180032,318003,1,1004630,Card,0
7893,3180032,318003,1,1004640,Card,0
7894,3180040,318004,1,1003640,Card,0
7895,3180040,318004,1,1003650,Card,0
7896,3180040,318004,1,300,TrainingItem,0
7897,3180040,318004,1,1,SupportItem,0
7898,3180040,318004,1,1004610,Card,0
7899,3180040,318004,1,302,TrainingItem,0
7900,3180040,318004,1,1004620,Card,0
7901,3180040,318004,1,301,TrainingItem,0
7902,3180041,318004,1,1003640,Card,0
7903,3180041,318004,1,1003650,Card,0
7904,3180041,318004,1,400,TrainingItem,0
7905,3180041,318004,1,2,SupportItem,0
7906,3180041,318004,1,1004610,Card,0
7907,3180041,318004,1,402,TrainingItem,0
7908,3180041,318004,1,1004620,Card,0
7909,3180041,318004,1,401,TrainingItem,0
7910,3180042,318004,1,1003640,Card,0
7911,3180042,318004,1,1003650,Card,0
7912,3180042,318004,1,600,TrainingItem,0
7913,3180042,318004,1,3,SupportItem,0
7914,3180042,318004,1,1004610,Card,0
7915,3180042,318004,1,602,TrainingItem,0
7916,3180042,318004,1,1004620,Card,0
7917,3180042,318004,1,601,TrainingItem,0
7918,3180050,318005,1,1003640,Card,0
7919,3180050,318005,1,300,TrainingItem,0
7920,3180050,318005,1,1,SupportItem,0
7921,3180050,318005,1,3181,AwakeningItem,0
7922,3180050,318005,1,1004610,Card,0
7923,3180050,318005,1,302,TrainingItem,0
7924,3180050,318005,1,1004620,Card,0
7925,3180050,318005,1,301,TrainingItem,0
7926,3180050,318005,1,1004630,Card,0
7927,3180050,318005,1,303,TrainingItem,0
7928,3180050,318005,1,1004640,Card,0
7929,3180050,318005,1,304,TrainingItem,0
7930,3180051,318005,1,1003640,Card,0
7931,3180051,318005,1,400,TrainingItem,0
7932,3180051,318005,1,2,SupportItem,0
7933,3180051,318005,1,3181,AwakeningItem,0
7934,3180051,318005,1,1004610,Card,0
7935,3180051,318005,1,402,TrainingItem,0
7936,3180051,318005,1,1004620,Card,0
7937,3180051,318005,1,401,TrainingItem,0
7938,3180051,318005,1,1004630,Card,0
7939,3180051,318005,1,403,TrainingItem,0
7940,3180051,318005,1,1004640,Card,0
7941,3180051,318005,1,404,TrainingItem,0
7942,3180052,318005,1,1003640,Card,0
7943,3180052,318005,1,600,TrainingItem,0
7944,3180052,318005,1,3,SupportItem,0
7945,3180052,318005,1,3181,AwakeningItem,0
7946,3180052,318005,1,1004610,Card,0
7947,3180052,318005,1,602,TrainingItem,0
7948,3180052,318005,1,1004620,Card,0
7949,3180052,318005,1,601,TrainingItem,0
7950,3180052,318005,1,1004630,Card,0
7951,3180052,318005,1,603,TrainingItem,0
7952,3180052,318005,1,1004640,Card,0
7953,3180052,318005,1,604,TrainingItem,0
7954,3190021,319002,1,500,TrainingItem,0
7955,3190021,319002,1,501,TrainingItem,0
7956,3190021,319002,1,502,TrainingItem,0
7957,3190021,319002,1,503,TrainingItem,0
7958,3190021,319002,1,504,TrainingItem,0
7959,3190031,319003,1,1,AwakeningItem,0
7960,3190031,319003,1,2,AwakeningItem,0
7961,3190031,319003,1,3,AwakeningItem,0
7962,3190041,319004,0,603,TrainingItem,0
7963,3190051,319005,0,601,TrainingItem,0
7964,3190061,319006,0,602,TrainingItem,0
7965,3190071,319007,0,600,TrainingItem,0
7966,3190081,319008,0,604,TrainingItem,0
7967,3190091,319009,1,31501,SupportItem,0
7968,3190091,319009,1,1202,SupportItem,0
7969,3190091,319009,1,31402,SupportItem,0
7970,3190091,319009,1,1201,SupportItem,0
7971,3190091,319009,1,3151,AwakeningItem,0
7972,3190091,319009,1,600,TrainingItem,0
7973,3190091,319009,1,601,TrainingItem,0
7974,3190091,319009,1,602,TrainingItem,0
7975,3190091,319009,1,603,TrainingItem,0
7976,3190091,319009,1,604,TrainingItem,0
7977,3190101,319010,1,3065,AwakeningItem,0
7978,3190101,319010,1,6,SupportItem,0
7979,3190101,319010,1,3,SupportItem,0
7980,3190101,319010,1,4,SupportItem,0
7981,3190101,319010,1,3061,AwakeningItem,0
7982,3190101,319010,1,600,TrainingItem,0
7983,3190101,319010,1,601,TrainingItem,0
7984,3190101,319010,1,602,TrainingItem,0
7985,3190101,319010,1,603,TrainingItem,0
7986,3190101,319010,1,604,TrainingItem,0
7987,3190101,319010,1,3062,AwakeningItem,0
7988,3190101,319010,1,3063,AwakeningItem,0
7989,3190101,319010,1,3064,AwakeningItem,0
7990,3190101,319010,1,1002870,Card,0
7991,3190101,319010,1,3066,AwakeningItem,0
7992,3190101,319010,1,700,TrainingItem,0
7993,3190101,319010,1,701,TrainingItem,0
7994,3190101,319010,1,702,TrainingItem,0
7995,3190101,319010,1,703,TrainingItem,0
7996,3190101,319010,1,704,TrainingItem,0
7997,3190111,319011,1,3071,AwakeningItem,0
7998,3190111,319011,1,1,AwakeningItem,0
7999,3190111,319011,1,2,AwakeningItem,0
8000,3190111,319011,1,3,AwakeningItem,0
8001,3190111,319011,1,3072,AwakeningItem,0
8002,3190111,319011,1,3073,AwakeningItem,0
8003,3190111,319011,1,3074,AwakeningItem,0
8004,3190111,319011,1,4,AwakeningItem,0
8005,3190111,319011,1,5,AwakeningItem,0
8006,3190111,319011,1,6,AwakeningItem,0
8007,3190111,319011,1,7,AwakeningItem,0
8008,3190111,319011,1,8,AwakeningItem,0
8009,3190111,319011,1,3075,AwakeningItem,0
8010,3190111,319011,1,6,SupportItem,0
8011,3190111,319011,1,3,SupportItem,0
8012,3190111,319011,1,4,SupportItem,0
8013,3190131,319013,1,1700,SupportItem,0
8014,3190131,319013,1,1505,SupportItem,0
8015,3190142,319014,1,1000791,Card,0
8016,3190142,319014,1,3000561,Card,0
8017,3190142,319014,1,3000581,Card,0
8018,3190142,319014,1,3000591,Card,0
8019,3190142,319014,1,3000601,Card,0
8020,3190152,319015,1,3181,AwakeningItem,0
8021,3190152,319015,1,1000,SupportItem,0
8022,3190152,319015,1,1002,SupportItem,0
8023,3190152,319015,1,1600,SupportItem,0
8024,3190162,319016,1,4,AwakeningItem,0
8025,3190162,319016,1,5,AwakeningItem,0
8026,3190162,319016,1,6,AwakeningItem,0
8027,3190162,319016,1,7,AwakeningItem,0
8028,3190162,319016,1,8,AwakeningItem,0
8029,3190182,319018,1,1003400,Card,0
8030,3190182,319018,1,1,AwakeningItem,0
8031,3190182,319018,1,2,AwakeningItem,0
8032,3190182,319018,1,3,AwakeningItem,0
8033,3190192,319019,1,9,AwakeningItem,0
8034,3190192,319019,1,10,AwakeningItem,0
8035,3190192,319019,1,11,AwakeningItem,0
8036,3190192,319019,1,12,AwakeningItem,0
8037,3190192,319019,1,13,AwakeningItem,0
8038,3190192,319019,1,14,AwakeningItem,0
8039,3190202,319020,1,1,AwakeningItem,0
8040,3190202,319020,1,7,AwakeningItem,0
8041,3190202,319020,1,10,AwakeningItem,0
8042,3190202,319020,1,17,AwakeningItem,0
8043,3190202,319020,1,1003380,Card,0
8044,3190202,319020,1,704,TrainingItem,0
8045,3190202,319020,1,804,TrainingItem,0
8046,3190202,319020,1,904,TrainingItem,0
8047,3190212,319021,1,1002630,Card,765122
8048,3190212,319021,1,1002640,Card,93879
8049,3190212,319021,1,1002650,Card,11333
8050,3190222,319022,1,30006,AwakeningItem,0
8051,3190222,319022,1,701,TrainingItem,0
8052,3190222,319022,1,801,TrainingItem,0
8053,3190222,319022,1,901,TrainingItem,0
8054,3190232,319023,1,30007,AwakeningItem,0
8055,3190232,319023,1,704,TrainingItem,0
8056,3190232,319023,1,804,TrainingItem,0
8057,3190232,319023,1,904,TrainingItem,0
8058,3190242,319024,1,31901,AwakeningItem,0
8059,3190242,319024,1,704,TrainingItem,0
8060,3190242,319024,1,804,TrainingItem,0
8061,3190242,319024,1,904,TrainingItem,0
8062,3200031,320003,0,3,TrainingField,0
8063,3200041,320004,1,1100,SupportItem,0
8064,3200041,320004,1,1101,SupportItem,0
8065,3200041,320004,1,1102,SupportItem,0
8066,3200041,320004,1,1103,SupportItem,0
8067,3200041,320004,1,1104,SupportItem,0
8068,3200051,320005,1,500,TrainingItem,0
8069,3200051,320005,1,501,TrainingItem,0
8070,3200051,320005,1,502,TrainingItem,0
8071,3200051,320005,1,503,TrainingItem,0
8072,3200051,320005,1,504,TrainingItem,0
8073,3200061,320006,1,1,AwakeningItem,0
8074,3200061,320006,1,2,AwakeningItem,0
8075,3200061,320006,1,3,AwakeningItem,0
8076,3200071,320007,0,31502,SupportItem,0
8077,3200081,320008,1,30014,AwakeningItem,0
8078,3200081,320008,1,700,TrainingItem,0
8079,3200081,320008,1,800,TrainingItem,0
8080,3200081,320008,1,900,TrainingItem,0
8081,3200081,320008,0,5,TrainingField,0
8082,3200091,320009,1,30008,AwakeningItem,0
8083,3200091,320009,1,701,TrainingItem,0
8084,3200091,320009,1,801,TrainingItem,0
8085,3200091,320009,1,901,TrainingItem,0
8086,3200091,320009,0,6,SupportItem,0
8087,3200101,320010,1,4,AwakeningItem,0
8088,3200101,320010,1,5,AwakeningItem,0
8089,3200101,320010,1,6,AwakeningItem,0
8090,3200101,320010,1,7,AwakeningItem,0
8091,3200101,320010,1,8,AwakeningItem,0
8092,3200111,320011,1,1505,SupportItem,0
8093,3200111,320011,1,1700,SupportItem,0
8094,3200111,320011,1,1701,SupportItem,0
8095,3200121,320012,1,1004760,Card,0
8096,3200121,320012,1,703,TrainingItem,0
8097,3200121,320012,1,803,TrainingItem,0
8098,3200121,320012,1,903,TrainingItem,0
8099,3200121,320012,1,30010,AwakeningItem,0
8100,3200131,320013,1,30011,AwakeningItem,0
8101,3200131,320013,1,702,TrainingItem,0
8102,3200131,320013,1,802,TrainingItem,0
8103,3200131,320013,1,902,TrainingItem,0
8104,3200131,320013,1,800,TrainingItem,0
8105,3200131,320013,1,801,TrainingItem,0
8106,3200131,320013,1,803,TrainingItem,0
8107,3200131,320013,1,804,TrainingItem,0
8108,3200142,320014,1,3141,AwakeningItem,0
8109,3200142,320014,1,3142,AwakeningItem,0
8110,3200142,320014,1,3143,AwakeningItem,0
8111,3200142,320014,1,31402,SupportItem,0
8112,3200142,320014,1,3144,AwakeningItem,0
8113,3200142,320014,1,31403,SupportItem,0
8114,3200142,320014,1,3147,AwakeningItem,0
8115,3200142,320014,1,31401,SupportItem,0
8116,3200142,320014,1,3145,AwakeningItem,0
8117,3200142,320014,1,3146,AwakeningItem,0
8118,3200152,320015,1,30015,AwakeningItem,0
8119,3200152,320015,1,3085,AwakeningItem,0
8120,3200152,320015,1,3081,AwakeningItem,0
8121,3200152,320015,1,900,TrainingItem,0
8122,3200152,320015,1,30016,AwakeningItem,0
8123,3200152,320015,1,3087,AwakeningItem,0
8124,3200152,320015,1,3088,AwakeningItem,0
8125,3200152,320015,1,3089,AwakeningItem,0
8126,3200152,320015,1,3082,AwakeningItem,0
8127,3200152,320015,1,3083,AwakeningItem,0
8128,3200152,320015,1,3084,AwakeningItem,0
8129,3200152,320015,1,3086,AwakeningItem,0
8130,3200162,320016,1,900,TrainingItem,0
8131,3200162,320016,1,901,TrainingItem,0
8132,3200162,320016,1,902,TrainingItem,0
8133,3200162,320016,1,903,TrainingItem,0
8134,3200162,320016,1,904,TrainingItem,0
8135,3200172,320017,1,30003,AwakeningItem,0
8136,3200172,320017,1,704,TrainingItem,0
8137,3200172,320017,1,804,TrainingItem,0
8138,3200172,320017,1,904,TrainingItem,0
8139,3200182,320018,1,30002,AwakeningItem,0
8140,3200182,320018,1,701,TrainingItem,0
8141,3200182,320018,1,801,TrainingItem,0
8142,3200182,320018,1,901,TrainingItem,0
8143,3200192,320019,1,30001,AwakeningItem,0
8144,3200192,320019,1,700,TrainingItem,0
8145,3200192,320019,1,800,TrainingItem,0
8146,3200192,320019,1,900,TrainingItem,0
8147,3200202,320020,1,1004890,Card,0
8148,3200202,320020,1,700,TrainingItem,0
8149,3200202,320020,1,900,TrainingItem,0
8150,3200212,320021,1,30013,AwakeningItem,0
8151,3200212,320021,1,703,TrainingItem,0
8152,3200212,320021,1,803,TrainingItem,0
8153,3200212,320021,1,903,TrainingItem,0
8154,3200212,320021,1,1002630,Card,765122
8155,3200212,320021,1,1002640,Card,93879
8156,3200212,320021,1,1002650,Card,11333
8157,3200222,320022,1,30004,AwakeningItem,0
8158,3200222,320022,1,702,TrainingItem,0
8159,3200222,320022,1,802,TrainingItem,0
8160,3200222,320022,1,902,TrainingItem,0
8161,3200232,320023,1,30005,AwakeningItem,0
8162,3200232,320023,1,702,TrainingItem,0
8163,3200232,320023,1,802,TrainingItem,0
8164,3200232,320023,1,902,TrainingItem,0
8165,3200242,320024,1,30012,AwakeningItem,0
8166,3200242,320024,1,700,TrainingItem,0
8167,3200242,320024,1,800,TrainingItem,0
8168,3200242,320024,1,900,TrainingItem,0
8169,3200252,320025,1,32001,AwakeningItem,0
8170,3200252,320025,1,700,TrainingItem,0
8171,3200252,320025,1,800,TrainingItem,0
8172,3200252,320025,1,900,TrainingItem,0
8173,3210010,321001,0,702,TrainingItem,0
8174,3210010,321001,0,704,TrainingItem,0
8175,3210011,321001,0,802,TrainingItem,0
8176,3210011,321001,0,804,TrainingItem,0
8177,3210012,321001,0,802,TrainingItem,0
8178,3210012,321001,0,804,TrainingItem,0
8179,3210020,321002,0,5,TrainingField,0
8180,3210021,321002,0,6,TrainingField,0
8181,3210022,321002,0,7,TrainingField,0
8182,3210030,321003,1,1005610,Card,0
8183,3210030,321003,1,7,AwakeningItem,0
8184,3210030,321003,1,10,AwakeningItem,0
8185,3210031,321003,1,1005610,Card,0
8186,3210031,321003,1,10,AwakeningItem,0
8187,3210031,321003,1,17,AwakeningItem,0
8188,3210032,321003,1,1005610,Card,0
8189,3210032,321003,1,10,AwakeningItem,0
8190,3210032,321003,1,17,AwakeningItem,0
8191,3210040,321004,1,32105,AwakeningItem,0
8192,3210040,321004,1,6,SupportItem,0
8193,3210041,321004,1,32105,AwakeningItem,0
8194,3210041,321004,1,6,SupportItem,0
8195,3210042,321004,1,32105,AwakeningItem,0
8196,3210042,321004,1,6,SupportItem,0
8197,3210050,321005,1,2000220,Card,0
8198,3210050,321005,1,5,AwakeningItem,0
8199,3210050,321005,1,9,AwakeningItem,0
8200,3210051,321005,1,2000220,Card,0
8201,3210051,321005,1,9,AwakeningItem,0
8202,3210051,321005,1,15,AwakeningItem,0
8203,3210052,321005,1,2000220,Card,0
8204,3210052,321005,1,9,AwakeningItem,0
8205,3210052,321005,1,15,AwakeningItem,0
8206,3210060,321006,1,32101,AwakeningItem,0
8207,3210060,321006,1,32102,AwakeningItem,0
8208,3210060,321006,1,702,TrainingItem,0
8209,3210061,321006,1,32101,AwakeningItem,0
8210,3210061,321006,1,32102,AwakeningItem,0
8211,3210061,321006,1,802,TrainingItem,0
8212,3210062,321006,1,32101,AwakeningItem,0
8213,3210062,321006,1,32102,AwakeningItem,0
8214,3210070,321007,1,32103,AwakeningItem,0
8215,3210070,321007,1,5,AwakeningItem,0
8216,3210071,321007,1,32103,AwakeningItem,0
8217,3210071,321007,1,9,AwakeningItem,0
8218,3210072,321007,1,32103,AwakeningItem,0
8219,3210072,321007,1,15,AwakeningItem,0
8220,3210080,321008,1,32104,AwakeningItem,0
8221,3210080,321008,1,6,TrainingField,0
8222,3210081,321008,1,32104,AwakeningItem,0
8223,3210081,321008,1,6,TrainingField,0
8224,3210082,321008,1,32104,AwakeningItem,0
8225,3210082,321008,1,6,TrainingField,0
8226,3210090,321009,1,1002650,Card,11333
8227,3210090,321009,1,804,TrainingItem,0
8228,3210091,321009,1,1002640,Card,93879
8229,3210091,321009,1,804,TrainingItem,0
8230,3210092,321009,1,1002630,Card,765122
8231,3210092,321009,1,804,TrainingItem,0
8232,3210100,321010,0,32102,SupportItem,0
8233,3210101,321010,1,32102,SupportItem,0
8234,3210102,321010,1,32102,SupportItem,0
8235,3210110,321011,0,32101,SupportItem,0
8236,3210111,321011,1,32101,SupportItem,0
8237,3210112,321011,1,32101,SupportItem,0
8238,3210120,321012,0,31502,SupportItem,0
8239,3210120,321012,0,1000,SupportItem,0
8240,3210121,321012,0,31502,SupportItem,0
8241,3210121,321012,0,1000,SupportItem,0
8242,3210122,321012,0,31502,SupportItem,0
8243,3210122,321012,0,1000,SupportItem,0
8244,3220010,322001,0,2,TreasureItem,0
8245,3220012,322001,0,2,TreasureItem,0
8246,3220020,322002,0,2,TreasureItem,0
8247,3220020,322002,1,1007300,Card,0
8248,3220022,322002,0,2,TreasureItem,0
8249,3220022,322002,1,1007300,Card,0
8250,3220030,322003,0,32201,AwakeningItem,0
8251,3220032,322003,1,32201,AwakeningItem,0
8252,3220040,322004,1,30002,SupportMemory,0
8253,3220040,322004,1,600,TrainingItem,0
8254,3220040,322004,1,601,TrainingItem,0
8255,3220040,322004,1,602,TrainingItem,0
8256,3220040,322004,1,603,TrainingItem,0
8257,3220040,322004,1,604,TrainingItem,0
8258,3220042,322004,1,30002,SupportMemory,0
8259,3220050,322005,0,2,TreasureItem,0
8260,3220052,322005,0,2,TreasureItem,0
8261,3220060,322006,0,32202,AwakeningItem,0
8262,3220060,322006,0,2,TreasureItem,0
8263,3220062,322006,1,32202,AwakeningItem,0
8264,3220062,322006,0,2,TreasureItem,0
8265,3220070,322007,1,2,TreasureItem,0
8266,3220072,322007,1,2,TreasureItem,0
8267,3220080,322008,0,32203,AwakeningItem,0
8268,3220080,322008,0,2,TreasureItem,0
8269,3220082,322008,1,32203,AwakeningItem,0
8270,3220082,322008,1,2,TreasureItem,0
8271,3220090,322009,1,1005920,Card,0
8272,3220090,322009,0,2,TreasureItem,0
8273,3220092,322009,1,1005920,Card,0
8274,3220092,322009,1,2,TreasureItem,0
8275,3220100,322010,0,32204,AwakeningItem,0
8276,3220102,322010,1,32204,AwakeningItem,0
8277,3230010,323001,1,401,TrainingItem,0
8278,3230010,323001,1,403,TrainingItem,0
8279,3230010,323001,1,402,TrainingItem,0
8280,3230012,323001,1,501,TrainingItem,0
8281,3230012,323001,1,503,TrainingItem,0
8282,3230012,323001,1,502,TrainingItem,0
8283,3230020,323002,1,4,AwakeningItem,0
8284,3230020,323002,1,5,AwakeningItem,0
8285,3230020,323002,1,6,AwakeningItem,0
8286,3230022,323002,1,4,AwakeningItem,0
8287,3230022,323002,1,5,AwakeningItem,0
8288,3230022,323002,1,6,AwakeningItem,0
8289,3230030,323003,1,2000020,Card,0
8290,3230030,323003,1,401,TrainingItem,0
8291,3230032,323003,1,2000020,Card,0
8292,3230032,323003,1,501,TrainingItem,0
8293,3230040,323004,0,31502,SupportItem,0
8294,3230040,323004,0,32304,AwakeningItem,0
8295,3230042,323004,0,31502,SupportItem,0
8296,3230042,323004,1,32304,AwakeningItem,0
8297,3230050,323005,0,5,TrainingField,0
8298,3230052,323005,0,5,TrainingField,0
8299,3230060,323006,0,600,TrainingItem,0
8300,3230060,323006,0,601,TrainingItem,0
8301,3230060,323006,0,602,TrainingItem,0
8302,3230060,323006,0,603,TrainingItem,0
8303,3230060,323006,0,604,TrainingItem,0
8304,3230062,323006,0,700,TrainingItem,0
8305,3230062,323006,0,701,TrainingItem,0
8306,3230062,323006,0,702,TrainingItem,0
8307,3230062,323006,0,703,TrainingItem,0
8308,3230062,323006,0,704,TrainingItem,0
8309,3230070,323007,1,1007760,Card,0
8310,3230070,323007,1,32302,AwakeningItem,0
8311,3230070,323007,1,602,TrainingItem,0
8312,3230072,323007,1,1007760,Card,0
8313,3230072,323007,1,701,TrainingItem,0
8314,3230072,323007,0,32302,AwakeningItem,0
8315,3230080,323008,1,32303,AwakeningItem,0
8316,3230080,323008,1,602,TrainingItem,0
8317,3230082,323008,0,32303,AwakeningItem,0
8318,3230082,323008,0,702,TrainingItem,0
8319,3230090,323009,1,1007750,Card,0
8320,3230090,323009,1,603,TrainingItem,0
8321,3230092,323009,1,1007750,Card,0
8322,3230092,323009,1,703,TrainingItem,0
8323,3230100,323010,1,32305,AwakeningItem,0
8324,3230100,323010,1,702,TrainingItem,0
8325,3230102,323010,1,32305,AwakeningItem,0
8326,3230102,323010,1,802,TrainingItem,0
8327,3240010,324001,0,32401,AwakeningItem,0
8328,3240012,324001,1,32401,AwakeningItem,0
8329,3240020,324002,1,1006280,Card,0
8330,3240020,324002,1,3,TreasureItem,0
8331,3240022,324002,1,1006280,Card,0
8332,3240022,324002,1,3,TreasureItem,0
8333,3240030,324003,0,32402,AwakeningItem,0
8334,3240032,324003,1,32402,AwakeningItem,0
8335,3240040,324004,1,30003,SupportMemory,0
8336,3240040,324004,1,600,TrainingItem,0
8337,3240040,324004,1,601,TrainingItem,0
8338,3240040,324004,1,602,TrainingItem,0
8339,3240040,324004,1,603,TrainingItem,0
8340,3240040,324004,1,604,TrainingItem,0
8341,3240040,324004,0,3,TreasureItem,0
8342,3240042,324004,1,30003,SupportMemory,0
8343,3240042,324004,0,3,TreasureItem,0
8344,3240050,324005,0,32404,AwakeningItem,0
8345,3240052,324005,1,32404,AwakeningItem,0
8346,3240060,324006,0,32403,AwakeningItem,0
8347,3240060,324006,0,3,TreasureItem,0
8348,3240062,324006,1,32403,AwakeningItem,0
8349,3240062,324006,0,3,TreasureItem,0
8350,3240070,324007,1,1008020,Card,0
8351,3240070,324007,1,3,TreasureItem,0
8352,3240072,324007,1,1008020,Card,0
8353,3240072,324007,1,3,TreasureItem,0
8354,3240080,324008,1,3,TreasureItem,0
8355,3240082,324008,1,3,TreasureItem,0
8356,3240090,324009,0,3,TreasureItem,0
8357,3240090,324009,1,4,AwakeningItem,0
8358,3240090,324009,1,5,AwakeningItem,0
8359,3240090,324009,1,6,AwakeningItem,0
8360,3240090,324009,1,7,AwakeningItem,0
8361,3240090,324009,1,8,AwakeningItem,0
8362,3240092,324009,0,3,TreasureItem,0
8363,3240092,324009,1,4,AwakeningItem,0
8364,3240092,324009,1,5,AwakeningItem,0
8365,3240092,324009,1,6,AwakeningItem,0
8366,3240092,324009,1,7,AwakeningItem,0
8367,3240092,324009,1,8,AwakeningItem,0
8368,3240100,324010,1,3,TreasureItem,0
8369,3240100,324010,0,1002650,Card,11333
8370,3240102,324010,1,3,TreasureItem,0
8371,3240102,324010,0,1002640,Card,93879
8372,3250010,325001,1,4,AwakeningItem,0
8373,3250010,325001,1,5,AwakeningItem,0
8374,3250010,325001,1,6,AwakeningItem,0
8375,3250010,325001,1,7,AwakeningItem,0
8376,3250010,325001,1,8,AwakeningItem,0
8377,3250012,325001,1,4,AwakeningItem,0
8378,3250012,325001,1,5,AwakeningItem,0
8379,3250012,325001,1,6,AwakeningItem,0
8380,3250012,325001,1,7,AwakeningItem,0
8381,3250012,325001,1,8,AwakeningItem,0
8382,3250020,325002,0,32503,AwakeningItem,0
8383,3250022,325002,1,32503,AwakeningItem,0
8384,3250030,325003,0,1600,SupportItem,0
8385,3250032,325003,0,1600,SupportItem,0
8386,3250040,325004,0,1000,SupportItem,0
8387,3250042,325004,0,1000,SupportItem,0
8388,3250050,325005,1,600,TrainingItem,0
8389,3250050,325005,1,601,TrainingItem,0
8390,3250050,325005,1,602,TrainingItem,0
8391,3250050,325005,1,603,TrainingItem,0
8392,3250050,325005,1,604,TrainingItem,0
8393,3250052,325005,1,800,TrainingItem,0
8394,3250052,325005,1,801,TrainingItem,0
8395,3250052,325005,1,802,TrainingItem,0
8396,3250052,325005,1,803,TrainingItem,0
8397,3250052,325005,1,804,TrainingItem,0
8398,3250060,325006,1,1007060,Card,0
8399,3250060,325006,1,4,AwakeningItem,0
8400,3250062,325006,1,1007060,Card,0
8401,3250070,325007,0,32501,AwakeningItem,0
8402,3250072,325007,1,32501,AwakeningItem,0
8403,3250080,325008,0,32502,AwakeningItem,0
8404,3250082,325008,1,32502,AwakeningItem,0
8405,3260011,326001,0,32601,SupportItem,0
8406,3260012,326001,1,32601,SupportItem,0
8407,3260021,326002,1,4,AwakeningItem,0
8408,3260021,326002,1,5,AwakeningItem,0
8409,3260021,326002,1,6,AwakeningItem,0
8410,3260021,326002,1,7,AwakeningItem,0
8411,3260021,326002,1,8,AwakeningItem,0
8412,3260022,326002,1,4,AwakeningItem,0
8413,3260022,326002,1,5,AwakeningItem,0
8414,3260022,326002,1,6,AwakeningItem,0
8415,3260022,326002,1,7,AwakeningItem,0
8416,3260022,326002,1,8,AwakeningItem,0
8417,3260031,326003,0,6,SupportItem,0
8418,3260032,326003,0,6,SupportItem,0
8419,3260041,326004,1,9,AwakeningItem,0
8420,3260041,326004,1,10,AwakeningItem,0
8421,3260041,326004,1,11,AwakeningItem,0
8422,3260041,326004,1,12,AwakeningItem,0
8423,3260041,326004,1,13,AwakeningItem,0
8424,3260042,326004,1,9,AwakeningItem,0
8425,3260042,326004,1,10,AwakeningItem,0
8426,3260042,326004,1,11,AwakeningItem,0
8427,3260042,326004,1,12,AwakeningItem,0
8428,3260042,326004,1,13,AwakeningItem,0
8429,3260051,326005,1,1004520,Card,0
8430,3260051,326005,1,1008270,Card,0
8431,3260051,326005,1,700,TrainingItem,0
8432,3260052,326005,1,1004520,Card,0
8433,3260052,326005,1,1008270,Card,0
8434,3260052,326005,1,700,TrainingItem,0
8435,3260061,326006,1,32603,AwakeningItem,0
8436,3260061,326006,1,703,TrainingItem,0
8437,3260061,326006,1,803,TrainingItem,0
8438,3260061,326006,1,32602,AwakeningItem,0
8439,3260061,326006,1,700,TrainingItem,0
8440,3260061,326006,1,800,TrainingItem,0
8441,3260061,326006,1,32601,AwakeningItem,0
8442,3260062,326006,1,32603,AwakeningItem,0
8443,3260062,326006,1,703,TrainingItem,0
8444,3260062,326006,1,803,TrainingItem,0
8445,3260062,326006,1,903,TrainingItem,0
8446,3260062,326006,1,32602,AwakeningItem,0
8447,3260062,326006,1,700,TrainingItem,0
8448,3260062,326006,1,800,TrainingItem,0
8449,3260062,326006,1,900,TrainingItem,0
8450,3260062,326006,1,32601,AwakeningItem,0
8451,3270010,327001,0,6,SupportItem,0
8452,3270012,327001,0,6,SupportItem,0
8453,3270020,327002,1,4,AwakeningItem,0
8454,3270020,327002,1,5,AwakeningItem,0
8455,3270020,327002,1,6,AwakeningItem,0
8456,3270020,327002,1,7,AwakeningItem,0
8457,3270020,327002,1,8,AwakeningItem,0
8458,3270022,327002,1,4,AwakeningItem,0
8459,3270022,327002,1,5,AwakeningItem,0
8460,3270022,327002,1,6,AwakeningItem,0
8461,3270022,327002,1,7,AwakeningItem,0
8462,3270022,327002,1,8,AwakeningItem,0
8463,3270030,327003,1,1100,SupportItem,0
8464,3270030,327003,1,1101,SupportItem,0
8465,3270030,327003,1,1102,SupportItem,0
8466,3270030,327003,1,1103,SupportItem,0
8467,3270030,327003,1,1104,SupportItem,0
8468,3270032,327003,1,1100,SupportItem,0
8469,3270032,327003,1,1101,SupportItem,0
8470,3270032,327003,1,1102,SupportItem,0
8471,3270032,327003,1,1103,SupportItem,0
8472,3270032,327003,1,1104,SupportItem,0
8473,3270040,327004,1,9,AwakeningItem,0
8474,3270040,327004,1,10,AwakeningItem,0
8475,3270040,327004,1,11,AwakeningItem,0
8476,3270040,327004,1,12,AwakeningItem,0
8477,3270040,327004,1,13,AwakeningItem,0
8478,3270042,327004,1,9,AwakeningItem,0
8479,3270042,327004,1,10,AwakeningItem,0
8480,3270042,327004,1,11,AwakeningItem,0
8481,3270042,327004,1,12,AwakeningItem,0
8482,3270042,327004,1,13,AwakeningItem,0
8483,3270050,327005,0,6,SupportItem,0
8484,3270052,327005,0,6,SupportItem,0
8485,3270060,327006,1,90001,AwakeningItem,0
8486,3270060,327006,1,403,TrainingItem,0
8487,3270060,327006,1,503,TrainingItem,0
8488,3270060,327006,1,90002,AwakeningItem,0
8489,3270060,327006,1,400,TrainingItem,0
8490,3270060,327006,1,500,TrainingItem,0
8491,3270062,327006,1,90001,AwakeningItem,0
8492,3270062,327006,1,603,TrainingItem,0
8493,3270062,327006,1,703,TrainingItem,0
8494,3270062,327006,1,90002,AwakeningItem,0
8495,3270062,327006,1,600,TrainingItem,0
8496,3270062,327006,1,700,TrainingItem,0
8497,3280010,328001,1,4,AwakeningItem,0
8498,3280010,328001,1,5,AwakeningItem,0
8499,3280010,328001,1,6,AwakeningItem,0
8500,3280010,328001,1,7,AwakeningItem,0
8501,3280010,328001,1,8,AwakeningItem,0
8502,3280012,328001,1,4,AwakeningItem,0
8503,3280012,328001,1,5,AwakeningItem,0
8504,3280012,328001,1,6,AwakeningItem,0
8505,3280012,328001,1,7,AwakeningItem,0
8506,3280012,328001,1,8,AwakeningItem,0
8507,3280020,328002,0,6,SupportItem,0
8508,3280022,328002,0,6,SupportItem,0
8509,3280030,328003,1,800,TrainingItem,0
8510,3280030,328003,1,801,TrainingItem,0
8511,3280030,328003,1,802,TrainingItem,0
8512,3280030,328003,1,803,TrainingItem,0
8513,3280030,328003,1,804,TrainingItem,0
8514,3280032,328003,1,800,TrainingItem,0
8515,3280032,328003,1,801,TrainingItem,0
8516,3280032,328003,1,802,TrainingItem,0
8517,3280032,328003,1,803,TrainingItem,0
8518,3280032,328003,1,804,TrainingItem,0
8519,3280040,328004,1,1009550,Card,0
8520,3280040,328004,1,6,AwakeningItem,0
8521,3280042,328004,1,1009550,Card,0
8522,3280042,328004,1,12,AwakeningItem,0
8523,3280050,328005,1,40005,SupportMemory,0
8524,3280052,328005,1,40005,SupportMemory,0
8525,3280060,328006,0,32801,AwakeningItem,0
8526,3280062,328006,1,32801,AwakeningItem,0
8527,3280070,328007,0,32802,AwakeningItem,0
8528,3280070,328007,0,32803,AwakeningItem,0
8529,3280072,328007,1,32802,AwakeningItem,0
8530,3280072,328007,1,32803,AwakeningItem,0
8531,3280080,328008,1,700,TrainingItem,0
8532,3280080,328008,1,701,TrainingItem,0
8533,3280080,328008,1,702,TrainingItem,0
8534,3280080,328008,1,703,TrainingItem,0
8535,3280080,328008,1,704,TrainingItem,0
8536,3280082,328008,1,900,TrainingItem,0
8537,3280082,328008,1,901,TrainingItem,0
8538,3280082,328008,1,902,TrainingItem,0
8539,3280082,328008,1,903,TrainingItem,0
8540,3280082,328008,1,904,TrainingItem,0
8541,3280090,328009,0,32804,AwakeningItem,0
8542,3280092,328009,1,32804,AwakeningItem,0
8543,3280100,328010,1,40008,SupportMemory,0
8544,3280102,328010,1,40008,SupportMemory,0
8545,3290021,329002,1,32901,AwakeningItem,0
8546,3290021,329002,1,1009800,Card,0
8547,3290022,329002,1,1009800,Card,0
8548,3290022,329002,1,32901,AwakeningItem,0
8549,3300020,330002,1,32402,AwakeningItem,0
8550,3300020,330002,1,3,TreasureItem,0
8551,3300020,330002,1,32401,AwakeningItem,0
8552,3300020,330002,1,32403,AwakeningItem,0
8553,3300022,330002,0,32402,AwakeningItem,0
8554,3300022,330002,0,32401,AwakeningItem,0
8555,3300022,330002,0,32403,AwakeningItem,0
8556,3300030,330003,1,1006270,Card,0
8557,3300030,330003,1,3,TreasureItem,0
8558,3300032,330003,1,1006270,Card,0
8559,3300032,330003,1,3,TreasureItem,0
8560,3300040,330004,1,1006290,Card,0
8561,3300040,330004,1,3,TreasureItem,0
8562,3300042,330004,1,1006290,Card,0
8563,3300042,330004,1,3,TreasureItem,0
8564,3300050,330005,0,3,TreasureItem,0
8565,3300052,330005,0,3,TreasureItem,0
8566,3300060,330006,0,32404,AwakeningItem,0
8567,3300062,330006,1,32404,AwakeningItem,0
8568,3310010,331001,1,2,SupportItem,0
8569,3310010,331001,1,4,SupportItem,0
8570,3310011,331001,1,1100,SupportItem,0
8571,3310011,331001,1,1101,SupportItem,0
8572,3310011,331001,1,1102,SupportItem,0
8573,3310011,331001,1,1103,SupportItem,0
8574,3310011,331001,1,1104,SupportItem,0
8575,3310012,331001,1,6,SupportItem,0
8576,3310012,331001,1,1002,SupportItem,0
8577,3310012,331001,1,1603,SupportItem,0
8578,3310012,331001,1,1600,SupportItem,0
8579,3310012,331001,1,3081,AwakeningItem,0
8580,3310030,331003,1,300,TrainingItem,0
8581,3310030,331003,1,301,TrainingItem,0
8582,3310030,331003,1,302,TrainingItem,0
8583,3310030,331003,1,303,TrainingItem,0
8584,3310030,331003,1,304,TrainingItem,0
8585,3310031,331003,1,400,TrainingItem,0
8586,3310031,331003,1,401,TrainingItem,0
8587,3310031,331003,1,402,TrainingItem,0
8588,3310031,331003,1,403,TrainingItem,0
8589,3310031,331003,1,404,TrainingItem,0
8590,3310032,331003,1,500,TrainingItem,0
8591,3310032,331003,1,501,TrainingItem,0
8592,3310032,331003,1,502,TrainingItem,0
8593,3310032,331003,1,503,TrainingItem,0
8594,3310032,331003,1,504,TrainingItem,0
8595,3310032,331003,1,3082,AwakeningItem,0
8596,3310050,331005,1,1,AwakeningItem,0
8597,3310050,331005,1,2,AwakeningItem,0
8598,3310050,331005,1,3,AwakeningItem,0
8599,3310051,331005,1,4,AwakeningItem,0
8600,3310051,331005,1,5,AwakeningItem,0
8601,3310051,331005,1,6,AwakeningItem,0
8602,3310051,331005,1,7,AwakeningItem,0
8603,3310051,331005,1,8,AwakeningItem,0
8604,3310052,331005,1,9,AwakeningItem,0
8605,3310052,331005,1,10,AwakeningItem,0
8606,3310052,331005,1,11,AwakeningItem,0
8607,3310052,331005,1,12,AwakeningItem,0
8608,3310052,331005,1,13,AwakeningItem,0
8609,3310052,331005,1,3086,AwakeningItem,0
8610,3310052,331005,1,3087,AwakeningItem,0
8611,3310060,331006,1,400,TrainingItem,0
8612,3310060,331006,1,401,TrainingItem,0
8613,3310060,331006,1,402,TrainingItem,0
8614,3310060,331006,1,403,TrainingItem,0
8615,3310060,331006,1,404,TrainingItem,0
8616,3310061,331006,0,3085,AwakeningItem,0
8617,3310062,331006,1,3085,AwakeningItem,0
8618,3310062,331006,1,3083,AwakeningItem,0
8619,3310062,331006,1,3084,AwakeningItem,0
8620,3310062,331006,1,1001851,Card,0
8621,3320010,332001,1,1010350,Card,0
8622,3320010,332001,1,802,TrainingItem,0
8623,3320012,332001,1,1010350,Card,0
8624,3320012,332001,1,802,TrainingItem,0
8625,3320020,332002,1,5,AwakeningItem,0
8626,3320020,332002,1,9,AwakeningItem,0
8627,3320022,332002,1,5,AwakeningItem,0
8628,3320022,332002,1,9,AwakeningItem,0
8629,3320030,332003,1,9,AwakeningItem,0
8630,3320030,332003,1,15,AwakeningItem,0
8631,3320032,332003,1,9,AwakeningItem,0
8632,3320032,332003,1,15,AwakeningItem,0
8633,3320040,332004,0,33201,AwakeningItem,0
8634,3320042,332004,0,33201,AwakeningItem,0
8635,3320052,332005,1,16,PotentialItem,0
8636,3320052,332005,1,17,PotentialItem,0
8637,3320052,332005,1,18,PotentialItem,0
8638,3330011,333001,1,1002640,Card,93879
8639,3330011,333001,1,1002650,Card,11333
8640,3330012,333001,1,1002630,Card,765122
8641,3330012,333001,1,1002640,Card,93879
8642,3330012,333001,1,1002650,Card,11333
8643,3330021,333002,1,33302,AwakeningItem,0
8644,3330021,333002,1,700,TrainingItem,0
8645,3330021,333002,1,33303,AwakeningItem,0
8646,3330021,333002,1,704,TrainingItem,0
8647,3330022,333002,1,33302,AwakeningItem,0
8648,3330022,333002,1,700,TrainingItem,0
8649,3330022,333002,1,33303,AwakeningItem,0
8650,3330022,333002,1,704,TrainingItem,0
8651,3330031,333003,1,33304,AwakeningItem,0
8652,3330031,333003,1,703,TrainingItem,0
8653,3330032,333003,1,33304,AwakeningItem,0
8654,3330032,333003,1,703,TrainingItem,0
8655,3330041,333004,1,1007901,Card,0
8656,3330041,333004,1,704,TrainingItem,0
8657,3330042,333004,1,1007901,Card,0
8658,3330042,333004,1,704,TrainingItem,0
8659,3330051,333005,1,1008010,Card,0
8660,3330051,333005,1,33301,AwakeningItem,0
8661,3330052,333005,1,1008010,Card,0
8662,3330052,333005,1,33301,AwakeningItem,0
8663,3340010,334001,1,6,TreasureItem,0
8664,3340010,334001,1,7,TreasureItem,0
8665,3340012,334001,1,6,TreasureItem,0
8666,3340012,334001,1,7,TreasureItem,0
8667,3340020,334002,1,1009440,Card,0
8668,3340020,334002,1,600,TrainingItem,0
8669,3340022,334002,1,1009440,Card,0
8670,3340022,334002,1,800,TrainingItem,0
8671,3340030,334003,0,33401,AwakeningItem,0
8672,3340032,334003,1,33401,AwakeningItem,0
8673,3340040,334004,1,1011910,Card,0
8674,3340040,334004,1,602,TrainingItem,0
8675,3340042,334004,1,1011910,Card,0
8676,3340042,334004,1,802,TrainingItem,0
8677,3350010,335001,1,1002650,Card,11333
8678,3350010,335001,1,1002640,Card,93879
8679,3350012,335001,1,1002650,Card,11333
8680,3350012,335001,1,1002640,Card,93879
8681,3350012,335001,1,1002630,Card,765122
8682,3350020,335002,0,6,SupportItem,0
8683,3350022,335002,0,6,SupportItem,0
8684,3350030,335003,1,4,AwakeningItem,0
8685,3350030,335003,1,5,AwakeningItem,0
8686,3350030,335003,1,6,AwakeningItem,0
8687,3350030,335003,1,7,AwakeningItem,0
8688,3350030,335003,1,8,AwakeningItem,0
8689,3350030,335003,1,1012170,Card,0
8690,3350032,335003,1,4,AwakeningItem,0
8691,3350032,335003,1,5,AwakeningItem,0
8692,3350032,335003,1,6,AwakeningItem,0
8693,3350032,335003,1,7,AwakeningItem,0
8694,3350032,335003,1,8,AwakeningItem,0
8695,3350032,335003,1,1012170,Card,0
8696,3350040,335004,1,8,TreasureItem,0
8697,3350042,335004,1,8,TreasureItem,0
8698,3350050,335005,1,304,TrainingItem,0
8699,3350052,335005,1,504,TrainingItem,0
8700,3350060,335006,1,4,TrainingField,0
8701,3350060,335006,1,5,TrainingField,0
8702,3350062,335006,1,8,TrainingField,0
8703,3350062,335006,1,4,TrainingField,0
8704,3350062,335006,1,7,TrainingField,0
8705,3350070,335007,1,9,AwakeningItem,0
8706,3350070,335007,1,10,AwakeningItem,0
8707,3350070,335007,1,11,AwakeningItem,0
8708,3350070,335007,1,12,AwakeningItem,0
8709,3350070,335007,1,13,AwakeningItem,0
8710,3350072,335007,1,9,AwakeningItem,0
8711,3350072,335007,1,10,AwakeningItem,0
8712,3350072,335007,1,11,AwakeningItem,0
8713,3350072,335007,1,12,AwakeningItem,0
8714,3350072,335007,1,13,AwakeningItem,0
8715,3350080,335008,1,1011920,Card,0
8716,3350080,335008,1,101,TrainingItem,0
8717,3350082,335008,1,1011920,Card,0
8718,3350082,335008,1,301,TrainingItem,0
8719,3350090,335009,1,1012011,Card,0
8720,3350090,335009,1,700,TrainingItem,0
8721,3350092,335009,1,1012011,Card,0
8722,3350092,335009,1,900,TrainingItem,0
8723,3350100,335010,1,1011970,Card,0
8724,3350100,335010,1,1505,SupportItem,0
8725,3350100,335010,1,1700,SupportItem,0
8726,3350102,335010,1,1011970,Card,0
8727,3350102,335010,1,1505,SupportItem,0
8728,3350102,335010,1,1700,SupportItem,0
8729,3350110,335011,0,33501,AwakeningItem,0
8730,3350112,335011,1,33501,AwakeningItem,0
8731,3350120,335012,0,33502,AwakeningItem,0
8732,3350122,335012,1,33502,AwakeningItem,0
8733,3360012,336001,1,1801,SupportItem,0
8734,3360020,336002,1,1009140,Card,0
8735,3360020,336002,1,4,TrainingField,0
8736,3360020,336002,1,8,TrainingField,0
8737,3360022,336002,1,1009140,Card,0
8738,3360022,336002,1,6,TrainingField,0
8739,3360022,336002,1,8,TrainingField,0
8740,3360030,336003,0,100,TrainingItem,0
8741,3360030,336003,0,101,TrainingItem,0
8742,3360030,336003,0,102,TrainingItem,0
8743,3360030,336003,0,103,TrainingItem,0
8744,3360030,336003,0,104,TrainingItem,0
8745,3360030,336003,0,200,TrainingItem,0
8746,3360030,336003,0,201,TrainingItem,0
8747,3360030,336003,0,202,TrainingItem,0
8748,3360030,336003,0,203,TrainingItem,0
8749,3360030,336003,0,204,TrainingItem,0
8750,3360030,336003,0,300,TrainingItem,0
8751,3360030,336003,0,301,TrainingItem,0
8752,3360030,336003,0,302,TrainingItem,0
8753,3360030,336003,0,303,TrainingItem,0
8754,3360030,336003,0,304,TrainingItem,0
8755,3360030,336003,0,400,TrainingItem,0
8756,3360030,336003,0,401,TrainingItem,0
8757,3360030,336003,0,402,TrainingItem,0
8758,3360030,336003,0,403,TrainingItem,0
8759,3360030,336003,0,404,TrainingItem,0
8760,3360032,336003,0,500,TrainingItem,0
8761,3360032,336003,0,501,TrainingItem,0
8762,3360032,336003,0,502,TrainingItem,0
8763,3360032,336003,0,503,TrainingItem,0
8764,3360032,336003,0,504,TrainingItem,0
8765,3360032,336003,0,600,TrainingItem,0
8766,3360032,336003,0,601,TrainingItem,0
8767,3360032,336003,0,602,TrainingItem,0
8768,3360032,336003,0,603,TrainingItem,0
8769,3360032,336003,0,604,TrainingItem,0
8770,3360032,336003,0,700,TrainingItem,0
8771,3360032,336003,0,701,TrainingItem,0
8772,3360032,336003,0,702,TrainingItem,0
8773,3360032,336003,0,703,TrainingItem,0
8774,3360032,336003,0,704,TrainingItem,0
8775,3360032,336003,0,800,TrainingItem,0
8776,3360032,336003,0,801,TrainingItem,0
8777,3360032,336003,0,802,TrainingItem,0
8778,3360032,336003,0,803,TrainingItem,0
8779,3360032,336003,0,804,TrainingItem,0
8780,3360040,336004,0,33601,AwakeningItem,0
8781,3360042,336004,1,33601,AwakeningItem,0
8782,3370010,337001,0,33701,AwakeningItem,0
8783,3370012,337001,1,33701,AwakeningItem,0
8784,3370020,337002,1,33701,SupportItem,0
8785,3370020,337002,1,10,TreasureItem,0
8786,3370022,337002,1,33701,SupportItem,0
8787,3370022,337002,1,10,TreasureItem,0
8788,3370030,337003,0,33702,AwakeningItem,0
8789,3370032,337003,1,33702,AwakeningItem,0
8790,3370040,337004,1,500,TrainingItem,0
8791,3370040,337004,1,1012620,Card,0
8792,3370042,337004,1,800,TrainingItem,0
8793,3370042,337004,1,1012620,Card,0
8794,3380010,338001,1,1012500,Card,0
8795,3380010,338001,1,604,TrainingItem,0
8796,3380012,338001,1,1012500,Card,0
8797,3380012,338001,1,804,TrainingItem,0
8798,3380020,338002,1,1012490,Card,0
8799,3380020,338002,1,4,AwakeningItem,0
8800,3380020,338002,1,5,AwakeningItem,0
8801,3380020,338002,1,6,AwakeningItem,0
8802,3380020,338002,1,7,AwakeningItem,0
8803,3380020,338002,1,8,AwakeningItem,0
8804,3380022,338002,1,1012490,Card,0
8805,3380022,338002,1,4,AwakeningItem,0
8806,3380022,338002,1,5,AwakeningItem,0
8807,3380022,338002,1,6,AwakeningItem,0
8808,3380022,338002,1,7,AwakeningItem,0
8809,3380022,338002,1,8,AwakeningItem,0
8810,3380030,338003,1,33801,AwakeningItem,0
8811,3380030,338003,1,9,AwakeningItem,0
8812,3380030,338003,1,10,AwakeningItem,0
8813,3380030,338003,1,11,AwakeningItem,0
8814,3380030,338003,1,12,AwakeningItem,0
8815,3380030,338003,1,13,AwakeningItem,0
8816,3380032,338003,1,33801,AwakeningItem,0
8817,3380040,338004,1,33802,AwakeningItem,0
8818,3380040,338004,1,9,AwakeningItem,0
8819,3380040,338004,1,10,AwakeningItem,0
8820,3380040,338004,1,11,AwakeningItem,0
8821,3380040,338004,1,12,AwakeningItem,0
8822,3380040,338004,1,13,AwakeningItem,0
8823,3380042,338004,1,33802,AwakeningItem,0
8824,3380052,338005,1,1012840,Card,0
8825,3380060,338006,0,33801,SupportItem,0
8826,3380062,338006,0,33801,SupportItem,0
8827,3390010,339001,1,1013150,Card,0
8828,3390010,339001,1,4,AwakeningItem,0
8829,3390012,339001,1,1013150,Card,0
8830,3390012,339001,1,4,AwakeningItem,0
8831,3390020,339002,0,1801,SupportItem,0
8832,3390022,339002,0,1801,SupportItem,0
8833,3390030,339003,1,6,SupportItem,0
8834,3390030,339003,1,6,TrainingField,0
8835,3390032,339003,1,6,SupportItem,0
8836,3390032,339003,1,6,TrainingField,0
8837,3390032,339003,1,7,TrainingField,0
8838,3390040,339004,0,1000,SupportItem,0
8839,3390042,339004,0,1000,SupportItem,0
8840,3390050,339005,1,12,AwakeningItem,0
8841,3390050,339005,1,6,AwakeningItem,0
8842,3390052,339005,1,12,AwakeningItem,0
8843,3390052,339005,1,6,AwakeningItem,0
8844,3390062,339006,1,803,TrainingItem,0
8845,3390070,339007,0,33901,AwakeningItem,0
8846,3390072,339007,0,33901,AwakeningItem,0
8847,3390082,339008,1,22,PotentialItem,0
8848,3390082,339008,1,23,PotentialItem,0
8849,3390082,339008,1,24,PotentialItem,0
8850,3400010,340001,1,1010640,Card,0
8851,3400010,340001,1,600,TrainingItem,0
8852,3400010,340001,1,601,TrainingItem,0
8853,3400010,340001,1,602,TrainingItem,0
8854,3400010,340001,1,603,TrainingItem,0
8855,3400010,340001,1,604,TrainingItem,0
8856,3400012,340001,1,1010640,Card,0
8857,3400012,340001,1,800,TrainingItem,0
8858,3400012,340001,1,801,TrainingItem,0
8859,3400012,340001,1,802,TrainingItem,0
8860,3400012,340001,1,803,TrainingItem,0
8861,3400012,340001,1,804,TrainingItem,0
8862,3400020,340002,0,15101,AwakeningItem,0
8863,3400022,340002,1,15101,AwakeningItem,0
8864,3400030,340003,0,15102,AwakeningItem,0
8865,3400032,340003,1,15102,AwakeningItem,0
8866,3400032,340003,1,1100,TrainingItem,0
8867,3400032,340003,1,1101,TrainingItem,0
8868,3400032,340003,1,1102,TrainingItem,0
8869,3400032,340003,1,1103,TrainingItem,0
8870,3400032,340003,1,1104,TrainingItem,0
8871,3410010,341001,1,600,TrainingItem,0
8872,3410010,341001,1,601,TrainingItem,0
8873,3410010,341001,1,602,TrainingItem,0
8874,3410010,341001,1,603,TrainingItem,0
8875,3410010,341001,1,604,TrainingItem,0
8876,3410012,341001,1,800,TrainingItem,0
8877,3410012,341001,1,801,TrainingItem,0
8878,3410012,341001,1,802,TrainingItem,0
8879,3410012,341001,1,803,TrainingItem,0
8880,3410012,341001,1,804,TrainingItem,0
8881,3410020,341002,1,1013630,Card,0
8882,3410020,341002,1,4,AwakeningItem,0
8883,3410020,341002,1,5,AwakeningItem,0
8884,3410020,341002,1,6,AwakeningItem,0
8885,3410020,341002,1,7,AwakeningItem,0
8886,3410020,341002,1,8,AwakeningItem,0
8887,3410022,341002,1,1013630,Card,0
8888,3410022,341002,1,9,AwakeningItem,0
8889,3410022,341002,1,10,AwakeningItem,0
8890,3410022,341002,1,11,AwakeningItem,0
8891,3410022,341002,1,12,AwakeningItem,0
8892,3410022,341002,1,13,AwakeningItem,0
8893,3410030,341003,1,1013650,Card,0
8894,3410030,341003,1,600,TrainingItem,0
8895,3410030,341003,1,601,TrainingItem,0
8896,3410030,341003,1,602,TrainingItem,0
8897,3410030,341003,1,603,TrainingItem,0
8898,3410030,341003,1,604,TrainingItem,0
8899,3410032,341003,1,1013650,Card,0
8900,3410032,341003,1,800,TrainingItem,0
8901,3410032,341003,1,801,TrainingItem,0
8902,3410032,341003,1,802,TrainingItem,0
8903,3410032,341003,1,803,TrainingItem,0
8904,3410032,341003,1,804,TrainingItem,0
8905,3410040,341004,1,4,AwakeningItem,0
8906,3410040,341004,1,5,AwakeningItem,0
8907,3410040,341004,1,6,AwakeningItem,0
8908,3410040,341004,1,7,AwakeningItem,0
8909,3410040,341004,1,8,AwakeningItem,0
8910,3410040,341004,1,1002650,Card,11333
8911,3410042,341004,1,9,AwakeningItem,0
8912,3410042,341004,1,10,AwakeningItem,0
8913,3410042,341004,1,11,AwakeningItem,0
8914,3410042,341004,1,12,AwakeningItem,0
8915,3410042,341004,1,13,AwakeningItem,0
8916,3410042,341004,1,1002640,Card,93879
8917,3410052,341005,1,14,AwakeningItem,0
8918,3410052,341005,1,15,AwakeningItem,0
8919,3410052,341005,1,16,AwakeningItem,0
8920,3410052,341005,1,17,AwakeningItem,0
8921,3410052,341005,1,18,AwakeningItem,0
8922,3410060,341006,0,34101,AwakeningItem,0
8923,3410062,341006,1,34101,AwakeningItem,0
8924,3410070,341007,0,34103,AwakeningItem,0
8925,3410070,341007,0,34102,AwakeningItem,0
8926,3410072,341007,1,34103,AwakeningItem,0
8927,3410072,341007,1,34102,AwakeningItem,0
8928,3430010,343001,1,1013740,Card,0
8929,3430010,343001,1,304,TrainingItem,0
8930,3430012,343001,1,1013740,Card,0
8931,3430012,343001,1,504,TrainingItem,0
8932,3430020,343002,1,1005110,Card,0
8933,3430020,343002,1,4,TrainingField,0
8934,3430020,343002,1,8,TrainingField,0
8935,3430022,343002,1,1005110,Card,0
8936,3430022,343002,1,8,TrainingField,0
8937,3430022,343002,1,6,TrainingField,0
8938,3430022,343002,1,7,TrainingField,0
8939,3430030,343003,0,6,SupportItem,0
8940,3430032,343003,0,6,SupportItem,0
8941,3430040,343004,1,1013720,Card,0
8942,3430040,343004,1,9,AwakeningItem,0
8943,3430040,343004,1,10,AwakeningItem,0
8944,3430040,343004,1,11,AwakeningItem,0
8945,3430040,343004,1,12,AwakeningItem,0
8946,3430040,343004,1,13,AwakeningItem,0
8947,3430042,343004,1,1013720,Card,0
8948,3430042,343004,1,9,AwakeningItem,0
8949,3430042,343004,1,10,AwakeningItem,0
8950,3430042,343004,1,11,AwakeningItem,0
8951,3430042,343004,1,12,AwakeningItem,0
8952,3430042,343004,1,13,AwakeningItem,0
8953,3430050,343005,0,34301,AwakeningItem,0
8954,3430052,343005,1,34301,AwakeningItem,0
8955,3430060,343006,0,34302,AwakeningItem,0
8956,3430062,343006,1,34302,AwakeningItem,0
8957,3440010,344001,0,34403,AwakeningItem,0
8958,3440010,344001,1,1013900,Card,0
8959,3440010,344001,1,600,TrainingItem,0
8960,3440012,344001,1,34403,AwakeningItem,0
8961,3440012,344001,1,1013900,Card,0
8962,3440012,344001,1,800,TrainingItem,0
8963,3440020,344002,1,4,AwakeningItem,0
8964,3440020,344002,1,5,AwakeningItem,0
8965,3440020,344002,1,6,AwakeningItem,0
8966,3440020,344002,1,7,AwakeningItem,0
8967,3440020,344002,1,8,AwakeningItem,0
8968,3440022,344002,1,4,AwakeningItem,0
8969,3440022,344002,1,5,AwakeningItem,0
8970,3440022,344002,1,6,AwakeningItem,0
8971,3440022,344002,1,7,AwakeningItem,0
8972,3440022,344002,1,8,AwakeningItem,0
8973,3440022,344002,1,9,AwakeningItem,0
8974,3440022,344002,1,10,AwakeningItem,0
8975,3440022,344002,1,11,AwakeningItem,0
8976,3440022,344002,1,12,AwakeningItem,0
8977,3440022,344002,1,13,AwakeningItem,0
8978,3440030,344003,0,34402,AwakeningItem,0
8979,3440032,344003,1,34402,AwakeningItem,0
8980,3440040,344004,1,4,AwakeningItem,0
8981,3440040,344004,1,5,AwakeningItem,0
8982,3440040,344004,1,6,AwakeningItem,0
8983,3440040,344004,1,7,AwakeningItem,0
8984,3440040,344004,1,8,AwakeningItem,0
8985,3440042,344004,1,9,AwakeningItem,0
8986,3440042,344004,1,10,AwakeningItem,0
8987,3440042,344004,1,11,AwakeningItem,0
8988,3440042,344004,1,12,AwakeningItem,0
8989,3440042,344004,1,13,AwakeningItem,0
8990,3440050,344005,1,700,TrainingItem,0
8991,3440050,344005,1,701,TrainingItem,0
8992,3440050,344005,1,702,TrainingItem,0
8993,3440050,344005,1,703,TrainingItem,0
8994,3440050,344005,1,704,TrainingItem,0
8995,3440052,344005,1,900,TrainingItem,0
8996,3440052,344005,1,901,TrainingItem,0
8997,3440052,344005,1,902,TrainingItem,0
8998,3440052,344005,1,903,TrainingItem,0
8999,3440052,344005,1,904,TrainingItem,0
9000,3440060,344006,1,1013890,Card,0
9001,3440060,344006,1,602,TrainingItem,0
9002,3440062,344006,1,1013890,Card,0
9003,3440062,344006,1,802,TrainingItem,0
9004,3440070,344007,1,4,TrainingField,0
9005,3440070,344007,1,5,TrainingField,0
9006,3440072,344007,1,8,TrainingField,0
9007,3440072,344007,1,6,TrainingField,0
9008,3440080,344008,1,4,AwakeningItem,0
9009,3440080,344008,1,5,AwakeningItem,0
9010,3440080,344008,1,6,AwakeningItem,0
9011,3440080,344008,1,7,AwakeningItem,0
9012,3440080,344008,1,8,AwakeningItem,0
9013,3440080,344008,1,1002650,Card,11333
9014,3440082,344008,1,9,AwakeningItem,0
9015,3440082,344008,1,10,AwakeningItem,0
9016,3440082,344008,1,11,AwakeningItem,0
9017,3440082,344008,1,12,AwakeningItem,0
9018,3440082,344008,1,13,AwakeningItem,0
9019,3440082,344008,1,1002630,Card,765122
9020,3440090,344009,0,34401,AwakeningItem,0
9021,3440092,344009,1,34401,AwakeningItem,0
9022,3450010,345001,1,3,TrainingField,0
9023,3450010,345001,1,5,TrainingField,0
9024,3450012,345001,1,8,TrainingField,0
9025,3450012,345001,1,7,TrainingField,0
9026,3450020,345002,1,1014310,Card,0
9027,3450020,345002,1,34503,AwakeningItem,0
9028,3450020,345002,1,1014300,Card,0
9029,3450020,345002,1,34502,AwakeningItem,0
9030,3450022,345002,1,1014310,Card,0
9031,3450022,345002,1,34503,AwakeningItem,0
9032,3450022,345002,1,1014300,Card,0
9033,3450022,345002,1,34502,AwakeningItem,0
9034,3450030,345003,1,1005810,Card,0
9035,3450030,345003,1,34505,AwakeningItem,0
9036,3450032,345003,1,1005810,Card,0
9037,3450032,345003,1,34505,AwakeningItem,0
9038,3450040,345004,1,1014290,Card,0
9039,3450040,345004,1,34504,AwakeningItem,0
9040,3450042,345004,1,1014290,Card,0
9041,3450042,345004,1,34504,AwakeningItem,0
9042,3450050,345005,1,9,AwakeningItem,0
9043,3450050,345005,1,10,AwakeningItem,0
9044,3450050,345005,1,11,AwakeningItem,0
9045,3450050,345005,1,12,AwakeningItem,0
9046,3450050,345005,1,13,AwakeningItem,0
9047,3450052,345005,1,14,AwakeningItem,0
9048,3450052,345005,1,15,AwakeningItem,0
9049,3450052,345005,1,16,AwakeningItem,0
9050,3450052,345005,1,17,AwakeningItem,0
9051,3450052,345005,1,18,AwakeningItem,0
9052,3450060,345006,1,30004,SupportMemory,0
9053,3450060,345006,1,600,TrainingItem,0
9054,3450060,345006,1,601,TrainingItem,0
9055,3450060,345006,1,602,TrainingItem,0
9056,3450060,345006,1,603,TrainingItem,0
9057,3450060,345006,1,604,TrainingItem,0
9058,3450062,345006,1,30004,SupportMemory,0
9059,3450070,345007,0,34501,AwakeningItem,0
9060,3450072,345007,1,34501,AwakeningItem,0
9061,3460010,346001,0,600,TrainingItem,0
9062,3460012,346001,0,800,TrainingItem,0
9063,3460020,346002,0,8,AwakeningItem,0
9064,3460022,346002,0,13,AwakeningItem,0
9065,3460032,346003,1,40,PotentialItem,0
9066,3460032,346003,1,41,PotentialItem,0
9067,3460032,346003,1,42,PotentialItem,0
9068,3460032,346003,1,1014670,Card,0
9069,3460040,346004,0,6,SupportItem,0
9070,3460042,346004,0,6,SupportItem,0
9071,3460050,346005,0,1800,SupportItem,0
9072,3460052,346005,0,1800,SupportItem,0
9073,3460060,346006,0,34601,AwakeningItem,0
9074,3460062,346006,0,34601,AwakeningItem,0
9075,3460070,346007,0,13,AwakeningItem,0
9076,3460072,346007,0,14,AwakeningItem,0
9077,3460080,346008,1,34601,SupportItem,0
9078,3460082,346008,1,34601,SupportItem,0
9079,3470010,347001,0,3034,AwakeningItem,0
9080,3470010,347001,0,3031,AwakeningItem,0
9081,3470010,347001,0,3033,AwakeningItem,0
9082,3470010,347001,0,3032,AwakeningItem,0
9083,3470012,347001,1,3034,AwakeningItem,0
9084,3470012,347001,1,3031,AwakeningItem,0
9085,3470012,347001,1,3033,AwakeningItem,0
9086,3470012,347001,1,3032,AwakeningItem,0
9087,3470020,347002,1,700,TrainingItem,0
9088,3470020,347002,1,701,TrainingItem,0
9089,3470020,347002,1,702,TrainingItem,0
9090,3470020,347002,1,703,TrainingItem,0
9091,3470020,347002,1,704,TrainingItem,0
9092,3470022,347002,1,900,TrainingItem,0
9093,3470022,347002,1,901,TrainingItem,0
9094,3470022,347002,1,902,TrainingItem,0
9095,3470022,347002,1,903,TrainingItem,0
9096,3470022,347002,1,904,TrainingItem,0
9097,3470030,347003,0,2000050,Card,0
9098,3470032,347003,1,2000050,Card,0
9099,3470040,347004,1,4,AwakeningItem,0
9100,3470040,347004,1,5,AwakeningItem,0
9101,3470040,347004,1,6,AwakeningItem,0
9102,3470040,347004,1,7,AwakeningItem,0
9103,3470040,347004,1,8,AwakeningItem,0
9104,3470042,347004,1,9,AwakeningItem,0
9105,3470042,347004,1,10,AwakeningItem,0
9106,3470042,347004,1,11,AwakeningItem,0
9107,3470042,347004,1,12,AwakeningItem,0
9108,3470042,347004,1,13,AwakeningItem,0
9109,3470050,347005,1,4,TrainingField,0
9110,3470050,347005,1,5,TrainingField,0
9111,3470052,347005,1,8,TrainingField,0
9112,3470052,347005,1,6,TrainingField,0
9113,3470060,347006,0,2000680,Card,0
9114,3470062,347006,1,2000680,Card,0
9115,3470070,347007,0,3035,AwakeningItem,0
9116,3470072,347007,1,3035,AwakeningItem,0
9117,3470080,347008,0,1013220,Card,0
9118,3470082,347008,1,1013220,Card,0
9119,3470090,347009,0,2000180,Card,0
9120,3470092,347009,1,2000180,Card,0
9121,3470100,347010,0,3030,AwakeningItem,0
9122,3470102,347010,1,3030,AwakeningItem,0
9123,3480010,348001,1,1008150,Card,0
9124,3480010,348001,1,34801,AwakeningItem,0
9125,3480010,348001,1,4,AwakeningItem,0
9126,3480010,348001,1,5,AwakeningItem,0
9127,3480010,348001,1,6,AwakeningItem,0
9128,3480010,348001,1,7,AwakeningItem,0
9129,3480010,348001,1,8,AwakeningItem,0
9130,3480012,348001,1,1008150,Card,0
9131,3480012,348001,1,34801,AwakeningItem,0
9132,3480012,348001,1,9,AwakeningItem,0
9133,3480012,348001,1,10,AwakeningItem,0
9134,3480012,348001,1,11,AwakeningItem,0
9135,3480012,348001,1,12,AwakeningItem,0
9136,3480012,348001,1,13,AwakeningItem,0
9137,3480020,348002,1,34802,AwakeningItem,0
9138,3480020,348002,1,601,TrainingItem,0
9139,3480022,348002,1,34802,AwakeningItem,0
9140,3480022,348002,1,801,TrainingItem,0
9141,3480030,348003,1,34803,AwakeningItem,0
9142,3480030,348003,1,603,TrainingItem,0
9143,3480032,348003,1,34803,AwakeningItem,0
9144,3480032,348003,1,803,TrainingItem,0
9145,3480040,348004,1,1012050,Card,0
9146,3480040,348004,1,34804,AwakeningItem,0
9147,3480040,348004,1,4,TrainingField,0
9148,3480042,348004,1,1012050,Card,0
9149,3480042,348004,1,34804,AwakeningItem,0
9150,3480042,348004,1,6,TrainingField,0
9151,3490010,349001,1,1015320,Card,0
9152,3490010,349001,1,1002,SupportItem,0
9153,3490010,349001,1,1600,SupportItem,0
9154,3490010,349001,1,1000,SupportItem,0
9155,3490012,349001,1,1015320,Card,0
9156,3490012,349001,1,1002,SupportItem,0
9157,3490012,349001,1,1600,SupportItem,0
9158,3490012,349001,1,1000,SupportItem,0
9159,3490020,349002,1,4,TrainingField,0
9160,3490020,349002,1,5,TrainingField,0
9161,3490022,349002,1,8,TrainingField,0
9162,3490022,349002,1,6,TrainingField,0
9163,3490030,349003,1,1015450,Card,0
9164,3490030,349003,1,4,AwakeningItem,0
9165,3490030,349003,1,5,AwakeningItem,0
9166,3490030,349003,1,6,AwakeningItem,0
9167,3490030,349003,1,7,AwakeningItem,0
9168,3490030,349003,1,8,AwakeningItem,0
9169,3490032,349003,1,1015450,Card,0
9170,3490032,349003,1,9,AwakeningItem,0
9171,3490032,349003,1,10,AwakeningItem,0
9172,3490032,349003,1,11,AwakeningItem,0
9173,3490032,349003,1,12,AwakeningItem,0
9174,3490032,349003,1,13,AwakeningItem,0
9175,3490040,349004,1,1003640,Card,0
9176,3490040,349004,1,300,TrainingItem,0
9177,3490040,349004,1,400,TrainingItem,0
9178,3490040,349004,1,500,TrainingItem,0
9179,3490040,349004,1,1004620,Card,0
9180,3490040,349004,1,301,TrainingItem,0
9181,3490040,349004,1,401,TrainingItem,0
9182,3490040,349004,1,501,TrainingItem,0
9183,3490040,349004,1,1004610,Card,0
9184,3490040,349004,1,302,TrainingItem,0
9185,3490040,349004,1,402,TrainingItem,0
9186,3490040,349004,1,502,TrainingItem,0
9187,3490040,349004,1,1004630,Card,0
9188,3490040,349004,1,303,TrainingItem,0
9189,3490040,349004,1,403,TrainingItem,0
9190,3490040,349004,1,503,TrainingItem,0
9191,3490040,349004,1,1004640,Card,0
9192,3490040,349004,1,304,TrainingItem,0
9193,3490040,349004,1,404,TrainingItem,0
9194,3490040,349004,1,504,TrainingItem,0
9195,3490042,349004,1,1003640,Card,0
9196,3490042,349004,1,600,TrainingItem,0
9197,3490042,349004,1,700,TrainingItem,0
9198,3490042,349004,1,800,TrainingItem,0
9199,3490042,349004,1,1004620,Card,0
9200,3490042,349004,1,601,TrainingItem,0
9201,3490042,349004,1,701,TrainingItem,0
9202,3490042,349004,1,801,TrainingItem,0
9203,3490042,349004,1,1004610,Card,0
9204,3490042,349004,1,602,TrainingItem,0
9205,3490042,349004,1,702,TrainingItem,0
9206,3490042,349004,1,802,TrainingItem,0
9207,3490042,349004,1,1004630,Card,0
9208,3490042,349004,1,603,TrainingItem,0
9209,3490042,349004,1,703,TrainingItem,0
9210,3490042,349004,1,803,TrainingItem,0
9211,3490042,349004,1,1004640,Card,0
9212,3490042,349004,1,604,TrainingItem,0
9213,3490042,349004,1,704,TrainingItem,0
9214,3490042,349004,1,804,TrainingItem,0
9215,3490050,349005,0,3181,AwakeningItem,0
9216,3490052,349005,1,3181,AwakeningItem,0
9217,3510010,351001,1,1015580,Card,0
9218,3510010,351001,1,600,TrainingItem,0
9219,3510010,351001,1,601,TrainingItem,0
9220,3510010,351001,1,602,TrainingItem,0
9221,3510010,351001,1,603,TrainingItem,0
9222,3510010,351001,1,604,TrainingItem,0
9223,3510012,351001,1,1015580,Card,0
9224,3510012,351001,1,800,TrainingItem,0
9225,3510012,351001,1,801,TrainingItem,0
9226,3510012,351001,1,802,TrainingItem,0
9227,3510012,351001,1,803,TrainingItem,0
9228,3510012,351001,1,804,TrainingItem,0
9229,3510020,351002,1,3,TrainingField,0
9230,3510020,351002,1,5,TrainingField,0
9231,3510022,351002,1,8,TrainingField,0
9232,3510022,351002,1,7,TrainingField,0
9233,3510030,351003,1,35101,AwakeningItem,0
9234,3510030,351003,1,602,TrainingItem,0
9235,3510032,351003,1,35101,AwakeningItem,0
9236,3510040,351004,1,700,TrainingItem,0
9237,3510040,351004,1,701,TrainingItem,0
9238,3510040,351004,1,702,TrainingItem,0
9239,3510040,351004,1,703,TrainingItem,0
9240,3510040,351004,1,704,TrainingItem,0
9241,3510042,351004,1,900,TrainingItem,0
9242,3510042,351004,1,901,TrainingItem,0
9243,3510042,351004,1,902,TrainingItem,0
9244,3510042,351004,1,903,TrainingItem,0
9245,3510042,351004,1,904,TrainingItem,0
9246,3510050,351005,1,20002,SupportMemory,0
9247,3510050,351005,1,600,TrainingItem,0
9248,3510050,351005,1,601,TrainingItem,0
9249,3510050,351005,1,602,TrainingItem,0
9250,3510050,351005,1,603,TrainingItem,0
9251,3510050,351005,1,604,TrainingItem,0
9252,3510052,351005,1,20002,SupportMemory,0
9253,3520010,352001,1,1015730,Card,0
9254,3520010,352001,1,1502,SupportItem,0
9255,3520012,352001,1,1015730,Card,0
9256,3520012,352001,1,1502,SupportItem,0
9257,3520020,352002,1,1100,SupportItem,0
9258,3520020,352002,1,1101,SupportItem,0
9259,3520022,352002,1,1100,SupportItem,0
9260,3520022,352002,1,1101,SupportItem,0
9261,3520030,352003,1,1102,SupportItem,0
9262,3520030,352003,1,1103,SupportItem,0
9263,3520030,352003,1,1104,SupportItem,0
9264,3520032,352003,1,1102,SupportItem,0
9265,3520032,352003,1,1103,SupportItem,0
9266,3520032,352003,1,1104,SupportItem,0
9267,3520040,352004,0,300,TrainingItem,0
9268,3520042,352004,0,300,TrainingItem,0
9269,3520050,352005,1,13,TreasureItem,0
9270,3520052,352005,1,13,TreasureItem,0
9271,3520060,352006,1,35201,AwakeningItem,0
9272,3520060,352006,1,600,TrainingItem,0
9273,3520062,352006,1,35201,AwakeningItem,0
9274,3520062,352006,1,800,TrainingItem,0
9275,3530010,353001,0,300,TrainingItem,0
9276,3530012,353001,0,300,TrainingItem,0
9277,3530020,353002,0,1502,SupportItem,0
9278,3530022,353002,0,1502,SupportItem,0
9279,3530030,353003,1,18,TreasureItem,0
9280,3530030,353003,1,1203,SupportItem,0
9281,3530032,353003,1,18,TreasureItem,0
9282,3530032,353003,1,1203,SupportItem,0
9283,3530040,353004,1,1102,SupportItem,0
9284,3530040,353004,1,1103,SupportItem,0
9285,3530040,353004,1,1104,SupportItem,0
9286,3530042,353004,1,1102,SupportItem,0
9287,3530042,353004,1,1103,SupportItem,0
9288,3530042,353004,1,1104,SupportItem,0
9289,3530050,353005,1,35301,AwakeningItem,0
9290,3530050,353005,1,800,TrainingItem,0
9291,3530052,353005,1,35301,AwakeningItem,0
9292,3530052,353005,1,800,TrainingItem,0
9293,3540010,354001,0,300,TrainingItem,0
9294,3540012,354001,0,300,TrainingItem,0
9295,3540020,354002,0,2,TrainingField,0
9296,3540022,354002,0,2,TrainingField,0
9297,3540030,354003,1,35401,AwakeningItem,0
9298,3540030,354003,1,400,TrainingItem,0
9299,3540032,354003,1,35401,AwakeningItem,0
9300,3540032,354003,1,400,TrainingItem,0
9301,3540040,354004,0,700,TrainingItem,0
9302,3540042,354004,0,700,TrainingItem,0
9303,3540050,354005,1,16,TreasureItem,0
9304,3540050,354005,1,5,AwakeningItem,0
9305,3540052,354005,1,16,TreasureItem,0
9306,3540052,354005,1,5,AwakeningItem,0
9307,3550010,355001,1,1016090,Card,0
9308,3550010,355001,1,600,TrainingItem,0
9309,3550012,355001,1,1016090,Card,0
9310,3550012,355001,1,800,TrainingItem,0
9311,3550020,355002,1,1014530,Card,0
9312,3550020,355002,1,602,TrainingItem,0
9313,3550022,355002,1,1014530,Card,0
9314,3550022,355002,1,802,TrainingItem,0
9315,3550030,355003,1,1016140,Card,0
9316,3550030,355003,1,604,TrainingItem,0
9317,3550032,355003,1,1016140,Card,0
9318,3550032,355003,1,804,TrainingItem,0
9319,3550040,355004,1,1016110,Card,0
9320,3550040,355004,1,601,TrainingItem,0
9321,3550042,355004,1,1016110,Card,0
9322,3550042,355004,1,801,TrainingItem,0
9323,3550050,355005,1,35501,AwakeningItem,0
9324,3550050,355005,1,601,TrainingItem,0
9325,3550052,355005,1,35501,AwakeningItem,0
9326,3550060,355006,1,35502,AwakeningItem,0
9327,3550060,355006,1,600,TrainingItem,0
9328,3550062,355006,1,35502,AwakeningItem,0
9329,3550070,355007,0,35501,SupportItem,0
9330,3550072,355007,1,35501,SupportItem,0
9331,3550080,355008,1,35503,AwakeningItem,0
9332,3550080,355008,1,602,TrainingItem,0
9333,3550082,355008,1,35503,AwakeningItem,0
9334,3550090,355009,0,35502,SupportItem,0
9335,3550092,355009,1,35502,SupportItem,0
9336,3550100,355010,1,35504,AwakeningItem,0
9337,3550100,355010,1,604,TrainingItem,0
9338,3550102,355010,1,35504,AwakeningItem,0
9339,3550110,355011,1,1017230,Card,0
9340,3550110,355011,1,603,TrainingItem,0
9341,3550112,355011,1,1017230,Card,0
9342,3550112,355011,1,803,TrainingItem,0
9343,3550120,355012,1,35501,SupportItem,0
9344,3550120,355012,1,35502,SupportItem,0
9345,3550122,355012,1,35501,SupportItem,0
9346,3550122,355012,1,35502,SupportItem,0
9347,3560011,356001,1,46,PotentialItem,0
9348,3560011,356001,1,47,PotentialItem,0
9349,3560011,356001,1,48,PotentialItem,0
9350,3560011,356001,1,1016290,Card,0
9351,3570010,357001,1,400,TrainingItem,0
9352,3570010,357001,1,401,TrainingItem,0
9353,3570010,357001,1,402,TrainingItem,0
9354,3570010,357001,1,403,TrainingItem,0
9355,3570010,357001,1,404,TrainingItem,0
9356,3570010,357001,1,6,TrainingField,0
9357,3570012,357001,1,400,TrainingItem,0
9358,3570012,357001,1,401,TrainingItem,0
9359,3570012,357001,1,402,TrainingItem,0
9360,3570012,357001,1,403,TrainingItem,0
9361,3570012,357001,1,404,TrainingItem,0
9362,3570012,357001,1,6,TrainingField,0
9363,3570012,357001,1,7,TrainingField,0
9364,3570020,357002,1,600,TrainingItem,0
9365,3570020,357002,1,601,TrainingItem,0
9366,3570020,357002,1,602,TrainingItem,0
9367,3570020,357002,1,603,TrainingItem,0
9368,3570020,357002,1,604,TrainingItem,0
9369,3570022,357002,1,800,TrainingItem,0
9370,3570022,357002,1,801,TrainingItem,0
9371,3570022,357002,1,802,TrainingItem,0
9372,3570022,357002,1,803,TrainingItem,0
9373,3570022,357002,1,804,TrainingItem,0
9374,3570030,357003,0,6,SupportItem,0
9375,3570032,357003,0,6,SupportItem,0
9376,3570040,357004,1,4,AwakeningItem,0
9377,3570040,357004,1,5,AwakeningItem,0
9378,3570040,357004,1,6,AwakeningItem,0
9379,3570040,357004,1,7,AwakeningItem,0
9380,3570040,357004,1,8,AwakeningItem,0
9381,3570042,357004,1,9,AwakeningItem,0
9382,3570042,357004,1,10,AwakeningItem,0
9383,3570042,357004,1,11,AwakeningItem,0
9384,3570042,357004,1,12,AwakeningItem,0
9385,3570042,357004,1,13,AwakeningItem,0
9386,3570050,357005,1,9,AwakeningItem,0
9387,3570050,357005,1,10,AwakeningItem,0
9388,3570050,357005,1,11,AwakeningItem,0
9389,3570050,357005,1,12,AwakeningItem,0
9390,3570050,357005,1,13,AwakeningItem,0
9391,3570052,357005,1,14,AwakeningItem,0
9392,3570052,357005,1,15,AwakeningItem,0
9393,3570052,357005,1,16,AwakeningItem,0
9394,3570052,357005,1,17,AwakeningItem,0
9395,3570052,357005,1,18,AwakeningItem,0
9396,3570060,357006,1,600,TrainingItem,0
9397,3570060,357006,1,601,TrainingItem,0
9398,3570060,357006,1,602,TrainingItem,0
9399,3570060,357006,1,603,TrainingItem,0
9400,3570060,357006,1,604,TrainingItem,0
9401,3570062,357006,1,800,TrainingItem,0
9402,3570062,357006,1,801,TrainingItem,0
9403,3570062,357006,1,802,TrainingItem,0
9404,3570062,357006,1,803,TrainingItem,0
9405,3570062,357006,1,804,TrainingItem,0
9406,3570070,357007,0,704,TrainingItem,0
9407,3570072,357007,0,904,TrainingItem,0
9408,3570080,357008,1,7,AwakeningItem,0
9409,3570080,357008,1,1002650,Card,11333
9410,3570082,357008,1,10,AwakeningItem,0
9411,3570082,357008,1,1002640,Card,93879
9412,3570090,357009,1,9,AwakeningItem,0
9413,3570090,357009,1,10,AwakeningItem,0
9414,3570090,357009,1,11,AwakeningItem,0
9415,3570090,357009,1,12,AwakeningItem,0
9416,3570090,357009,1,13,AwakeningItem,0
9417,3570092,357009,1,14,AwakeningItem,0
9418,3570092,357009,1,15,AwakeningItem,0
9419,3570092,357009,1,16,AwakeningItem,0
9420,3570092,357009,1,17,AwakeningItem,0
9421,3570092,357009,1,18,AwakeningItem,0
9422,3570100,357010,0,704,TrainingItem,0
9423,3570102,357010,0,904,TrainingItem,0
9424,3570110,357011,0,704,TrainingItem,0
9425,3570112,357011,0,904,TrainingItem,0
9426,3570122,357012,1,49,PotentialItem,0
9427,3570122,357012,1,50,PotentialItem,0
9428,3570122,357012,1,51,PotentialItem,0
9429,3570122,357012,1,1011330,Card,0
9430,3570132,357013,1,6994,EquipmentSkillItem,0
9431,3570132,357013,1,6995,EquipmentSkillItem,0
9432,3570132,357013,1,6996,EquipmentSkillItem,0
9433,3570132,357013,1,6997,EquipmentSkillItem,0
9434,3570132,357013,1,6998,EquipmentSkillItem,0
9435,3570132,357013,1,6999,EquipmentSkillItem,0
9436,3570132,357013,1,7000,EquipmentSkillItem,0
9437,3570132,357013,1,7001,EquipmentSkillItem,0
9438,3570132,357013,1,7002,EquipmentSkillItem,0
9439,3570132,357013,1,7003,EquipmentSkillItem,0
9440,3570132,357013,1,7004,EquipmentSkillItem,0
9441,3570132,357013,1,7005,EquipmentSkillItem,0
9442,3570132,357013,1,7006,EquipmentSkillItem,0
9443,3570132,357013,1,7007,EquipmentSkillItem,0
9444,3570132,357013,1,7008,EquipmentSkillItem,0
9445,3570132,357013,1,7009,EquipmentSkillItem,0
9446,3570132,357013,1,7010,EquipmentSkillItem,0
9447,3570132,357013,1,7011,EquipmentSkillItem,0
9448,3570132,357013,1,7012,EquipmentSkillItem,0
9449,3570132,357013,1,7013,EquipmentSkillItem,0
9450,3570132,357013,1,7014,EquipmentSkillItem,0
9451,3570132,357013,1,7015,EquipmentSkillItem,0
9452,3570132,357013,1,7016,EquipmentSkillItem,0
9453,3570132,357013,1,7017,EquipmentSkillItem,0
9454,3570132,357013,1,7018,EquipmentSkillItem,0
9455,3570132,357013,1,7019,EquipmentSkillItem,0
9456,3570132,357013,1,7020,EquipmentSkillItem,0
9457,3570132,357013,1,7021,EquipmentSkillItem,0
9458,3570132,357013,1,7022,EquipmentSkillItem,0
9459,3570132,357013,1,7023,EquipmentSkillItem,0
9460,3570132,357013,1,7024,EquipmentSkillItem,0
9461,3570132,357013,1,7025,EquipmentSkillItem,0
9462,3570132,357013,1,7026,EquipmentSkillItem,0
9463,3570132,357013,1,7027,EquipmentSkillItem,0
9464,3570132,357013,1,7028,EquipmentSkillItem,0
9465,3610010,361001,0,17,TreasureItem,0
9466,3610012,361001,1,17,TreasureItem,0
9467,3610020,361002,1,36101,AwakeningItem,0
9468,3610020,361002,1,600,TrainingItem,0
9469,3610022,361002,1,36101,AwakeningItem,0
9470,3610030,361003,1,1016210,Card,0
9471,3610030,361003,1,603,TrainingItem,0
9472,3610032,361003,1,1016210,Card,0
9473,3610032,361003,1,803,TrainingItem,0
9474,3610040,361004,1,1016190,Card,0
9475,3610040,361004,1,600,TrainingItem,0
9476,3610042,361004,1,1016190,Card,0
9477,3610042,361004,1,800,TrainingItem,0
9478,3620010,362001,0,604,TrainingItem,0
9479,3620012,362001,0,804,TrainingItem,0
9480,3620020,362002,1,1017150,Card,0
9481,3620020,362002,1,604,TrainingItem,0
9482,3620022,362002,1,1017150,Card,0
9483,3620022,362002,1,804,TrainingItem,0
9484,3620030,362003,0,36201,AwakeningItem,0
9485,3620032,362003,0,36201,AwakeningItem,0
9486,3620040,362004,0,7,AwakeningItem,0
9487,3620042,362004,0,10,AwakeningItem,0
9488,3620050,362005,0,1000,SupportItem,0
9489,3620052,362005,0,1000,SupportItem,0
9490,3620060,362006,0,604,TrainingItem,0
9491,3620062,362006,0,804,TrainingItem,0
9492,3620070,362007,0,7,AwakeningItem,0
9493,3620072,362007,0,10,AwakeningItem,0
9494,3620080,362008,0,10,AwakeningItem,0
9495,3620082,362008,0,17,AwakeningItem,0
9496,3620090,362009,0,1600,SupportItem,0
9497,3620092,362009,0,1600,SupportItem,0
9498,3620102,362010,1,55,PotentialItem,0
9499,3620102,362010,1,56,PotentialItem,0
9500,3620102,362010,1,57,PotentialItem,0
9501,3620110,362011,0,36201,SupportItem,0
9502,3620112,362011,0,36201,SupportItem,0
9503,3620120,362012,0,704,TrainingItem,0
9504,3620122,362012,0,904,TrainingItem,0
9505,3630010,363001,1,1016910,Card,0
9506,3630010,363001,1,36302,AwakeningItem,0
9507,3630012,363001,1,1016910,Card,0
9508,3630012,363001,1,36302,AwakeningItem,0
9509,3630020,363002,1,1016920,Card,0
9510,3630020,363002,1,36303,AwakeningItem,0
9511,3630022,363002,1,1016920,Card,0
9512,3630022,363002,1,36303,AwakeningItem,0
9513,3630030,363003,1,1016930,Card,0
9514,3630030,363003,1,36304,AwakeningItem,0
9515,3630032,363003,1,1016930,Card,0
9516,3630032,363003,1,36304,AwakeningItem,0
9517,3630040,363004,1,1017030,Card,0
9518,3630040,363004,1,36301,AwakeningItem,0
9519,3630042,363004,1,1017030,Card,0
9520,3630042,363004,1,36301,AwakeningItem,0
9521,3630052,363005,1,879,EquipmentSkillItem,0
9522,3630052,363005,1,880,EquipmentSkillItem,0
9523,3630052,363005,1,881,EquipmentSkillItem,0
9524,3630052,363005,1,882,EquipmentSkillItem,0
9525,3630052,363005,1,883,EquipmentSkillItem,0
9526,3630052,363005,1,884,EquipmentSkillItem,0
9527,3630052,363005,1,885,EquipmentSkillItem,0
9528,3630052,363005,1,886,EquipmentSkillItem,0
9529,3630052,363005,1,887,EquipmentSkillItem,0
9530,3630052,363005,1,888,EquipmentSkillItem,0
9531,3630052,363005,1,889,EquipmentSkillItem,0
9532,3630052,363005,1,890,EquipmentSkillItem,0
9533,3630052,363005,1,891,EquipmentSkillItem,0
9534,3630052,363005,1,892,EquipmentSkillItem,0
9535,3630052,363005,1,893,EquipmentSkillItem,0
9536,3630052,363005,1,894,EquipmentSkillItem,0
9537,3630052,363005,1,895,EquipmentSkillItem,0
9538,3630052,363005,1,896,EquipmentSkillItem,0
9539,3630052,363005,1,897,EquipmentSkillItem,0
9540,3630052,363005,1,898,EquipmentSkillItem,0
9541,3630052,363005,1,899,EquipmentSkillItem,0
9542,3630052,363005,1,900,EquipmentSkillItem,0
9543,3630052,363005,1,901,EquipmentSkillItem,0
9544,3630052,363005,1,902,EquipmentSkillItem,0
9545,3630052,363005,1,903,EquipmentSkillItem,0
9546,3630052,363005,1,904,EquipmentSkillItem,0
9547,3630052,363005,1,905,EquipmentSkillItem,0
9548,3630052,363005,1,906,EquipmentSkillItem,0
9549,3640010,364001,1,700,TrainingItem,0
9550,3640010,364001,1,701,TrainingItem,0
9551,3640010,364001,1,702,TrainingItem,0
9552,3640010,364001,1,703,TrainingItem,0
9553,3640010,364001,1,704,TrainingItem,0
9554,3640012,364001,1,900,TrainingItem,0
9555,3640012,364001,1,901,TrainingItem,0
9556,3640012,364001,1,902,TrainingItem,0
9557,3640012,364001,1,903,TrainingItem,0
9558,3640012,364001,1,904,TrainingItem,0
9559,3640020,364002,1,4,TrainingField,0
9560,3640020,364002,1,5,TrainingField,0
9561,3640022,364002,1,8,TrainingField,0
9562,3640022,364002,1,6,TrainingField,0
9563,3640030,364003,0,3061,AwakeningItem,0
9564,3640032,364003,0,3061,AwakeningItem,0
9565,3640040,364004,0,3062,AwakeningItem,0
9566,3640042,364004,0,3062,AwakeningItem,0
9567,3640050,364005,0,3063,AwakeningItem,0
9568,3640052,364005,0,3063,AwakeningItem,0
9569,3640060,364006,0,3064,AwakeningItem,0
9570,3640062,364006,0,3064,AwakeningItem,0
9571,3640070,364007,0,3065,AwakeningItem,0
9572,3640072,364007,0,3065,AwakeningItem,0
9573,3640080,364008,1,1002690,Card,0
9574,3640080,364008,1,600,TrainingItem,0
9575,3640080,364008,1,601,TrainingItem,0
9576,3640080,364008,1,602,TrainingItem,0
9577,3640080,364008,1,603,TrainingItem,0
9578,3640080,364008,1,604,TrainingItem,0
9579,3640082,364008,1,1002690,Card,0
9580,3640082,364008,1,800,TrainingItem,0
9581,3640082,364008,1,801,TrainingItem,0
9582,3640082,364008,1,802,TrainingItem,0
9583,3640082,364008,1,803,TrainingItem,0
9584,3640082,364008,1,804,TrainingItem,0
9585,3640090,364009,0,3066,AwakeningItem,0
9586,3640092,364009,0,3066,AwakeningItem,0
9587,3640100,364010,1,1002650,Card,11333
9588,3640100,364010,1,1002640,Card,93879
9589,3640102,364010,1,1002650,Card,11333
9590,3640102,364010,1,1002640,Card,93879
9591,3640102,364010,1,1002630,Card,765122
9592,3650011,365001,1,50002,SupportMemory,0
9593,3650011,365001,0,32601,SupportItem,0
9594,3650012,365001,1,50002,SupportMemory,0
9595,3650012,365001,0,32601,SupportItem,0
9596,3650021,365002,1,4,AwakeningItem,0
9597,3650021,365002,1,5,AwakeningItem,0
9598,3650021,365002,1,6,AwakeningItem,0
9599,3650021,365002,1,7,AwakeningItem,0
9600,3650021,365002,1,8,AwakeningItem,0
9601,3650022,365002,1,9,AwakeningItem,0
9602,3650022,365002,1,10,AwakeningItem,0
9603,3650022,365002,1,11,AwakeningItem,0
9604,3650022,365002,1,12,AwakeningItem,0
9605,3650022,365002,1,13,AwakeningItem,0
9606,3650031,365003,1,700,TrainingItem,0
9607,3650031,365003,1,701,TrainingItem,0
9608,3650031,365003,1,702,TrainingItem,0
9609,3650031,365003,1,703,TrainingItem,0
9610,3650031,365003,1,704,TrainingItem,0
9611,3650032,365003,1,900,TrainingItem,0
9612,3650032,365003,1,901,TrainingItem,0
9613,3650032,365003,1,902,TrainingItem,0
9614,3650032,365003,1,903,TrainingItem,0
9615,3650032,365003,1,904,TrainingItem,0
9616,3650041,365004,0,32601,AwakeningItem,0
9617,3650042,365004,0,32601,AwakeningItem,0
9618,3650051,365005,1,1004520,Card,0
9619,3650051,365005,1,603,TrainingItem,0
9620,3650052,365005,1,1004520,Card,0
9621,3650052,365005,1,803,TrainingItem,0
9622,3650061,365006,1,1008270,Card,0
9623,3650061,365006,1,600,TrainingItem,0
9624,3650061,365006,0,32604,AwakeningItem,0
9625,3650062,365006,1,1008270,Card,0
9626,3650062,365006,1,800,TrainingItem,0
9627,3650062,365006,0,32604,AwakeningItem,0
9628,3650071,365007,1,1017520,Card,0
9629,3650071,365007,1,604,TrainingItem,0
9630,3650071,365007,0,32603,AwakeningItem,0
9631,3650072,365007,1,1017520,Card,0
9632,3650072,365007,1,804,TrainingItem,0
9633,3650072,365007,0,32603,AwakeningItem,0
9634,3650081,365008,0,32602,AwakeningItem,0
9635,3650082,365008,0,32602,AwakeningItem,0
9636,3660010,366001,0,3,SupportItem,0
9637,3660012,366001,0,4,SupportItem,0
9638,3660020,366002,1,1017710,Card,0
9639,3660020,366002,1,602,TrainingItem,0
9640,3660022,366002,1,1017710,Card,0
9641,3660022,366002,1,802,TrainingItem,0
9642,3660030,366003,1,6,SupportItem,0
9643,3660030,366003,1,6,TrainingField,0
9644,3660032,366003,1,6,SupportItem,0
9645,3660032,366003,1,6,TrainingField,0
9646,3660032,366003,1,12,TrainingField,0
9647,3660040,366004,1,36601,AwakeningItem,0
9648,3660040,366004,1,602,TrainingItem,0
9649,3660042,366004,1,36601,AwakeningItem,0
9650,3660050,366005,0,5,AwakeningItem,0
9651,3660052,366005,0,9,AwakeningItem,0
9652,3660060,366006,0,9,AwakeningItem,0
9653,3660062,366006,0,15,AwakeningItem,0
9654,3660070,366007,1,700,TrainingItem,0
9655,3660070,366007,1,701,TrainingItem,0
9656,3660070,366007,1,702,TrainingItem,0
9657,3660070,366007,1,703,TrainingItem,0
9658,3660070,366007,1,704,TrainingItem,0
9659,3660072,366007,1,900,TrainingItem,0
9660,3660072,366007,1,901,TrainingItem,0
9661,3660072,366007,1,902,TrainingItem,0
9662,3660072,366007,1,903,TrainingItem,0
9663,3660072,366007,1,904,TrainingItem,0
9664,3660080,366008,1,36602,AwakeningItem,0
9665,3660080,366008,1,603,TrainingItem,0
9666,3660082,366008,1,36602,AwakeningItem,0
9667,3680010,368001,0,6,AwakeningItem,0
9668,3680012,368001,0,12,AwakeningItem,0
9669,3680020,368002,1,20004,SupportMemory,0
9670,3680020,368002,1,600,TrainingItem,0
9671,3680020,368002,1,601,TrainingItem,0
9672,3680020,368002,1,602,TrainingItem,0
9673,3680020,368002,1,603,TrainingItem,0
9674,3680020,368002,1,604,TrainingItem,0
9675,3680022,368002,1,20004,SupportMemory,0
9676,3680030,368003,1,600,TrainingItem,0
9677,3680030,368003,1,601,TrainingItem,0
9678,3680030,368003,1,602,TrainingItem,0
9679,3680030,368003,1,603,TrainingItem,0
9680,3680030,368003,1,604,TrainingItem,0
9681,3680032,368003,1,800,TrainingItem,0
9682,3680032,368003,1,801,TrainingItem,0
9683,3680032,368003,1,802,TrainingItem,0
9684,3680032,368003,1,803,TrainingItem,0
9685,3680032,368003,1,804,TrainingItem,0
9686,3680040,368004,0,1000,SupportItem,0
9687,3680042,368004,0,1000,SupportItem,0
9688,3680050,368005,1,1017650,Card,0
9689,3680050,368005,1,603,TrainingItem,0
9690,3680052,368005,1,1017650,Card,0
9691,3680052,368005,1,803,TrainingItem,0
9692,3680062,368006,1,58,PotentialItem,0
9693,3680062,368006,1,59,PotentialItem,0
9694,3680062,368006,1,60,PotentialItem,0
9695,3680070,368007,1,700,TrainingItem,0
9696,3680070,368007,1,701,TrainingItem,0
9697,3680070,368007,1,702,TrainingItem,0
9698,3680070,368007,1,703,TrainingItem,0
9699,3680070,368007,1,704,TrainingItem,0
9700,3680072,368007,1,900,TrainingItem,0
9701,3680072,368007,1,901,TrainingItem,0
9702,3680072,368007,1,902,TrainingItem,0
9703,3680072,368007,1,903,TrainingItem,0
9704,3680072,368007,1,904,TrainingItem,0
9705,3680080,368008,1,36801,AwakeningItem,0
9706,3680080,368008,1,603,TrainingItem,0
9707,3680082,368008,1,36801,AwakeningItem,0
9708,3690010,369001,1,1017730,Card,0
9709,3690010,369001,1,601,TrainingItem,0
9710,3690012,369001,1,1017730,Card,0
9711,3690012,369001,1,801,TrainingItem,0
9712,3690020,369002,1,1201,SupportItem,0
9713,3690020,369002,1,1002650,Card,11333
9714,3690022,369002,1,1201,SupportItem,0
9715,3690022,369002,1,1002640,Card,93879
9716,3690030,369003,1,36901,AwakeningItem,0
9717,3690030,369003,1,601,TrainingItem,0
9718,3690032,369003,1,36901,AwakeningItem,0
9719,3690040,369004,0,6,SupportItem,0
9720,3690042,369004,0,6,SupportItem,0
9721,3690052,369005,1,61,PotentialItem,0
9722,3690052,369005,1,62,PotentialItem,0
9723,3690052,369005,1,63,PotentialItem,0
9724,3690060,369006,1,1,AwakeningItem,0
9725,3690060,369006,1,2,AwakeningItem,0
9726,3690062,369006,1,5,TrainingField,0
9727,3690062,369006,1,1,AwakeningItem,0
9728,3690062,369006,1,2,AwakeningItem,0
9729,3690070,369007,1,600,TrainingItem,0
9730,3690070,369007,1,601,TrainingItem,0
9731,3690070,369007,1,602,TrainingItem,0
9732,3690070,369007,1,603,TrainingItem,0
9733,3690070,369007,1,604,TrainingItem,0
9734,3690072,369007,1,800,TrainingItem,0
9735,3690072,369007,1,801,TrainingItem,0
9736,3690072,369007,1,802,TrainingItem,0
9737,3690072,369007,1,803,TrainingItem,0
9738,3690072,369007,1,804,TrainingItem,0
9739,3690080,369008,1,700,TrainingItem,0
9740,3690080,369008,1,701,TrainingItem,0
9741,3690080,369008,1,702,TrainingItem,0
9742,3690080,369008,1,703,TrainingItem,0
9743,3690080,369008,1,704,TrainingItem,0
9744,3690082,369008,1,900,TrainingItem,0
9745,3690082,369008,1,901,TrainingItem,0
9746,3690082,369008,1,902,TrainingItem,0
9747,3690082,369008,1,903,TrainingItem,0
9748,3690082,369008,1,904,TrainingItem,0
9749,3690090,369009,1,4,AwakeningItem,0
9750,3690090,369009,1,5,AwakeningItem,0
9751,3690090,369009,1,6,AwakeningItem,0
9752,3690090,369009,1,7,AwakeningItem,0
9753,3690090,369009,1,8,AwakeningItem,0
9754,3690092,369009,1,9,AwakeningItem,0
9755,3690092,369009,1,10,AwakeningItem,0
9756,3690092,369009,1,11,AwakeningItem,0
9757,3690092,369009,1,12,AwakeningItem,0
9758,3690092,369009,1,13,AwakeningItem,0
9759,3690100,369010,1,9,AwakeningItem,0
9760,3690100,369010,1,10,AwakeningItem,0
9761,3690100,369010,1,11,AwakeningItem,0
9762,3690100,369010,1,12,AwakeningItem,0
9763,3690100,369010,1,13,AwakeningItem,0
9764,3690102,369010,1,14,AwakeningItem,0
9765,3690102,369010,1,15,AwakeningItem,0
9766,3690102,369010,1,16,AwakeningItem,0
9767,3690102,369010,1,17,AwakeningItem,0
9768,3690102,369010,1,18,AwakeningItem,0
9769,3710010,371001,0,32102,SupportItem,0
9770,3710012,371001,1,32102,SupportItem,0
9771,3710020,371002,0,5,TrainingField,0
9772,3710022,371002,0,7,TrainingField,0
9773,3710030,371003,1,1017920,Card,0
9774,3710030,371003,1,601,TrainingItem,0
9775,3710032,371003,1,1017920,Card,0
9776,3710032,371003,1,801,TrainingItem,0
9777,3710040,371004,1,1005610,Card,0
9778,3710040,371004,1,604,TrainingItem,0
9779,3710042,371004,1,1005610,Card,0
9780,3710042,371004,1,804,TrainingItem,0
9781,3710050,371005,1,2000220,Card,0
9782,3710050,371005,1,602,TrainingItem,0
9783,3710052,371005,1,2000220,Card,0
9784,3710052,371005,1,802,TrainingItem,0
9785,3710060,371006,1,1017940,Card,0
9786,3710060,371006,1,603,TrainingItem,0
9787,3710062,371006,1,1017940,Card,0
9788,3710062,371006,1,803,TrainingItem,0
9789,3710070,371007,0,32103,AwakeningItem,0
9790,3710072,371007,0,32103,AwakeningItem,0
9791,3710080,371008,0,32104,AwakeningItem,0
9792,3710082,371008,0,32104,AwakeningItem,0
9793,3710090,371009,1,20011,SupportMemory,0
9794,3710092,371009,1,20011,SupportMemory,0
9795,3710100,371010,0,32101,AwakeningItem,0
9796,3710100,371010,0,32102,AwakeningItem,0
9797,3710102,371010,0,32101,AwakeningItem,0
9798,3710102,371010,0,32102,AwakeningItem,0
9799,3710110,371011,0,32105,AwakeningItem,0
9800,3710112,371011,0,32105,AwakeningItem,0
9801,3710120,371012,0,32101,SupportItem,0
9802,3710122,371012,1,32101,SupportItem,0
9803,3720010,372001,1,1018510,Card,0
9804,3720010,372001,1,604,TrainingItem,0
9805,3720012,372001,1,1018510,Card,0
9806,3720012,372001,1,804,TrainingItem,0
9807,3720020,372002,0,37201,AwakeningItem,0
9808,3720022,372002,1,37201,AwakeningItem,0
9809,3720030,372003,0,37202,AwakeningItem,0
9810,3720032,372003,1,37202,AwakeningItem,0
9811,3720040,372004,0,37203,AwakeningItem,0
9812,3720042,372004,1,37203,AwakeningItem,0
9813,3720050,372005,0,7,AwakeningItem,0
9814,3720052,372005,0,10,AwakeningItem,0
9815,3720060,372006,1,700,TrainingItem,0
9816,3720060,372006,1,701,TrainingItem,0
9817,3720060,372006,1,702,TrainingItem,0
9818,3720060,372006,1,703,TrainingItem,0
9819,3720060,372006,1,704,TrainingItem,0
9820,3720062,372006,1,900,TrainingItem,0
9821,3720062,372006,1,901,TrainingItem,0
9822,3720062,372006,1,902,TrainingItem,0
9823,3720062,372006,1,903,TrainingItem,0
9824,3720062,372006,1,904,TrainingItem,0
9825,3730010,373001,1,3072,AwakeningItem,0
9826,3730012,373001,1,3072,AwakeningItem,0
9827,3730020,373002,1,3073,AwakeningItem,0
9828,3730022,373002,1,3073,AwakeningItem,0
9829,3730030,373003,0,6,SupportItem,0
9830,3730032,373003,0,6,SupportItem,0
9831,3730040,373004,1,3071,AwakeningItem,0
9832,3730042,373004,1,3071,AwakeningItem,0
9833,3730050,373005,1,1018070,Card,0
9834,3730050,373005,1,601,TrainingItem,0
9835,3730052,373005,1,1018070,Card,0
9836,3730052,373005,1,801,TrainingItem,0
9837,3730060,373006,1,3074,AwakeningItem,0
9838,3730062,373006,1,3074,AwakeningItem,0
9839,3730070,373007,1,3075,AwakeningItem,0
9840,3730072,373007,1,3075,AwakeningItem,0
9841,3740010,374001,1,1018710,Card,0
9842,3740010,374001,1,602,TrainingItem,0
9843,3740012,374001,1,1018710,Card,0
9844,3740012,374001,1,802,TrainingItem,0
9845,3740020,374002,1,37401,AwakeningItem,0
9846,3740020,374002,1,602,TrainingItem,0
9847,3740022,374002,1,37401,AwakeningItem,0
9848,3740030,374003,1,600,TrainingItem,0
9849,3740030,374003,1,601,TrainingItem,0
9850,3740030,374003,1,602,TrainingItem,0
9851,3740030,374003,1,603,TrainingItem,0
9852,3740030,374003,1,604,TrainingItem,0
9853,3740032,374003,1,800,TrainingItem,0
9854,3740032,374003,1,801,TrainingItem,0
9855,3740032,374003,1,802,TrainingItem,0
9856,3740032,374003,1,803,TrainingItem,0
9857,3740032,374003,1,804,TrainingItem,0
9858,3740040,374004,0,6,SupportItem,0
9859,3740042,374004,0,6,SupportItem,0
9860,3740050,374005,1,1018690,Card,0
9861,3740050,374005,1,600,TrainingItem,0
9862,3740052,374005,1,1018690,Card,0
9863,3740052,374005,1,800,TrainingItem,0
9864,3740060,374006,1,37402,AwakeningItem,0
9865,3740060,374006,1,600,TrainingItem,0
9866,3740062,374006,1,37402,AwakeningItem,0
9867,3740070,374007,0,6,TrainingField,0
9868,3740070,374007,0,5,TrainingField,0
9869,3740072,374007,0,6,TrainingField,0
9870,3740072,374007,0,5,TrainingField,0
9871,3740080,374008,1,9,AwakeningItem,0
9872,3740080,374008,1,10,AwakeningItem,0
9873,3740080,374008,1,11,AwakeningItem,0
9874,3740080,374008,1,12,AwakeningItem,0
9875,3740080,374008,1,13,AwakeningItem,0
9876,3740080,374008,1,4,AwakeningItem,0
9877,3740080,374008,1,5,AwakeningItem,0
9878,3740080,374008,1,6,AwakeningItem,0
9879,3740080,374008,1,7,AwakeningItem,0
9880,3740080,374008,1,8,AwakeningItem,0
9881,3740082,374008,1,9,AwakeningItem,0
9882,3740082,374008,1,10,AwakeningItem,0
9883,3740082,374008,1,11,AwakeningItem,0
9884,3740082,374008,1,12,AwakeningItem,0
9885,3740082,374008,1,13,AwakeningItem,0
9886,3740082,374008,1,4,AwakeningItem,0
9887,3740082,374008,1,5,AwakeningItem,0
9888,3740082,374008,1,6,AwakeningItem,0
9889,3740082,374008,1,7,AwakeningItem,0
9890,3740082,374008,1,8,AwakeningItem,0
9891,3740090,374009,1,1002650,Card,11333
9892,3740090,374009,1,1002640,Card,93879
9893,3740090,374009,1,1002630,Card,765122
9894,3740092,374009,1,1002650,Card,11333
9895,3740092,374009,1,1002640,Card,93879
9896,3740092,374009,1,1002630,Card,765122
9897,3740100,374010,1,20012,SupportMemory,0
9898,3740102,374010,1,20012,SupportMemory,0
9899,3750010,375001,1,1018920,Card,0
9900,3750010,375001,1,602,TrainingItem,0
9901,3750012,375001,1,1018920,Card,0
9902,3750012,375001,1,802,TrainingItem,0
9903,3750020,375002,1,1018940,Card,0
9904,3750020,375002,1,600,TrainingItem,0
9905,3750022,375002,1,1018940,Card,0
9906,3750022,375002,1,800,TrainingItem,0
9907,3750032,375003,1,64,PotentialItem,0
9908,3750032,375003,1,65,PotentialItem,0
9909,3750032,375003,1,66,PotentialItem,0
9910,3750040,375004,0,37502,AwakeningItem,0
9911,3750042,375004,1,37502,AwakeningItem,0
9912,3750050,375005,0,37501,AwakeningItem,0
9913,3750052,375005,1,37501,AwakeningItem,0
9914,3760010,376001,0,6,AwakeningItem,0
9915,3760012,376001,0,12,AwakeningItem,0
9916,3760020,376002,1,1019050,Card,0
9917,3760020,376002,1,603,TrainingItem,0
9918,3760022,376002,1,1019050,Card,0
9919,3760022,376002,1,803,TrainingItem,0
9920,3760030,376003,1,37601,AwakeningItem,0
9921,3760030,376003,1,603,TrainingItem,0
9922,3760032,376003,1,37601,AwakeningItem,0
9923,3760032,376003,1,803,TrainingItem,0
9924,3760040,376004,0,703,TrainingItem,0
9925,3760042,376004,0,903,TrainingItem,0
9926,3760050,376005,0,12,AwakeningItem,0
9927,3760052,376005,0,16,AwakeningItem,0
9928,3760060,376006,1,37602,AwakeningItem,0
9929,3760060,376006,1,603,TrainingItem,0
9930,3760062,376006,1,37602,AwakeningItem,0
9931,3760062,376006,1,803,TrainingItem,0
9932,3770010,377001,0,702,TrainingItem,0
9933,3770012,377001,0,902,TrainingItem,0
9934,3770020,377002,1,31401,SupportItem,0
9935,3770020,377002,1,31402,SupportItem,0
9936,3770020,377002,1,31403,SupportItem,0
9937,3770022,377002,1,31401,SupportItem,0
9938,3770022,377002,1,31402,SupportItem,0
9939,3770022,377002,1,31403,SupportItem,0
9940,3770030,377003,1,3146,AwakeningItem,0
9941,3770030,377003,1,602,TrainingItem,0
9942,3770032,377003,1,3146,AwakeningItem,0
9943,3770040,377004,1,3143,AwakeningItem,0
9944,3770040,377004,1,602,TrainingItem,0
9945,3770040,377004,1,3144,AwakeningItem,0
9946,3770042,377004,1,3143,AwakeningItem,0
9947,3770042,377004,1,3144,AwakeningItem,0
9948,3770050,377005,1,3147,AwakeningItem,0
9949,3770050,377005,1,602,TrainingItem,0
9950,3770052,377005,1,3147,AwakeningItem,0
9951,3770060,377006,1,3145,AwakeningItem,0
9952,3770060,377006,1,602,TrainingItem,0
9953,3770062,377006,1,3145,AwakeningItem,0
9954,3770070,377007,1,1003890,Card,0
9955,3770070,377007,1,602,TrainingItem,0
9956,3770072,377007,1,1003890,Card,0
9957,3770072,377007,1,802,TrainingItem,0
9958,3770080,377008,1,3141,AwakeningItem,0
9959,3770080,377008,1,602,TrainingItem,0
9960,3770082,377008,1,3141,AwakeningItem,0
9961,3770090,377009,1,3142,AwakeningItem,0
9962,3770090,377009,1,602,TrainingItem,0
9963,3770092,377009,1,3142,AwakeningItem,0
9964,3780010,378001,1,600,TrainingItem,0
9965,3780010,378001,1,601,TrainingItem,0
9966,3780010,378001,1,602,TrainingItem,0
9967,3780010,378001,1,603,TrainingItem,0
9968,3780010,378001,1,604,TrainingItem,0
9969,3780012,378001,1,800,TrainingItem,0
9970,3780012,378001,1,801,TrainingItem,0
9971,3780012,378001,1,802,TrainingItem,0
9972,3780012,378001,1,803,TrainingItem,0
9973,3780012,378001,1,804,TrainingItem,0
9974,3780020,378002,0,6,SupportItem,0
9975,3780022,378002,0,6,SupportItem,0
9976,3780030,378003,1,4,AwakeningItem,0
9977,3780030,378003,1,5,AwakeningItem,0
9978,3780030,378003,1,6,AwakeningItem,0
9979,3780030,378003,1,7,AwakeningItem,0
9980,3780030,378003,1,8,AwakeningItem,0
9981,3780032,378003,1,9,AwakeningItem,0
9982,3780032,378003,1,10,AwakeningItem,0
9983,3780032,378003,1,11,AwakeningItem,0
9984,3780032,378003,1,12,AwakeningItem,0
9985,3780032,378003,1,13,AwakeningItem,0
9986,3780040,378004,1,37801,AwakeningItem,0
9987,3780040,378004,1,600,TrainingItem,0
9988,3780040,378004,1,601,TrainingItem,0
9989,3780040,378004,1,602,TrainingItem,0
9990,3780040,378004,1,603,TrainingItem,0
9991,3780040,378004,1,604,TrainingItem,0
9992,3780042,378004,1,37801,AwakeningItem,0
9993,3780050,378005,1,5002,TreasureItem,0
9994,3780050,378005,1,600,TrainingItem,0
9995,3780050,378005,1,601,TrainingItem,0
9996,3780050,378005,1,602,TrainingItem,0
9997,3780050,378005,1,603,TrainingItem,0
9998,3780050,378005,1,604,TrainingItem,0
9999,3780052,378005,1,5002,TreasureItem,0
10000,3780052,378005,1,800,TrainingItem,0
10001,3780052,378005,1,801,TrainingItem,0
10002,3780052,378005,1,802,TrainingItem,0
10003,3780052,378005,1,803,TrainingItem,0
10004,3780052,378005,1,804,TrainingItem,0
10005,3780060,378006,1,9,AwakeningItem,0
10006,3780060,378006,1,10,AwakeningItem,0
10007,3780060,378006,1,11,AwakeningItem,0
10008,3780060,378006,1,12,AwakeningItem,0
10009,3780060,378006,1,13,AwakeningItem,0
10010,3780062,378006,1,14,AwakeningItem,0
10011,3780062,378006,1,15,AwakeningItem,0
10012,3780062,378006,1,16,AwakeningItem,0
10013,3780062,378006,1,17,AwakeningItem,0
10014,3780062,378006,1,18,AwakeningItem,0
10015,3780070,378007,1,700,TrainingItem,0
10016,3780070,378007,1,701,TrainingItem,0
10017,3780070,378007,1,702,TrainingItem,0
10018,3780070,378007,1,703,TrainingItem,0
10019,3780070,378007,1,704,TrainingItem,0
10020,3780072,378007,1,900,TrainingItem,0
10021,3780072,378007,1,901,TrainingItem,0
10022,3780072,378007,1,902,TrainingItem,0
10023,3780072,378007,1,903,TrainingItem,0
10024,3780072,378007,1,904,TrainingItem,0
10025,3780080,378008,1,37802,AwakeningItem,0
10026,3780080,378008,1,600,TrainingItem,0
10027,3780080,378008,1,601,TrainingItem,0
10028,3780080,378008,1,602,TrainingItem,0
10029,3780080,378008,1,603,TrainingItem,0
10030,3780080,378008,1,604,TrainingItem,0
10031,3780082,378008,1,37802,AwakeningItem,0
10032,3790010,379001,1,600,TrainingItem,0
10033,3790010,379001,1,601,TrainingItem,0
10034,3790010,379001,1,602,TrainingItem,0
10035,3790010,379001,1,603,TrainingItem,0
10036,3790010,379001,1,604,TrainingItem,0
10037,3790012,379001,1,800,TrainingItem,0
10038,3790012,379001,1,801,TrainingItem,0
10039,3790012,379001,1,802,TrainingItem,0
10040,3790012,379001,1,803,TrainingItem,0
10041,3790012,379001,1,804,TrainingItem,0
10042,3790020,379002,1,1020160,Card,0
10043,3790020,379002,1,604,TrainingItem,0
10044,3790022,379002,1,1020160,Card,0
10045,3790022,379002,1,804,TrainingItem,0
10046,3790030,379003,1,37901,AwakeningItem,0
10047,3790030,379003,1,604,TrainingItem,0
10048,3790032,379003,1,37901,AwakeningItem,0
10049,3810010,381001,1,3085,AwakeningItem,0
10050,3810010,381001,1,600,TrainingItem,0
10051,3810010,381001,1,601,TrainingItem,0
10052,3810010,381001,1,602,TrainingItem,0
10053,3810010,381001,1,603,TrainingItem,0
10054,3810010,381001,1,604,TrainingItem,0
10055,3810012,381001,1,3085,AwakeningItem,0
10056,3810020,381002,1,3087,AwakeningItem,0
10057,3810020,381002,1,600,TrainingItem,0
10058,3810020,381002,1,601,TrainingItem,0
10059,3810020,381002,1,602,TrainingItem,0
10060,3810020,381002,1,603,TrainingItem,0
10061,3810020,381002,1,604,TrainingItem,0
10062,3810020,381002,1,3086,AwakeningItem,0
10063,3810022,381002,1,3087,AwakeningItem,0
10064,3810022,381002,1,3086,AwakeningItem,0
10065,3810030,381003,1,3084,AwakeningItem,0
10066,3810030,381003,1,600,TrainingItem,0
10067,3810030,381003,1,601,TrainingItem,0
10068,3810030,381003,1,602,TrainingItem,0
10069,3810030,381003,1,603,TrainingItem,0
10070,3810030,381003,1,604,TrainingItem,0
10071,3810030,381003,1,3083,AwakeningItem,0
10072,3810032,381003,1,3084,AwakeningItem,0
10073,3810032,381003,1,3083,AwakeningItem,0
10074,3810040,381004,1,3082,AwakeningItem,0
10075,3810040,381004,1,600,TrainingItem,0
10076,3810040,381004,1,601,TrainingItem,0
10077,3810040,381004,1,602,TrainingItem,0
10078,3810040,381004,1,603,TrainingItem,0
10079,3810040,381004,1,604,TrainingItem,0
10080,3810040,381004,1,3081,AwakeningItem,0
10081,3810042,381004,1,3082,AwakeningItem,0
10082,3810042,381004,1,3081,AwakeningItem,0
10083,3810050,381005,1,1002940,Card,0
10084,3810050,381005,1,603,TrainingItem,0
10085,3810052,381005,1,1019480,Card,0
10086,3810052,381005,1,801,TrainingItem,0
10087,3810060,381006,1,3089,AwakeningItem,0
10088,3810060,381006,1,600,TrainingItem,0
10089,3810060,381006,1,601,TrainingItem,0
10090,3810060,381006,1,602,TrainingItem,0
10091,3810060,381006,1,603,TrainingItem,0
10092,3810060,381006,1,604,TrainingItem,0
10093,3810060,381006,1,3088,AwakeningItem,0
10094,3810062,381006,1,3089,AwakeningItem,0
10095,3810062,381006,1,3088,AwakeningItem,0
10096,3820010,382001,1,1020760,Card,0
10097,3820010,382001,1,600,TrainingItem,0
10098,3820012,382001,1,1020760,Card,0
10099,3820012,382001,1,800,TrainingItem,0
10100,3820020,382002,1,1020610,Card,0
10101,3820020,382002,1,602,TrainingItem,0
10102,3820022,382002,1,1020610,Card,0
10103,3820022,382002,1,802,TrainingItem,0
10104,3820030,382003,1,4,AwakeningItem,0
10105,3820030,382003,1,5,AwakeningItem,0
10106,3820030,382003,1,6,AwakeningItem,0
10107,3820030,382003,1,7,AwakeningItem,0
10108,3820030,382003,1,8,AwakeningItem,0
10109,3820032,382003,1,9,AwakeningItem,0
10110,3820032,382003,1,10,AwakeningItem,0
10111,3820032,382003,1,11,AwakeningItem,0
10112,3820032,382003,1,12,AwakeningItem,0
10113,3820032,382003,1,13,AwakeningItem,0
10114,3820040,382004,1,9,AwakeningItem,0
10115,3820040,382004,1,10,AwakeningItem,0
10116,3820040,382004,1,11,AwakeningItem,0
10117,3820040,382004,1,12,AwakeningItem,0
10118,3820040,382004,1,13,AwakeningItem,0
10119,3820042,382004,1,14,AwakeningItem,0
10120,3820042,382004,1,15,AwakeningItem,0
10121,3820042,382004,1,16,AwakeningItem,0
10122,3820042,382004,1,17,AwakeningItem,0
10123,3820042,382004,1,18,AwakeningItem,0
10124,3820050,382005,1,38201,AwakeningItem,0
10125,3820050,382005,1,602,TrainingItem,0
10126,3820052,382005,1,38201,AwakeningItem,0
10127,3820060,382006,1,700,TrainingItem,0
10128,3820060,382006,1,701,TrainingItem,0
10129,3820060,382006,1,702,TrainingItem,0
10130,3820060,382006,1,703,TrainingItem,0
10131,3820060,382006,1,704,TrainingItem,0
10132,3820062,382006,1,900,TrainingItem,0
10133,3820062,382006,1,901,TrainingItem,0
10134,3820062,382006,1,902,TrainingItem,0
10135,3820062,382006,1,903,TrainingItem,0
10136,3820062,382006,1,904,TrainingItem,0
10137,3820070,382007,1,38202,AwakeningItem,0
10138,3820070,382007,1,600,TrainingItem,0
10139,3820072,382007,1,38202,AwakeningItem,0
10140,3820080,382008,0,1000,SupportItem,0
10141,3820082,382008,0,1000,SupportItem,0
10142,3820090,382009,1,1020800,Card,0
10143,3820090,382009,1,604,TrainingItem,0
10144,3820092,382009,1,1020800,Card,0
10145,3820092,382009,1,804,TrainingItem,0
10146,3820100,382010,1,38203,AwakeningItem,0
10147,3820100,382010,1,604,TrainingItem,0
10148,3820102,382010,1,38203,AwakeningItem,0
10149,3830010,383001,1,38301,AwakeningItem,0
10150,3830010,383001,1,602,TrainingItem,0
10151,3830012,383001,1,38301,AwakeningItem,0
10152,3830020,383002,1,38302,AwakeningItem,0
10153,3830020,383002,1,602,TrainingItem,0
10154,3830022,383002,1,38302,AwakeningItem,0
10155,3830030,383003,1,38303,AwakeningItem,0
10156,3830030,383003,1,602,TrainingItem,0
10157,3830032,383003,1,38303,AwakeningItem,0
10158,3830040,383004,1,1021380,Card,0
10159,3830040,383004,1,602,TrainingItem,0
10160,3830042,383004,1,1021380,Card,0
10161,3830042,383004,1,802,TrainingItem,0
10162,3830050,383005,1,38304,AwakeningItem,0
10163,3830050,383005,1,602,TrainingItem,0
10164,3830052,383005,1,38304,AwakeningItem,0
10165,3840010,384001,1,700,TrainingItem,0
10166,3840010,384001,1,701,TrainingItem,0
10167,3840010,384001,1,702,TrainingItem,0
10168,3840010,384001,1,703,TrainingItem,0
10169,3840010,384001,1,704,TrainingItem,0
10170,3840012,384001,1,900,TrainingItem,0
10171,3840012,384001,1,901,TrainingItem,0
10172,3840012,384001,1,902,TrainingItem,0
10173,3840012,384001,1,903,TrainingItem,0
10174,3840012,384001,1,904,TrainingItem,0
10175,3840020,384002,1,1021070,Card,0
10176,3840020,384002,1,601,TrainingItem,0
10177,3840022,384002,1,1021070,Card,0
10178,3840022,384002,1,801,TrainingItem,0
10179,3840030,384003,1,38401,AwakeningItem,0
10180,3840030,384003,1,601,TrainingItem,0
10181,3840032,384003,1,38401,AwakeningItem,0
10182,3850010,385001,0,7,AwakeningItem,0
10183,3850012,385001,0,10,AwakeningItem,0
10184,3850020,385002,1,1021600,Card,0
10185,3850020,385002,1,604,TrainingItem,0
10186,3850022,385002,1,1021600,Card,0
10187,3850022,385002,1,804,TrainingItem,0
10188,3850030,385003,1,38501,AwakeningItem,0
10189,3850030,385003,1,604,TrainingItem,0
10190,3850032,385003,1,38501,AwakeningItem,0
10191,3850032,385003,1,804,TrainingItem,0
10192,3850040,385004,0,704,TrainingItem,0
10193,3850042,385004,0,904,TrainingItem,0
10194,3850050,385005,0,10,AwakeningItem,0
10195,3850052,385005,0,17,AwakeningItem,0
10196,3850060,385006,1,38502,AwakeningItem,0
10197,3850060,385006,1,604,TrainingItem,0
10198,3850062,385006,1,38502,AwakeningItem,0
10199,3850062,385006,1,804,TrainingItem,0
10200,3860010,386001,1,40002,SupportMemory,0
10201,3860010,386001,1,600,TrainingItem,0
10202,3860010,386001,1,601,TrainingItem,0
10203,3860010,386001,1,602,TrainingItem,0
10204,3860010,386001,1,603,TrainingItem,0
10205,3860010,386001,1,604,TrainingItem,0
10206,3860012,386001,1,40002,SupportMemory,0
10207,3860020,386002,1,1021630,Card,0
10208,3860020,386002,1,602,TrainingItem,0
10209,3860022,386002,1,1021630,Card,0
10210,3860022,386002,1,802,TrainingItem,0
10211,3860030,386003,1,1021530,Card,0
10212,3860030,386003,1,601,TrainingItem,0
10213,3860032,386003,1,1021530,Card,0
10214,3860032,386003,1,801,TrainingItem,0
10215,3860040,386004,1,4,AwakeningItem,0
10216,3860040,386004,1,5,AwakeningItem,0
10217,3860040,386004,1,6,AwakeningItem,0
10218,3860040,386004,1,7,AwakeningItem,0
10219,3860040,386004,1,8,AwakeningItem,0
10220,3860042,386004,1,9,AwakeningItem,0
10221,3860042,386004,1,10,AwakeningItem,0
10222,3860042,386004,1,11,AwakeningItem,0
10223,3860042,386004,1,12,AwakeningItem,0
10224,3860042,386004,1,13,AwakeningItem,0
10225,3860050,386005,1,38602,AwakeningItem,0
10226,3860050,386005,1,601,TrainingItem,0
10227,3860052,386005,1,38602,AwakeningItem,0
10228,3860060,386006,1,38601,AwakeningItem,0
10229,3860060,386006,1,602,TrainingItem,0
10230,3860062,386006,1,38601,AwakeningItem,0
10231,3860070,386007,1,40004,SupportMemory,0
10232,3860070,386007,1,600,TrainingItem,0
10233,3860070,386007,1,601,TrainingItem,0
10234,3860070,386007,1,602,TrainingItem,0
10235,3860070,386007,1,603,TrainingItem,0
10236,3860070,386007,1,604,TrainingItem,0
10237,3860072,386007,1,40004,SupportMemory,0
10238,3860080,386008,1,700,TrainingItem,0
10239,3860080,386008,1,701,TrainingItem,0
10240,3860080,386008,1,702,TrainingItem,0
10241,3860080,386008,1,703,TrainingItem,0
10242,3860080,386008,1,704,TrainingItem,0
10243,3860082,386008,1,900,TrainingItem,0
10244,3860082,386008,1,901,TrainingItem,0
10245,3860082,386008,1,902,TrainingItem,0
10246,3860082,386008,1,903,TrainingItem,0
10247,3860082,386008,1,904,TrainingItem,0
10248,3860090,386009,1,38603,AwakeningItem,0
10249,3860090,386009,1,604,TrainingItem,0
10250,3860092,386009,1,38603,AwakeningItem,0
10251,3860100,386010,1,9,AwakeningItem,0
10252,3860100,386010,1,10,AwakeningItem,0
10253,3860100,386010,1,11,AwakeningItem,0
10254,3860100,386010,1,12,AwakeningItem,0
10255,3860100,386010,1,13,AwakeningItem,0
10256,3860102,386010,1,14,AwakeningItem,0
10257,3860102,386010,1,15,AwakeningItem,0
10258,3860102,386010,1,16,AwakeningItem,0
10259,3860102,386010,1,17,AwakeningItem,0
10260,3860102,386010,1,18,AwakeningItem,0
10261,3870010,387001,1,6,SupportItem,0
10262,3870010,387001,1,6,TrainingField,0
10263,3870012,387001,1,6,SupportItem,0
10264,3870012,387001,1,6,TrainingField,0
10265,3870012,387001,1,7,TrainingField,0
10266,3870020,387002,1,4,AwakeningItem,0
10267,3870020,387002,1,5,AwakeningItem,0
10268,3870020,387002,1,6,AwakeningItem,0
10269,3870020,387002,1,7,AwakeningItem,0
10270,3870020,387002,1,8,AwakeningItem,0
10271,3870022,387002,1,9,AwakeningItem,0
10272,3870022,387002,1,10,AwakeningItem,0
10273,3870022,387002,1,11,AwakeningItem,0
10274,3870022,387002,1,12,AwakeningItem,0
10275,3870022,387002,1,13,AwakeningItem,0
10276,3870030,387003,1,1021890,Card,0
10277,3870030,387003,1,603,TrainingItem,0
10278,3870030,387003,1,38702,AwakeningItem,0
10279,3870032,387003,1,1021890,Card,0
10280,3870032,387003,1,803,TrainingItem,0
10281,3870032,387003,1,38702,AwakeningItem,0
10282,3870040,387004,1,9,AwakeningItem,0
10283,3870040,387004,1,10,AwakeningItem,0
10284,3870040,387004,1,11,AwakeningItem,0
10285,3870040,387004,1,12,AwakeningItem,0
10286,3870040,387004,1,13,AwakeningItem,0
10287,3870042,387004,1,14,AwakeningItem,0
10288,3870042,387004,1,15,AwakeningItem,0
10289,3870042,387004,1,16,AwakeningItem,0
10290,3870042,387004,1,17,AwakeningItem,0
10291,3870042,387004,1,18,AwakeningItem,0
10292,3870050,387005,1,700,TrainingItem,0
10293,3870050,387005,1,701,TrainingItem,0
10294,3870050,387005,1,702,TrainingItem,0
10295,3870050,387005,1,703,TrainingItem,0
10296,3870050,387005,1,704,TrainingItem,0
10297,3870052,387005,1,900,TrainingItem,0
10298,3870052,387005,1,901,TrainingItem,0
10299,3870052,387005,1,902,TrainingItem,0
10300,3870052,387005,1,903,TrainingItem,0
10301,3870052,387005,1,904,TrainingItem,0
10302,3870062,387006,1,1021550,Card,0
10303,3870062,387006,1,800,TrainingItem,0
10304,3870070,387007,1,38701,AwakeningItem,0
10305,3870070,387007,1,600,TrainingItem,0
10306,3870072,387007,1,38701,AwakeningItem,0
10307,3880010,388001,1,4,AwakeningItem,0
10308,3880010,388001,1,5,AwakeningItem,0
10309,3880010,388001,1,6,AwakeningItem,0
10310,3880010,388001,1,7,AwakeningItem,0
10311,3880010,388001,1,8,AwakeningItem,0
10312,3880012,388001,1,9,AwakeningItem,0
10313,3880012,388001,1,10,AwakeningItem,0
10314,3880012,388001,1,11,AwakeningItem,0
10315,3880012,388001,1,12,AwakeningItem,0
10316,3880012,388001,1,13,AwakeningItem,0
10317,3880020,388002,1,1022300,Card,0
10318,3880020,388002,1,603,TrainingItem,0
10319,3880022,388002,1,1022300,Card,0
10320,3880022,388002,1,803,TrainingItem,0
10321,3880030,388003,1,9,AwakeningItem,0
10322,3880030,388003,1,10,AwakeningItem,0
10323,3880030,388003,1,11,AwakeningItem,0
10324,3880030,388003,1,12,AwakeningItem,0
10325,3880030,388003,1,13,AwakeningItem,0
10326,3880032,388003,1,14,AwakeningItem,0
10327,3880032,388003,1,15,AwakeningItem,0
10328,3880032,388003,1,16,AwakeningItem,0
10329,3880032,388003,1,17,AwakeningItem,0
10330,3880032,388003,1,18,AwakeningItem,0
10331,3880040,388004,1,600,TrainingItem,0
10332,3880040,388004,1,601,TrainingItem,0
10333,3880040,388004,1,602,TrainingItem,0
10334,3880040,388004,1,603,TrainingItem,0
10335,3880040,388004,1,604,TrainingItem,0
10336,3880042,388004,1,800,TrainingItem,0
10337,3880042,388004,1,801,TrainingItem,0
10338,3880042,388004,1,802,TrainingItem,0
10339,3880042,388004,1,803,TrainingItem,0
10340,3880042,388004,1,804,TrainingItem,0
10341,3880050,388005,1,6,SupportItem,0
10342,3880050,388005,1,6,TrainingField,0
10343,3880052,388005,1,6,SupportItem,0
10344,3880052,388005,1,6,TrainingField,0
10345,3880052,388005,1,7,TrainingField,0
10346,3880060,388006,0,31502,SupportItem,0
10347,3880062,388006,0,31502,SupportItem,0
10348,3880070,388007,1,700,TrainingItem,0
10349,3880070,388007,1,701,TrainingItem,0
10350,3880070,388007,1,702,TrainingItem,0
10351,3880070,388007,1,703,TrainingItem,0
10352,3880070,388007,1,704,TrainingItem,0
10353,3880072,388007,1,900,TrainingItem,0
10354,3880072,388007,1,901,TrainingItem,0
10355,3880072,388007,1,902,TrainingItem,0
10356,3880072,388007,1,903,TrainingItem,0
10357,3880072,388007,1,904,TrainingItem,0
10358,3880080,388008,1,38801,AwakeningItem,0
10359,3880080,388008,1,603,TrainingItem,0
10360,3880082,388008,1,38801,AwakeningItem,0
10361,3880090,388009,1,9,AwakeningItem,0
10362,3880090,388009,1,10,AwakeningItem,0
10363,3880090,388009,1,11,AwakeningItem,0
10364,3880090,388009,1,12,AwakeningItem,0
10365,3880090,388009,1,13,AwakeningItem,0
10366,3880092,388009,1,14,AwakeningItem,0
10367,3880092,388009,1,15,AwakeningItem,0
10368,3880092,388009,1,16,AwakeningItem,0
10369,3880092,388009,1,17,AwakeningItem,0
10370,3880092,388009,1,18,AwakeningItem,0
10371,3880100,388010,1,38802,AwakeningItem,0
10372,3880100,388010,1,603,TrainingItem,0
10373,3880102,388010,1,38802,AwakeningItem,0
10374,3890010,389001,1,600,TrainingItem,0
10375,3890010,389001,1,601,TrainingItem,0
10376,3890010,389001,1,602,TrainingItem,0
10377,3890010,389001,1,603,TrainingItem,0
10378,3890010,389001,1,604,TrainingItem,0
10379,3890012,389001,1,800,TrainingItem,0
10380,3890012,389001,1,801,TrainingItem,0
10381,3890012,389001,1,802,TrainingItem,0
10382,3890012,389001,1,803,TrainingItem,0
10383,3890012,389001,1,804,TrainingItem,0
10384,3890020,389002,1,4,AwakeningItem,0
10385,3890020,389002,1,5,AwakeningItem,0
10386,3890020,389002,1,6,AwakeningItem,0
10387,3890020,389002,1,7,AwakeningItem,0
10388,3890020,389002,1,8,AwakeningItem,0
10389,3890022,389002,1,9,AwakeningItem,0
10390,3890022,389002,1,10,AwakeningItem,0
10391,3890022,389002,1,11,AwakeningItem,0
10392,3890022,389002,1,12,AwakeningItem,0
10393,3890022,389002,1,13,AwakeningItem,0
10394,3890030,389003,1,1013440,Card,0
10395,3890030,389003,1,604,TrainingItem,0
10396,3890032,389003,1,1013440,Card,0
10397,3890032,389003,1,804,TrainingItem,0
10398,3890040,389004,1,9,AwakeningItem,0
10399,3890040,389004,1,10,AwakeningItem,0
10400,3890040,389004,1,11,AwakeningItem,0
10401,3890040,389004,1,12,AwakeningItem,0
10402,3890040,389004,1,13,AwakeningItem,0
10403,3890042,389004,1,14,AwakeningItem,0
10404,3890042,389004,1,15,AwakeningItem,0
10405,3890042,389004,1,16,AwakeningItem,0
10406,3890042,389004,1,17,AwakeningItem,0
10407,3890042,389004,1,18,AwakeningItem,0
10408,3890050,389005,1,90006,AwakeningItem,0
10409,3890050,389005,1,604,TrainingItem,0
10410,3890052,389005,1,90006,AwakeningItem,0
10411,3890060,389006,1,20007,SupportMemory,0
10412,3890060,389006,1,600,TrainingItem,0
10413,3890060,389006,1,601,TrainingItem,0
10414,3890060,389006,1,602,TrainingItem,0
10415,3890060,389006,1,603,TrainingItem,0
10416,3890060,389006,1,604,TrainingItem,0
10417,3890062,389006,1,20007,SupportMemory,0
10418,3890070,389007,1,700,TrainingItem,0
10419,3890070,389007,1,701,TrainingItem,0
10420,3890070,389007,1,702,TrainingItem,0
10421,3890070,389007,1,703,TrainingItem,0
10422,3890070,389007,1,704,TrainingItem,0
10423,3890072,389007,1,900,TrainingItem,0
10424,3890072,389007,1,901,TrainingItem,0
10425,3890072,389007,1,902,TrainingItem,0
10426,3890072,389007,1,903,TrainingItem,0
10427,3890072,389007,1,904,TrainingItem,0
10428,3910010,391001,1,600,TrainingItem,0
10429,3910010,391001,1,601,TrainingItem,0
10430,3910010,391001,1,602,TrainingItem,0
10431,3910010,391001,1,603,TrainingItem,0
10432,3910010,391001,1,604,TrainingItem,0
10433,3910012,391001,1,800,TrainingItem,0
10434,3910012,391001,1,801,TrainingItem,0
10435,3910012,391001,1,802,TrainingItem,0
10436,3910012,391001,1,803,TrainingItem,0
10437,3910012,391001,1,804,TrainingItem,0
10438,3910020,391002,1,4,AwakeningItem,0
10439,3910020,391002,1,5,AwakeningItem,0
10440,3910020,391002,1,6,AwakeningItem,0
10441,3910020,391002,1,7,AwakeningItem,0
10442,3910020,391002,1,8,AwakeningItem,0
10443,3910022,391002,1,9,AwakeningItem,0
10444,3910022,391002,1,10,AwakeningItem,0
10445,3910022,391002,1,11,AwakeningItem,0
10446,3910022,391002,1,12,AwakeningItem,0
10447,3910022,391002,1,13,AwakeningItem,0
10448,3910030,391003,1,9,AwakeningItem,0
10449,3910030,391003,1,10,AwakeningItem,0
10450,3910030,391003,1,11,AwakeningItem,0
10451,3910030,391003,1,12,AwakeningItem,0
10452,3910030,391003,1,13,AwakeningItem,0
10453,3910032,391003,1,14,AwakeningItem,0
10454,3910032,391003,1,15,AwakeningItem,0
10455,3910032,391003,1,16,AwakeningItem,0
10456,3910032,391003,1,17,AwakeningItem,0
10457,3910032,391003,1,18,AwakeningItem,0
10458,3910040,391004,1,1022870,Card,0
10459,3910040,391004,1,602,TrainingItem,0
10460,3910042,391004,1,1022870,Card,0
10461,3910042,391004,1,802,TrainingItem,0
10462,3910050,391005,1,39101,AwakeningItem,0
10463,3910050,391005,1,602,TrainingItem,0
10464,3910052,391005,1,39101,AwakeningItem,0
10465,3920010,392001,1,600,TrainingItem,0
10466,3920010,392001,1,601,TrainingItem,0
10467,3920010,392001,1,602,TrainingItem,0
10468,3920010,392001,1,603,TrainingItem,0
10469,3920010,392001,1,604,TrainingItem,0
10470,3920012,392001,1,800,TrainingItem,0
10471,3920012,392001,1,801,TrainingItem,0
10472,3920012,392001,1,802,TrainingItem,0
10473,3920012,392001,1,803,TrainingItem,0
10474,3920012,392001,1,804,TrainingItem,0
10475,3920020,392002,1,1022990,Card,0
10476,3920020,392002,1,601,TrainingItem,0
10477,3920022,392002,1,1022990,Card,0
10478,3920022,392002,1,801,TrainingItem,0
10479,3920030,392003,1,20009,SupportMemory,0
10480,3920030,392003,1,600,TrainingItem,0
10481,3920030,392003,1,601,TrainingItem,0
10482,3920030,392003,1,602,TrainingItem,0
10483,3920030,392003,1,603,TrainingItem,0
10484,3920030,392003,1,604,TrainingItem,0
10485,3920032,392003,1,20009,SupportMemory,0
10486,3920040,392004,1,4,AwakeningItem,0
10487,3920040,392004,1,5,AwakeningItem,0
10488,3920040,392004,1,6,AwakeningItem,0
10489,3920040,392004,1,7,AwakeningItem,0
10490,3920040,392004,1,8,AwakeningItem,0
10491,3920042,392004,1,9,AwakeningItem,0
10492,3920042,392004,1,10,AwakeningItem,0
10493,3920042,392004,1,11,AwakeningItem,0
10494,3920042,392004,1,12,AwakeningItem,0
10495,3920042,392004,1,13,AwakeningItem,0
10496,3920050,392005,1,39201,AwakeningItem,0
10497,3920050,392005,1,601,TrainingItem,0
10498,3920052,392005,1,39201,AwakeningItem,0
10499,3920060,392006,1,9,AwakeningItem,0
10500,3920060,392006,1,10,AwakeningItem,0
10501,3920060,392006,1,11,AwakeningItem,0
10502,3920060,392006,1,12,AwakeningItem,0
10503,3920060,392006,1,13,AwakeningItem,0
10504,3920062,392006,1,14,AwakeningItem,0
10505,3920062,392006,1,15,AwakeningItem,0
10506,3920062,392006,1,16,AwakeningItem,0
10507,3920062,392006,1,17,AwakeningItem,0
10508,3920062,392006,1,18,AwakeningItem,0
10509,3920070,392007,1,700,TrainingItem,0
10510,3920070,392007,1,701,TrainingItem,0
10511,3920070,392007,1,702,TrainingItem,0
10512,3920070,392007,1,703,TrainingItem,0
10513,3920070,392007,1,704,TrainingItem,0
10514,3920072,392007,1,900,TrainingItem,0
10515,3920072,392007,1,901,TrainingItem,0
10516,3920072,392007,1,902,TrainingItem,0
10517,3920072,392007,1,903,TrainingItem,0
10518,3920072,392007,1,904,TrainingItem,0
10519,3930010,393001,1,20008,SupportMemory,0
10520,3930012,393001,1,20008,SupportMemory,0
10521,3930020,393002,1,1023940,Card,0
10522,3930020,393002,1,604,TrainingItem,0
10523,3930022,393002,1,1023940,Card,0
10524,3930022,393002,1,804,TrainingItem,0
10525,3930030,393003,1,4,AwakeningItem,0
10526,3930030,393003,1,5,AwakeningItem,0
10527,3930030,393003,1,6,AwakeningItem,0
10528,3930030,393003,1,7,AwakeningItem,0
10529,3930030,393003,1,8,AwakeningItem,0
10530,3930032,393003,1,9,AwakeningItem,0
10531,3930032,393003,1,10,AwakeningItem,0
10532,3930032,393003,1,11,AwakeningItem,0
10533,3930032,393003,1,12,AwakeningItem,0
10534,3930032,393003,1,13,AwakeningItem,0
10535,3930040,393004,1,9,AwakeningItem,0
10536,3930040,393004,1,10,AwakeningItem,0
10537,3930040,393004,1,11,AwakeningItem,0
10538,3930040,393004,1,12,AwakeningItem,0
10539,3930040,393004,1,13,AwakeningItem,0
10540,3930042,393004,1,14,AwakeningItem,0
10541,3930042,393004,1,15,AwakeningItem,0
10542,3930042,393004,1,16,AwakeningItem,0
10543,3930042,393004,1,17,AwakeningItem,0
10544,3930042,393004,1,18,AwakeningItem,0
10545,3930050,393005,1,39301,AwakeningItem,0
10546,3930050,393005,1,604,TrainingItem,0
10547,3930052,393005,1,39301,AwakeningItem,0
10548,3930060,393006,1,700,TrainingItem,0
10549,3930060,393006,1,701,TrainingItem,0
10550,3930060,393006,1,702,TrainingItem,0
10551,3930060,393006,1,703,TrainingItem,0
10552,3930060,393006,1,704,TrainingItem,0
10553,3930062,393006,1,900,TrainingItem,0
10554,3930062,393006,1,901,TrainingItem,0
10555,3930062,393006,1,902,TrainingItem,0
10556,3930062,393006,1,903,TrainingItem,0
10557,3930062,393006,1,904,TrainingItem,0
10558,3940010,394001,1,1023920,Card,0
10559,3940010,394001,1,600,TrainingItem,0
10560,3940012,394001,1,1023920,Card,0
10561,3940012,394001,1,800,TrainingItem,0
10562,3940020,394002,1,600,TrainingItem,0
10563,3940020,394002,1,601,TrainingItem,0
10564,3940020,394002,1,602,TrainingItem,0
10565,3940020,394002,1,603,TrainingItem,0
10566,3940020,394002,1,604,TrainingItem,0
10567,3940022,394002,1,800,TrainingItem,0
10568,3940022,394002,1,801,TrainingItem,0
10569,3940022,394002,1,802,TrainingItem,0
10570,3940022,394002,1,803,TrainingItem,0
10571,3940022,394002,1,804,TrainingItem,0
10572,3940030,394003,1,4,AwakeningItem,0
10573,3940030,394003,1,5,AwakeningItem,0
10574,3940030,394003,1,6,AwakeningItem,0
10575,3940030,394003,1,7,AwakeningItem,0
10576,3940030,394003,1,8,AwakeningItem,0
10577,3940032,394003,1,9,AwakeningItem,0
10578,3940032,394003,1,10,AwakeningItem,0
10579,3940032,394003,1,11,AwakeningItem,0
10580,3940032,394003,1,12,AwakeningItem,0
10581,3940032,394003,1,13,AwakeningItem,0
10582,3940040,394004,1,9,AwakeningItem,0
10583,3940040,394004,1,10,AwakeningItem,0
10584,3940040,394004,1,11,AwakeningItem,0
10585,3940040,394004,1,12,AwakeningItem,0
10586,3940040,394004,1,13,AwakeningItem,0
10587,3940042,394004,1,14,AwakeningItem,0
10588,3940042,394004,1,15,AwakeningItem,0
10589,3940042,394004,1,16,AwakeningItem,0
10590,3940042,394004,1,17,AwakeningItem,0
10591,3940042,394004,1,18,AwakeningItem,0
10592,3940050,394005,1,39401,AwakeningItem,0
10593,3940050,394005,1,600,TrainingItem,0
10594,3940052,394005,1,39401,AwakeningItem,0
10595,3940060,394006,1,700,TrainingItem,0
10596,3940060,394006,1,701,TrainingItem,0
10597,3940060,394006,1,702,TrainingItem,0
10598,3940060,394006,1,703,TrainingItem,0
10599,3940060,394006,1,704,TrainingItem,0
10600,3940062,394006,1,900,TrainingItem,0
10601,3940062,394006,1,901,TrainingItem,0
10602,3940062,394006,1,902,TrainingItem,0
10603,3940062,394006,1,903,TrainingItem,0
10604,3940062,394006,1,904,TrainingItem,0
10605,3950010,395001,0,4,AwakeningItem,0
10606,3950012,395001,0,11,AwakeningItem,0
10607,3950020,395002,1,1023870,Card,0
10608,3950020,395002,1,601,TrainingItem,0
10609,3950022,395002,1,1023870,Card,0
10610,3950022,395002,1,801,TrainingItem,0
10611,3950030,395003,1,39501,AwakeningItem,0
10612,3950030,395003,1,601,TrainingItem,0
10613,3950032,395003,1,39501,AwakeningItem,0
10614,3950032,395003,1,801,TrainingItem,0
10615,3950040,395004,0,701,TrainingItem,0
10616,3950042,395004,0,901,TrainingItem,0
10617,3950050,395005,0,11,AwakeningItem,0
10618,3950052,395005,0,18,AwakeningItem,0
10619,3950060,395006,1,39502,AwakeningItem,0
10620,3950060,395006,1,601,TrainingItem,0
10621,3950062,395006,1,39502,AwakeningItem,0
10622,3950062,395006,1,801,TrainingItem,0
10623,3960010,396001,1,39601,AwakeningItem,0
10624,3960010,396001,1,600,TrainingItem,0
10625,3960012,396001,1,39601,AwakeningItem,0
10626,3960012,396001,1,800,TrainingItem,0
10627,3960020,396002,1,39602,AwakeningItem,0
10628,3960020,396002,1,600,TrainingItem,0
10629,3960022,396002,1,39602,AwakeningItem,0
10630,3960022,396002,1,800,TrainingItem,0
10631,3960030,396003,1,1023840,Card,0
10632,3960030,396003,1,600,TrainingItem,0
10633,3960032,396003,1,1023840,Card,0
10634,3960032,396003,1,800,TrainingItem,0
10635,3970010,397001,1,600,TrainingItem,0
10636,3970010,397001,1,601,TrainingItem,0
10637,3970010,397001,1,602,TrainingItem,0
10638,3970010,397001,1,603,TrainingItem,0
10639,3970010,397001,1,604,TrainingItem,0
10640,3970012,397001,1,800,TrainingItem,0
10641,3970012,397001,1,801,TrainingItem,0
10642,3970012,397001,1,802,TrainingItem,0
10643,3970012,397001,1,803,TrainingItem,0
10644,3970012,397001,1,804,TrainingItem,0
10645,3970020,397002,1,1025100,Card,0
10646,3970020,397002,1,604,TrainingItem,0
10647,3970022,397002,1,1025100,Card,0
10648,3970022,397002,1,804,TrainingItem,0
10649,3970030,397003,1,397001,AwakeningItem,0
10650,3970030,397003,1,604,TrainingItem,0
10651,3970030,397003,1,397002,AwakeningItem,0
10652,3970030,397003,1,601,TrainingItem,0
10653,3970032,397003,1,397001,AwakeningItem,0
10654,3970032,397003,1,397002,AwakeningItem,0
10655,3970040,397004,1,4,AwakeningItem,0
10656,3970040,397004,1,5,AwakeningItem,0
10657,3970040,397004,1,6,AwakeningItem,0
10658,3970040,397004,1,7,AwakeningItem,0
10659,3970040,397004,1,8,AwakeningItem,0
10660,3970042,397004,1,9,AwakeningItem,0
10661,3970042,397004,1,10,AwakeningItem,0
10662,3970042,397004,1,11,AwakeningItem,0
10663,3970042,397004,1,12,AwakeningItem,0
10664,3970042,397004,1,13,AwakeningItem,0
10665,3970050,397005,1,397003,AwakeningItem,0
10666,3970050,397005,1,603,TrainingItem,0
10667,3970052,397005,1,397003,AwakeningItem,0
10668,3970060,397006,1,9,AwakeningItem,0
10669,3970060,397006,1,10,AwakeningItem,0
10670,3970060,397006,1,11,AwakeningItem,0
10671,3970060,397006,1,12,AwakeningItem,0
10672,3970060,397006,1,13,AwakeningItem,0
10673,3970062,397006,1,14,AwakeningItem,0
10674,3970062,397006,1,15,AwakeningItem,0
10675,3970062,397006,1,16,AwakeningItem,0
10676,3970062,397006,1,17,AwakeningItem,0
10677,3970062,397006,1,18,AwakeningItem,0
10678,3970070,397007,1,700,TrainingItem,0
10679,3970070,397007,1,701,TrainingItem,0
10680,3970070,397007,1,702,TrainingItem,0
10681,3970070,397007,1,703,TrainingItem,0
10682,3970070,397007,1,704,TrainingItem,0
10683,3970072,397007,1,900,TrainingItem,0
10684,3970072,397007,1,901,TrainingItem,0
10685,3970072,397007,1,902,TrainingItem,0
10686,3970072,397007,1,903,TrainingItem,0
10687,3970072,397007,1,904,TrainingItem,0
10688,3970080,397008,1,397004,AwakeningItem,0
10689,3970080,397008,1,600,TrainingItem,0
10690,3970080,397008,1,601,TrainingItem,0
10691,3970080,397008,1,602,TrainingItem,0
10692,3970080,397008,1,603,TrainingItem,0
10693,3970080,397008,1,604,TrainingItem,0
10694,3970082,397008,1,397004,AwakeningItem,0
10695,3970090,397009,1,1002650,Card,11333
10696,3970090,397009,1,1002640,Card,93879
10697,3970092,397009,1,1002650,Card,11333
10698,3970092,397009,1,1002640,Card,93879
10699,3970092,397009,1,1002630,Card,765122
10700,3970100,397010,1,700,TrainingItem,0
10701,3970100,397010,1,701,TrainingItem,0
10702,3970100,397010,1,702,TrainingItem,0
10703,3970100,397010,1,703,TrainingItem,0
10704,3970100,397010,1,704,TrainingItem,0
10705,3970102,397010,1,900,TrainingItem,0
10706,3970102,397010,1,901,TrainingItem,0
10707,3970102,397010,1,902,TrainingItem,0
10708,3970102,397010,1,903,TrainingItem,0
10709,3970102,397010,1,904,TrainingItem,0
10710,3980010,398001,1,4,AwakeningItem,0
10711,3980010,398001,1,5,AwakeningItem,0
10712,3980010,398001,1,6,AwakeningItem,0
10713,3980010,398001,1,7,AwakeningItem,0
10714,3980010,398001,1,8,AwakeningItem,0
10715,3980012,398001,1,9,AwakeningItem,0
10716,3980012,398001,1,10,AwakeningItem,0
10717,3980012,398001,1,11,AwakeningItem,0
10718,3980012,398001,1,12,AwakeningItem,0
10719,3980012,398001,1,13,AwakeningItem,0
10720,3980020,398002,1,1025240,Card,0
10721,3980020,398002,1,603,TrainingItem,0
10722,3980022,398002,1,1025240,Card,0
10723,3980022,398002,1,803,TrainingItem,0
10724,3980030,398003,1,600,TrainingItem,0
10725,3980030,398003,1,601,TrainingItem,0
10726,3980030,398003,1,602,TrainingItem,0
10727,3980030,398003,1,603,TrainingItem,0
10728,3980030,398003,1,604,TrainingItem,0
10729,3980032,398003,1,800,TrainingItem,0
10730,3980032,398003,1,801,TrainingItem,0
10731,3980032,398003,1,802,TrainingItem,0
10732,3980032,398003,1,803,TrainingItem,0
10733,3980032,398003,1,804,TrainingItem,0
10734,3980040,398004,1,39801,AwakeningItem,0
10735,3980040,398004,1,603,TrainingItem,0
10736,3980042,398004,1,39801,AwakeningItem,0
10737,3980050,398005,1,9,AwakeningItem,0
10738,3980050,398005,1,10,AwakeningItem,0
10739,3980050,398005,1,11,AwakeningItem,0
10740,3980050,398005,1,12,AwakeningItem,0
10741,3980050,398005,1,13,AwakeningItem,0
10742,3980052,398005,1,14,AwakeningItem,0
10743,3980052,398005,1,15,AwakeningItem,0
10744,3980052,398005,1,16,AwakeningItem,0
10745,3980052,398005,1,17,AwakeningItem,0
10746,3980052,398005,1,18,AwakeningItem,0
10747,3990010,399001,1,600,TrainingItem,0
10748,3990010,399001,1,601,TrainingItem,0
10749,3990010,399001,1,602,TrainingItem,0
10750,3990010,399001,1,603,TrainingItem,0
10751,3990010,399001,1,604,TrainingItem,0
10752,3990012,399001,1,800,TrainingItem,0
10753,3990012,399001,1,801,TrainingItem,0
10754,3990012,399001,1,802,TrainingItem,0
10755,3990012,399001,1,803,TrainingItem,0
10756,3990012,399001,1,804,TrainingItem,0
10757,3990020,399002,0,8,AwakeningItem,0
10758,3990022,399002,0,13,AwakeningItem,0
10759,3990030,399003,1,39901,AwakeningItem,0
10760,3990032,399003,1,39901,AwakeningItem,0
10761,3990040,399004,1,700,TrainingItem,0
10762,3990040,399004,1,701,TrainingItem,0
10763,3990040,399004,1,702,TrainingItem,0
10764,3990040,399004,1,703,TrainingItem,0
10765,3990040,399004,1,704,TrainingItem,0
10766,3990042,399004,1,900,TrainingItem,0
10767,3990042,399004,1,901,TrainingItem,0
10768,3990042,399004,1,902,TrainingItem,0
10769,3990042,399004,1,903,TrainingItem,0
10770,3990042,399004,1,904,TrainingItem,0
10771,3990050,399005,1,9,AwakeningItem,0
10772,3990050,399005,1,10,AwakeningItem,0
10773,3990050,399005,1,11,AwakeningItem,0
10774,3990050,399005,1,12,AwakeningItem,0
10775,3990050,399005,1,13,AwakeningItem,0
10776,3990052,399005,1,14,AwakeningItem,0
10777,3990052,399005,1,15,AwakeningItem,0
10778,3990052,399005,1,16,AwakeningItem,0
10779,3990052,399005,1,17,AwakeningItem,0
10780,3990052,399005,1,18,AwakeningItem,0
10781,3990060,399006,1,700,TrainingItem,0
10782,3990060,399006,1,701,TrainingItem,0
10783,3990060,399006,1,702,TrainingItem,0
10784,3990060,399006,1,703,TrainingItem,0
10785,3990060,399006,1,704,TrainingItem,0
10786,3990062,399006,1,900,TrainingItem,0
10787,3990062,399006,1,901,TrainingItem,0
10788,3990062,399006,1,902,TrainingItem,0
10789,3990062,399006,1,903,TrainingItem,0
10790,3990062,399006,1,904,TrainingItem,0
10791,4010010,401001,1,2000060,Card,0
10792,4010010,401001,1,1,SupportItem,0
10793,4010010,401001,1,2,SupportItem,0
10794,4010011,401001,1,2000060,Card,0
10795,4010011,401001,1,2,SupportItem,0
10796,4010011,401001,1,400,TrainingItem,0
10797,4010011,401001,1,401,TrainingItem,0
10798,4010011,401001,1,402,TrainingItem,0
10799,4010011,401001,1,403,TrainingItem,0
10800,4010011,401001,1,404,TrainingItem,0
10801,4010012,401001,1,2000060,Card,0
10802,4010012,401001,1,800,TrainingItem,0
10803,4010022,401002,0,31001,AwakeningItem,0
10804,4010032,401003,1,40101,AwakeningItem,0
10805,4010044,401004,0,900,TrainingItem,0
10806,4030010,403001,0,1,AwakeningItem,0
10807,4030011,403001,0,2,AwakeningItem,0
10808,4030012,403001,1,2000670,Card,0
10809,4030020,403002,1,600,TrainingItem,0
10810,4030020,403002,1,601,TrainingItem,0
10811,4030020,403002,1,602,TrainingItem,0
10812,4030020,403002,1,603,TrainingItem,0
10813,4030020,403002,1,604,TrainingItem,0
10814,4030021,403002,1,700,TrainingItem,0
10815,4030021,403002,1,701,TrainingItem,0
10816,4030021,403002,1,702,TrainingItem,0
10817,4030021,403002,1,703,TrainingItem,0
10818,4030021,403002,1,704,TrainingItem,0
10819,4030022,403002,1,4031,AwakeningItem,0
10820,4040010,404001,1,2000070,Card,0
10821,4040010,404001,1,1,SupportItem,0
10822,4040010,404001,1,2,SupportItem,0
10823,4040011,404001,1,2000070,Card,0
10824,4040011,404001,1,2,SupportItem,0
10825,4040011,404001,1,400,TrainingItem,0
10826,4040011,404001,1,401,TrainingItem,0
10827,4040011,404001,1,402,TrainingItem,0
10828,4040011,404001,1,403,TrainingItem,0
10829,4040011,404001,1,404,TrainingItem,0
10830,4040012,404001,1,2000070,Card,0
10831,4040012,404001,1,803,TrainingItem,0
10832,4040022,404002,0,31002,AwakeningItem,0
10833,4040032,404003,1,40401,AwakeningItem,0
10834,4040044,404004,0,903,TrainingItem,0
10835,4050010,405001,1,2000210,Card,0
10836,4050010,405001,1,1603,SupportItem,0
10837,4050010,405001,1,1,SupportItem,0
10838,4050010,405001,1,2,SupportItem,0
10839,4050011,405001,1,2000210,Card,0
10840,4050011,405001,1,2,SupportItem,0
10841,4050011,405001,1,400,TrainingItem,0
10842,4050011,405001,1,401,TrainingItem,0
10843,4050011,405001,1,402,TrainingItem,0
10844,4050011,405001,1,403,TrainingItem,0
10845,4050011,405001,1,404,TrainingItem,0
10846,4050011,405001,1,500,TrainingItem,0
10847,4050011,405001,1,501,TrainingItem,0
10848,4050011,405001,1,502,TrainingItem,0
10849,4050011,405001,1,503,TrainingItem,0
10850,4050011,405001,1,504,TrainingItem,0
10851,4050012,405001,1,2000210,Card,0
10852,4050012,405001,1,801,TrainingItem,0
10853,4050022,405002,0,31004,AwakeningItem,0
10854,4050032,405003,1,40501,AwakeningItem,0
10855,4050044,405004,0,901,TrainingItem,0
10856,4060010,406001,1,2000280,Card,0
10857,4060010,406001,1,1,SupportItem,0
10858,4060010,406001,1,2,SupportItem,0
10859,4060011,406001,1,2000280,Card,0
10860,4060011,406001,1,2,SupportItem,0
10861,4060011,406001,1,400,TrainingItem,0
10862,4060011,406001,1,401,TrainingItem,0
10863,4060011,406001,1,402,TrainingItem,0
10864,4060011,406001,1,403,TrainingItem,0
10865,4060011,406001,1,404,TrainingItem,0
10866,4060011,406001,1,500,TrainingItem,0
10867,4060011,406001,1,501,TrainingItem,0
10868,4060011,406001,1,502,TrainingItem,0
10869,4060011,406001,1,503,TrainingItem,0
10870,4060011,406001,1,504,TrainingItem,0
10871,4060012,406001,1,2000280,Card,0
10872,4060020,406002,1,1005700,Card,0
10873,4060020,406002,1,1,SupportItem,0
10874,4060020,406002,1,2,SupportItem,0
10875,4060021,406002,1,1005700,Card,0
10876,4060021,406002,1,2,SupportItem,0
10877,4060021,406002,1,400,TrainingItem,0
10878,4060021,406002,1,401,TrainingItem,0
10879,4060021,406002,1,402,TrainingItem,0
10880,4060021,406002,1,403,TrainingItem,0
10881,4060021,406002,1,404,TrainingItem,0
10882,4060021,406002,1,500,TrainingItem,0
10883,4060021,406002,1,501,TrainingItem,0
10884,4060021,406002,1,502,TrainingItem,0
10885,4060021,406002,1,503,TrainingItem,0
10886,4060021,406002,1,504,TrainingItem,0
10887,4060022,406002,1,1005700,Card,0
10888,4060022,406002,1,804,TrainingItem,0
10889,4060032,406003,0,31005,AwakeningItem,0
10890,4060042,406004,1,40601,AwakeningItem,0
10891,4060054,406005,0,904,TrainingItem,0
10892,4080010,408001,1,2000190,Card,0
10893,4080010,408001,1,1,SupportItem,0
10894,4080010,408001,1,2,SupportItem,0
10895,4080011,408001,1,2000190,Card,0
10896,4080011,408001,1,2,SupportItem,0
10897,4080011,408001,1,1503,SupportItem,0
10898,4080011,408001,1,1603,SupportItem,0
10899,4080011,408001,1,1502,SupportItem,0
10900,4080012,408001,1,2000190,Card,0
10901,4080012,408001,1,804,TrainingItem,0
10902,4080022,408002,0,31003,AwakeningItem,0
10903,4080032,408003,1,40801,AwakeningItem,0
10904,4080044,408004,0,904,TrainingItem,0
10905,4090010,409001,1,2000120,Card,0
10906,4090010,409001,1,2,SupportItem,0
10907,4090010,409001,1,3,SupportItem,0
10908,4090010,409001,1,4,SupportItem,0
10909,4090011,409001,1,2000120,Card,0
10910,4090011,409001,1,4,SupportItem,0
10911,4090011,409001,1,400,TrainingItem,0
10912,4090011,409001,1,401,TrainingItem,0
10913,4090011,409001,1,402,TrainingItem,0
10914,4090011,409001,1,403,TrainingItem,0
10915,4090011,409001,1,404,TrainingItem,0
10916,4090011,409001,1,500,TrainingItem,0
10917,4090011,409001,1,501,TrainingItem,0
10918,4090011,409001,1,502,TrainingItem,0
10919,4090011,409001,1,503,TrainingItem,0
10920,4090011,409001,1,504,TrainingItem,0
10921,4090012,409001,1,2000120,Card,0
10922,4090012,409001,1,802,TrainingItem,0
10923,4090022,409002,0,31007,AwakeningItem,0
10924,4090032,409003,1,40901,AwakeningItem,0
10925,4090044,409004,0,902,TrainingItem,0
10926,4100010,410001,1,1002280,Card,0
10927,4100010,410001,1,2,SupportItem,0
10928,4100010,410001,1,3,SupportItem,0
10929,4100010,410001,1,4,SupportItem,0
10930,4100011,410001,1,1002280,Card,0
10931,4100011,410001,1,4,SupportItem,0
10932,4100011,410001,1,1201,SupportItem,0
10933,4100011,410001,1,1400,SupportItem,0
10934,4100011,410001,1,1401,SupportItem,0
10935,4100011,410001,1,1402,SupportItem,0
10936,4100011,410001,1,1403,SupportItem,0
10937,4100011,410001,1,1404,SupportItem,0
10938,4100012,410001,1,1002280,Card,0
10939,4100012,410001,1,1201,SupportItem,0
10940,4100012,410001,1,1400,SupportItem,0
10941,4100012,410001,1,1401,SupportItem,0
10942,4100012,410001,1,1402,SupportItem,0
10943,4100012,410001,1,1403,SupportItem,0
10944,4100012,410001,1,1404,SupportItem,0
10945,4100012,410001,1,1000,SupportItem,0
10946,4110010,411001,1,2000200,Card,0
10947,4110010,411001,1,1,SupportItem,0
10948,4110010,411001,1,2,SupportItem,0
10949,4110011,411001,1,2000200,Card,0
10950,4110011,411001,1,2,SupportItem,0
10951,4110011,411001,1,3,SupportItem,0
10952,4110011,411001,1,1400,SupportItem,0
10953,4110011,411001,1,1401,SupportItem,0
10954,4110011,411001,1,1402,SupportItem,0
10955,4110011,411001,1,1403,SupportItem,0
10956,4110011,411001,1,1404,SupportItem,0
10957,4110012,411001,1,2000200,Card,0
10958,4110012,411001,1,801,TrainingItem,0
10959,4110022,411002,0,31009,AwakeningItem,0
10960,4110032,411003,1,41101,AwakeningItem,0
10961,4110044,411004,0,901,TrainingItem,0
10962,4120010,412001,1,2000130,Card,0
10963,4120010,412001,1,1,SupportItem,0
10964,4120010,412001,1,2,SupportItem,0
10965,4120011,412001,1,2000130,Card,0
10966,4120011,412001,1,2,SupportItem,0
10967,4120011,412001,1,3,SupportItem,0
10968,4120011,412001,1,500,TrainingItem,0
10969,4120011,412001,1,501,TrainingItem,0
10970,4120011,412001,1,502,TrainingItem,0
10971,4120011,412001,1,503,TrainingItem,0
10972,4120011,412001,1,504,TrainingItem,0
10973,4120011,412001,1,4,TrainingField,0
10974,4120011,412001,1,1701,SupportItem,0
10975,4120012,412001,1,2000130,Card,0
10976,4120012,412001,1,800,TrainingItem,0
10977,4120022,412002,0,31006,AwakeningItem,0
10978,4120032,412003,1,41201,AwakeningItem,0
10979,4120044,412004,0,900,TrainingItem,0
10980,4130010,413001,1,2000090,Card,0
10981,4130010,413001,1,1,SupportItem,0
10982,4130010,413001,1,2,SupportItem,0
10983,4130011,413001,1,2000090,Card,0
10984,4130011,413001,1,2,SupportItem,0
10985,4130011,413001,1,3,SupportItem,0
10986,4130011,413001,1,1503,SupportItem,0
10987,4130011,413001,1,1600,SupportItem,0
10988,4130011,413001,1,303,TrainingItem,0
10989,4130011,413001,1,8,AwakeningItem,0
10990,4130012,413001,1,2000090,Card,0
10991,4130012,413001,1,803,TrainingItem,0
10992,4130022,413002,0,31018,AwakeningItem,0
10993,4130032,413003,1,41301,AwakeningItem,0
10994,4130044,413004,0,903,TrainingItem,0
10995,4140010,414001,1,1002890,Card,0
10996,4140010,414001,1,1,SupportItem,0
10997,4140010,414001,1,2,SupportItem,0
10998,4140011,414001,1,1002890,Card,0
10999,4140011,414001,1,2,SupportItem,0
11000,4140011,414001,1,3,SupportItem,0
11001,4140011,414001,1,1502,SupportItem,0
11002,4140011,414001,1,1600,SupportItem,0
11003,4140011,414001,1,403,TrainingItem,0
11004,4140012,414001,1,1002890,Card,0
11005,4140012,414001,1,803,TrainingItem,0
11006,4140022,414002,0,31008,AwakeningItem,0
11007,4140032,414003,1,41401,AwakeningItem,0
11008,4140044,414004,0,903,TrainingItem,0
11009,4150010,415001,1,1001820,Card,0
11010,4150010,415001,1,1,SupportItem,0
11011,4150010,415001,1,2,SupportItem,0
11012,4150011,415001,1,1001820,Card,0
11013,4150011,415001,1,2,SupportItem,0
11014,4150011,415001,1,3,SupportItem,0
11015,4150011,415001,1,1502,SupportItem,0
11016,4150011,415001,1,3,AwakeningItem,0
11017,4150011,415001,1,402,TrainingItem,0
11018,4150012,415001,1,1001820,Card,0
11019,4150012,415001,1,802,TrainingItem,0
11020,4150022,415002,0,31010,AwakeningItem,0
11021,4150032,415003,1,41501,AwakeningItem,0
11022,4150044,415004,0,902,TrainingItem,0
11023,4160010,416001,1,1002880,Card,0
11024,4160010,416001,1,2,SupportItem,0
11025,4160010,416001,1,2,AwakeningItem,0
11026,4160011,416001,1,1002880,Card,0
11027,4160011,416001,1,3,SupportItem,0
11028,4160011,416001,1,2,AwakeningItem,0
11029,4160011,416001,1,4,AwakeningItem,0
11030,4160012,416001,1,1002880,Card,0
11031,4160012,416001,1,801,TrainingItem,0
11032,4160022,416002,0,31013,AwakeningItem,0
11033,4160032,416003,1,41601,AwakeningItem,0
11034,4160044,416004,0,901,TrainingItem,0
11035,4170010,417001,1,1002900,Card,0
11036,4170010,417001,1,2,SupportItem,0
11037,4170010,417001,1,1,AwakeningItem,0
11038,4170011,417001,1,1002900,Card,0
11039,4170011,417001,1,3,SupportItem,0
11040,4170011,417001,1,1,AwakeningItem,0
11041,4170011,417001,1,8,AwakeningItem,0
11042,4170012,417001,1,1002900,Card,0
11043,4170012,417001,1,800,TrainingItem,0
11044,4170022,417002,0,31012,AwakeningItem,0
11045,4170032,417003,1,41701,AwakeningItem,0
11046,4170044,417004,0,900,TrainingItem,0
11047,4180010,418001,1,1004800,Card,0
11048,4180010,418001,1,2,SupportItem,0
11049,4180010,418001,1,2,AwakeningItem,0
11050,4180010,418001,1,1004810,Card,0
11051,4180010,418001,1,1,AwakeningItem,0
11052,4180011,418001,1,1004800,Card,0
11053,4180011,418001,1,3,SupportItem,0
11054,4180011,418001,1,2,AwakeningItem,0
11055,4180011,418001,1,7,AwakeningItem,0
11056,4180011,418001,1,1004810,Card,0
11057,4180011,418001,1,1,AwakeningItem,0
11058,4180011,418001,1,4,AwakeningItem,0
11059,4180012,418001,1,1004800,Card,0
11060,4180012,418001,1,804,TrainingItem,0
11061,4180012,418001,1,1004810,Card,0
11062,4180012,418001,1,801,TrainingItem,0
11063,4180022,418002,0,31015,AwakeningItem,0
11064,4180032,418003,0,31016,AwakeningItem,0
11065,4180042,418004,1,41801,AwakeningItem,0
11066,4180052,418005,1,41802,AwakeningItem,0
11067,4180064,418006,1,901,TrainingItem,0
11068,4180064,418006,1,904,TrainingItem,0
11069,4190010,419001,1,1003460,Card,0
11070,4190010,419001,1,2,SupportItem,0
11071,4190010,419001,1,1,AwakeningItem,0
11072,4190011,419001,1,1003460,Card,0
11073,4190011,419001,1,3,SupportItem,0
11074,4190011,419001,1,1,AwakeningItem,0
11075,4190011,419001,1,6,AwakeningItem,0
11076,4190012,419001,1,1003460,Card,0
11077,4190012,419001,1,1,AwakeningItem,0
11078,4190012,419001,1,6,AwakeningItem,0
11079,4190012,419001,1,12,AwakeningItem,0
11080,4190012,419001,1,16,AwakeningItem,0
11081,4200010,420001,1,1004820,Card,0
11082,4200010,420001,1,2,SupportItem,0
11083,4200010,420001,1,302,TrainingItem,0
11084,4200010,420001,1,402,TrainingItem,0
11085,4200010,420001,1,2,AwakeningItem,0
11086,4200011,420001,1,1004820,Card,0
11087,4200011,420001,1,502,TrainingItem,0
11088,4200011,420001,1,702,TrainingItem,0
11089,4200011,420001,1,2,AwakeningItem,0
11090,4200011,420001,1,5,AwakeningItem,0
11091,4200012,420001,1,1004820,Card,0
11092,4200012,420001,1,802,TrainingItem,0
11093,4200022,420002,0,31014,AwakeningItem,0
11094,4200032,420003,1,42001,AwakeningItem,0
11095,4200044,420004,0,902,TrainingItem,0
11096,4210010,421001,1,1004260,Card,0
11097,4210010,421001,1,2,SupportItem,0
11098,4210010,421001,1,1,AwakeningItem,0
11099,4210011,421001,1,1004260,Card,0
11100,4210011,421001,1,3,SupportItem,0
11101,4210011,421001,1,1,AwakeningItem,0
11102,4210011,421001,1,8,AwakeningItem,0
11103,4210012,421001,1,1004260,Card,0
11104,4210012,421001,1,800,TrainingItem,0
11105,4210022,421002,0,31020,AwakeningItem,0
11106,4210032,421003,1,42101,AwakeningItem,0
11107,4210044,421004,0,900,TrainingItem,0
11108,4220010,422001,1,1005520,Card,0
11109,4220010,422001,1,2,SupportItem,0
11110,4220010,422001,1,2,AwakeningItem,0
11111,4220011,422001,1,1005520,Card,0
11112,4220011,422001,1,3,SupportItem,0
11113,4220011,422001,1,2,AwakeningItem,0
11114,4220011,422001,1,4,AwakeningItem,0
11115,4220012,422001,1,1005520,Card,0
11116,4220012,422001,1,801,TrainingItem,0
11117,4220022,422002,0,31017,AwakeningItem,0
11118,4220032,422003,1,42201,AwakeningItem,0
11119,4220044,422004,0,901,TrainingItem,0
11120,5010012,501001,1,804,TrainingItem,0
11121,5010012,501001,1,904,TrainingItem,0
11122,5010012,501001,1,10,AwakeningItem,0
11123,5010012,501001,1,17,AwakeningItem,0
11124,5010012,501001,1,2000620,Card,0
11125,5010022,501002,1,5011,AwakeningItem,0
11126,5010033,501003,0,5011,AwakeningItem,0
11127,5010042,501004,1,5012,AwakeningItem,0
11128,5010044,501004,0,5012,AwakeningItem,0
11129,5010052,501005,1,5013,AwakeningItem,0
11130,5010054,501005,0,5013,AwakeningItem,0
11131,5020012,502001,1,800,TrainingItem,0
11132,5020012,502001,1,900,TrainingItem,0
11133,5020012,502001,1,13,AwakeningItem,0
11134,5020012,502001,1,14,AwakeningItem,0
11135,5020012,502001,1,1004540,Card,0
11136,5020022,502002,1,5021,AwakeningItem,0
11137,5020033,502003,0,5021,AwakeningItem,0
11138,5020042,502004,1,5022,AwakeningItem,0
11139,5020044,502004,0,5022,AwakeningItem,0
11140,5020052,502005,1,5023,AwakeningItem,0
11141,5020054,502005,0,5023,AwakeningItem,0
11142,5030012,503001,1,801,TrainingItem,0
11143,5030012,503001,1,901,TrainingItem,0
11144,5030012,503001,1,11,AwakeningItem,0
11145,5030012,503001,1,18,AwakeningItem,0
11146,5030012,503001,1,1004570,Card,0
11147,5030022,503002,1,5031,AwakeningItem,0
11148,5030034,503003,0,5031,AwakeningItem,0
11149,5030042,503004,1,5032,AwakeningItem,0
11150,5030044,503004,0,5032,AwakeningItem,0
11151,5040010,504001,1,1,AwakeningItem,0
11152,5040010,504001,1,8,AwakeningItem,0
11153,5040010,504001,1,13,AwakeningItem,0
11154,5040010,504001,1,14,AwakeningItem,0
11155,5040010,504001,1,2,AwakeningItem,0
11156,5040010,504001,1,4,AwakeningItem,0
11157,5040010,504001,1,11,AwakeningItem,0
11158,5040010,504001,1,18,AwakeningItem,0
11159,5040011,504001,1,1,AwakeningItem,0
11160,5040011,504001,1,8,AwakeningItem,0
11161,5040011,504001,1,13,AwakeningItem,0
11162,5040011,504001,1,14,AwakeningItem,0
11163,5040011,504001,1,2,AwakeningItem,0
11164,5040011,504001,1,4,AwakeningItem,0
11165,5040011,504001,1,11,AwakeningItem,0
11166,5040011,504001,1,18,AwakeningItem,0
11167,5040012,504001,1,13,AwakeningItem,0
11168,5040012,504001,1,14,AwakeningItem,0
11169,5040012,504001,1,11,AwakeningItem,0
11170,5040012,504001,1,18,AwakeningItem,0
11171,5040012,504001,1,20,AwakeningItem,0
11172,5040012,504001,1,800,TrainingItem,0
11173,5040012,504001,1,900,TrainingItem,0
11174,5040012,504001,1,801,TrainingItem,0
11175,5040012,504001,1,901,TrainingItem,0
11176,5040012,504001,1,19,AwakeningItem,0
11177,5040022,504002,1,5041,AwakeningItem,0
11178,5040032,504003,1,5042,AwakeningItem,0
11179,5040034,504003,0,5042,AwakeningItem,0
11180,5040042,504004,1,5043,AwakeningItem,0
11181,5040044,504004,0,5043,AwakeningItem,0
11182,5050010,505001,1,2,AwakeningItem,0
11183,5050010,505001,1,7,AwakeningItem,0
11184,5050010,505001,1,10,AwakeningItem,0
11185,5050010,505001,1,17,AwakeningItem,0
11186,5050011,505001,1,2,AwakeningItem,0
11187,5050011,505001,1,7,AwakeningItem,0
11188,5050011,505001,1,10,AwakeningItem,0
11189,5050011,505001,1,17,AwakeningItem,0
11190,5050012,505001,1,1002410,Card,0
11191,5050012,505001,1,904,TrainingItem,0
11192,5050012,505001,1,10,AwakeningItem,0
11193,5050012,505001,1,17,AwakeningItem,0
11194,5050012,505001,1,19,AwakeningItem,0
11195,5050012,505001,1,20,AwakeningItem,0
11196,5050022,505002,1,5051,AwakeningItem,0
11197,5050034,505003,0,5051,AwakeningItem,0
11198,5060010,506001,1,3,AwakeningItem,0
11199,5060010,506001,1,5,AwakeningItem,0
11200,5060010,506001,1,9,AwakeningItem,0
11201,5060010,506001,1,15,AwakeningItem,0
11202,5060011,506001,1,3,AwakeningItem,0
11203,5060011,506001,1,5,AwakeningItem,0
11204,5060011,506001,1,9,AwakeningItem,0
11205,5060011,506001,1,15,AwakeningItem,0
11206,5060012,506001,1,6,SupportItem,0
11207,5060012,506001,1,1000,SupportItem,0
11208,5060012,506001,1,1701,SupportItem,0
11209,5060012,506001,1,1700,SupportItem,0
11210,5060012,506001,1,1505,SupportItem,0
11211,5060022,506002,1,5061,AwakeningItem,0
11212,5060034,506003,0,5061,AwakeningItem,0
11213,5060042,506004,1,5062,AwakeningItem,0
11214,5060044,506004,0,5062,AwakeningItem,0
11215,5070010,507001,1,402,TrainingItem,0
11216,5070010,507001,1,502,TrainingItem,0
11217,5070010,507001,1,602,TrainingItem,0
11218,5070011,507001,1,2,AwakeningItem,0
11219,5070011,507001,1,5,AwakeningItem,0
11220,5070011,507001,1,9,AwakeningItem,0
11221,5070011,507001,1,15,AwakeningItem,0
11222,5070012,507001,1,802,TrainingItem,0
11223,5070012,507001,1,902,TrainingItem,0
11224,5070012,507001,1,9,AwakeningItem,0
11225,5070012,507001,1,15,AwakeningItem,0
11226,5070012,507001,1,1005020,Card,0
11227,5070022,507002,1,5071,AwakeningItem,0
11228,5070032,507003,1,5072,AwakeningItem,0
11229,5070034,507003,0,5072,AwakeningItem,0
11230,5080010,508001,1,402,TrainingItem,0
11231,5080010,508001,1,502,TrainingItem,0
11232,5080010,508001,1,602,TrainingItem,0
11233,5080011,508001,1,3,AwakeningItem,0
11234,5080011,508001,1,5,AwakeningItem,0
11235,5080011,508001,1,9,AwakeningItem,0
11236,5080011,508001,1,15,AwakeningItem,0
11237,5080012,508001,1,902,TrainingItem,0
11238,5080012,508001,1,9,AwakeningItem,0
11239,5080012,508001,1,15,AwakeningItem,0
11240,5080012,508001,1,20,AwakeningItem,0
11241,5080022,508002,1,5081,AwakeningItem,0
11242,5080034,508003,0,5081,AwakeningItem,0
11243,5080042,508004,1,5082,AwakeningItem,0
11244,5080044,508004,0,5082,AwakeningItem,0
11245,5090010,509001,0,5091,AwakeningItem,0
11246,5090020,509002,0,5092,AwakeningItem,0
11247,5100010,510001,1,1,AwakeningItem,0
11248,5100010,510001,1,6,AwakeningItem,0
11249,5100010,510001,1,12,AwakeningItem,0
11250,5100010,510001,1,16,AwakeningItem,0
11251,5100011,510001,1,1,AwakeningItem,0
11252,5100011,510001,1,6,AwakeningItem,0
11253,5100011,510001,1,12,AwakeningItem,0
11254,5100011,510001,1,16,AwakeningItem,0
11255,5100012,510001,1,1005370,Card,0
11256,5100012,510001,1,903,TrainingItem,0
11257,5100012,510001,1,12,AwakeningItem,0
11258,5100012,510001,1,16,AwakeningItem,0
11259,5100012,510001,1,20,AwakeningItem,0
11260,5100012,510001,1,19,AwakeningItem,0
11261,5100022,510002,1,5101,AwakeningItem,0
11262,5110010,511001,1,1,AwakeningItem,0
11263,5110010,511001,1,4,AwakeningItem,0
11264,5110010,511001,1,11,AwakeningItem,0
11265,5110010,511001,1,18,AwakeningItem,0
11266,5110011,511001,1,1,AwakeningItem,0
11267,5110011,511001,1,4,AwakeningItem,0
11268,5110011,511001,1,11,AwakeningItem,0
11269,5110011,511001,1,18,AwakeningItem,0
11270,5110012,511001,1,901,TrainingItem,0
11271,5110012,511001,1,11,AwakeningItem,0
11272,5110012,511001,1,18,AwakeningItem,0
11273,5110012,511001,1,20,AwakeningItem,0
11274,5110012,511001,1,19,AwakeningItem,0
11275,5110022,511002,1,5111,AwakeningItem,0
11276,5110032,511003,1,5112,AwakeningItem,0
11277,5110034,511003,0,5112,AwakeningItem,0
11278,5110042,511004,1,5113,AwakeningItem,0
11279,5110043,511004,0,5113,AwakeningItem,0
11280,5120010,512001,1,1,AwakeningItem,0
11281,5120010,512001,1,8,AwakeningItem,0
11282,5120010,512001,1,13,AwakeningItem,0
11283,5120010,512001,1,14,AwakeningItem,0
11284,5120011,512001,1,1,AwakeningItem,0
11285,5120011,512001,1,8,AwakeningItem,0
11286,5120011,512001,1,13,AwakeningItem,0
11287,5120011,512001,1,14,AwakeningItem,0
11288,5120012,512001,1,900,TrainingItem,0
11289,5120012,512001,1,13,AwakeningItem,0
11290,5120012,512001,1,14,AwakeningItem,0
11291,5120012,512001,1,20,AwakeningItem,0
11292,5120012,512001,1,19,AwakeningItem,0
11293,5120012,512001,1,1012591,Card,0
11294,5120023,512002,0,5121,AwakeningItem,0
11295,5120032,512003,1,5122,AwakeningItem,0
11296,5120034,512003,0,5122,AwakeningItem,0
11297,5130010,513001,1,1,AwakeningItem,0
11298,5130010,513001,1,4,AwakeningItem,0
11299,5130010,513001,1,11,AwakeningItem,0
11300,5130010,513001,1,18,AwakeningItem,0
11301,5130011,513001,1,1,AwakeningItem,0
11302,5130011,513001,1,4,AwakeningItem,0
11303,5130011,513001,1,11,AwakeningItem,0
11304,5130011,513001,1,18,AwakeningItem,0
11305,5130012,513001,1,901,TrainingItem,0
11306,5130012,513001,1,11,AwakeningItem,0
11307,5130012,513001,1,18,AwakeningItem,0
11308,5130012,513001,1,20,AwakeningItem,0
11309,5130012,513001,1,19,AwakeningItem,0
11310,5130023,513002,0,5131,AwakeningItem,0
11311,5130032,513003,1,5132,AwakeningItem,0
11312,5130034,513003,0,5132,AwakeningItem,0
11313,5130042,513004,1,5133,AwakeningItem,0
11314,5130044,513004,0,5133,AwakeningItem,0
11315,5140012,514001,1,5141,AwakeningItem,0
11316,5140013,514001,0,5141,AwakeningItem,0
11317,5140022,514002,1,5142,AwakeningItem,0
11318,5140024,514002,0,5142,AwakeningItem,0
11319,5140032,514003,1,5143,AwakeningItem,0
11320,5140034,514003,0,5143,AwakeningItem,0
11321,5150010,515001,1,3,AwakeningItem,0
11322,5150010,515001,1,6,AwakeningItem,0
11323,5150010,515001,1,12,AwakeningItem,0
11324,5150010,515001,1,16,AwakeningItem,0
11325,5150011,515001,1,3,AwakeningItem,0
11326,5150011,515001,1,6,AwakeningItem,0
11327,5150011,515001,1,12,AwakeningItem,0
11328,5150011,515001,1,16,AwakeningItem,0
11329,5150012,515001,1,903,TrainingItem,0
11330,5150012,515001,1,1003561,Card,0
11331,5150012,515001,1,12,AwakeningItem,0
11332,5150012,515001,1,16,AwakeningItem,0
11333,5150012,515001,1,20,AwakeningItem,0
11334,5150012,515001,1,19,AwakeningItem,0
11335,5150023,515002,0,5151,AwakeningItem,0
11336,5150032,515003,1,5152,AwakeningItem,0
11337,5150034,515003,0,5152,AwakeningItem,0
11338,5150042,515004,1,5153,AwakeningItem,0
11339,5150044,515004,0,5153,AwakeningItem,0
11340,5150052,515005,1,5154,AwakeningItem,0
11341,5150054,515005,0,5154,AwakeningItem,0
11342,5150062,515006,1,5155,AwakeningItem,0
11343,5150064,515006,0,5155,AwakeningItem,0
11344,5160012,516001,1,5161,AwakeningItem,0
11345,5160013,516001,0,5161,AwakeningItem,0
11346,5170010,517001,1,3,AwakeningItem,0
11347,5170010,517001,1,5,AwakeningItem,0
11348,5170010,517001,1,9,AwakeningItem,0
11349,5170010,517001,1,15,AwakeningItem,0
11350,5170011,517001,1,3,AwakeningItem,0
11351,5170011,517001,1,5,AwakeningItem,0
11352,5170011,517001,1,9,AwakeningItem,0
11353,5170011,517001,1,15,AwakeningItem,0
11354,5170012,517001,1,902,TrainingItem,0
11355,5170012,517001,1,9,AwakeningItem,0
11356,5170012,517001,1,15,AwakeningItem,0
11357,5170012,517001,1,20,AwakeningItem,0
11358,5170012,517001,1,19,AwakeningItem,0
11359,5170012,517001,1,1006350,Card,0
11360,5170023,517002,0,902,TrainingItem,0
11361,5170023,517002,0,901,TrainingItem,0
11362,5170023,517002,0,900,TrainingItem,0
11363,5170023,517002,0,904,TrainingItem,0
11364,5170023,517002,0,903,TrainingItem,0
11365,5170023,517002,0,5171,AwakeningItem,0
11366,5170032,517003,1,5172,AwakeningItem,0
11367,5170034,517003,0,5172,AwakeningItem,0
11368,5170042,517004,1,5173,AwakeningItem,0
11369,5170044,517004,0,5173,AwakeningItem,0
11370,5180012,518001,1,901,TrainingItem,0
11371,5180012,518001,1,11,AwakeningItem,0
11372,5180012,518001,1,18,AwakeningItem,0
11373,5180012,518001,1,20,AwakeningItem,0
11374,5180012,518001,1,19,AwakeningItem,0
11375,5180012,518001,1,1008601,Card,0
11376,5180022,518002,1,5181,AwakeningItem,0
11377,5180023,518002,0,5181,AwakeningItem,0
11378,5180032,518003,1,5182,AwakeningItem,0
11379,5180034,518003,0,5182,AwakeningItem,0
11380,5190012,519001,1,5191,AwakeningItem,0
11381,5190013,519001,0,5191,AwakeningItem,0
11382,5190022,519002,1,5192,AwakeningItem,0
11383,5190024,519002,0,5192,AwakeningItem,0
11384,5190032,519003,1,5193,AwakeningItem,0
11385,5190034,519003,0,5193,AwakeningItem,0
11386,5190042,519004,1,5194,AwakeningItem,0
11387,5190044,519004,0,5194,AwakeningItem,0
11388,5200012,520001,1,5201,AwakeningItem,0
11389,5200013,520001,0,5201,AwakeningItem,0
11390,5200022,520002,1,5202,AwakeningItem,0
11391,5200024,520002,0,5202,AwakeningItem,0
11392,5200032,520003,1,5203,AwakeningItem,0
11393,5200034,520003,0,5203,AwakeningItem,0
11394,5210012,521001,1,5211,AwakeningItem,0
11395,5210013,521001,0,5211,AwakeningItem,0
11396,5220012,522001,1,5221,AwakeningItem,0
11397,5220013,522001,0,5221,AwakeningItem,0
11398,5220022,522002,1,5222,AwakeningItem,0
11399,5220024,522002,0,5222,AwakeningItem,0
11400,5230012,523001,1,904,TrainingItem,0
11401,5230012,523001,1,10,AwakeningItem,0
11402,5230012,523001,1,17,AwakeningItem,0
11403,5230012,523001,1,19,AwakeningItem,0
11404,5230012,523001,1,20,AwakeningItem,0
11405,5230012,523001,1,1009681,Card,0
11406,5230022,523002,1,5231,AwakeningItem,0
11407,5230023,523002,0,5231,AwakeningItem,0
11408,5230032,523003,1,5232,AwakeningItem,0
11409,5230034,523003,0,5232,AwakeningItem,0
11410,5230042,523004,1,5233,AwakeningItem,0
11411,5230044,523004,0,5233,AwakeningItem,0
11412,5240012,524001,1,5241,AwakeningItem,0
11413,5240013,524001,0,5241,AwakeningItem,0
11414,5240022,524002,1,5242,AwakeningItem,0
11415,5240024,524002,0,5242,AwakeningItem,0
11416,5240032,524003,1,5243,AwakeningItem,0
11417,5240034,524003,0,5243,AwakeningItem,0
11418,5250012,525001,1,5251,AwakeningItem,0
11419,5250014,525001,0,5251,AwakeningItem,0
11420,5250022,525002,1,5252,AwakeningItem,0
11421,5250024,525002,0,5252,AwakeningItem,0
11422,5260012,526001,1,5261,AwakeningItem,0
11423,5260014,526001,0,5261,AwakeningItem,0
11424,5260022,526002,1,5262,AwakeningItem,0
11425,5260024,526002,0,5262,AwakeningItem,0
11426,5260032,526003,1,5263,AwakeningItem,0
11427,5260033,526003,0,5263,AwakeningItem,0
11428,5270012,527001,1,5271,AwakeningItem,0
11429,5270014,527001,0,5271,AwakeningItem,0
11430,5270022,527002,1,5272,AwakeningItem,0
11431,5270024,527002,0,5272,AwakeningItem,0
11432,5270032,527003,1,5273,AwakeningItem,0
11433,5270034,527003,0,5273,AwakeningItem,0
11434,5280012,528001,1,5281,AwakeningItem,0
11435,5280014,528001,0,5281,AwakeningItem,0
11436,5280022,528002,1,5282,AwakeningItem,0
11437,5280024,528002,0,5282,AwakeningItem,0
11438,5280032,528003,1,5283,AwakeningItem,0
11439,5280034,528003,0,5283,AwakeningItem,0
11440,5290012,529001,1,5291,AwakeningItem,0
11441,5290014,529001,0,5291,AwakeningItem,0
11442,5300012,530001,1,5301,AwakeningItem,0
11443,5300014,530001,0,5301,AwakeningItem,0
11444,5300022,530002,1,5302,AwakeningItem,0
11445,5300024,530002,0,5302,AwakeningItem,0
11446,5310012,531001,1,5311,AwakeningItem,0
11447,5310014,531001,0,5311,AwakeningItem,0
11448,5320012,532001,1,5321,AwakeningItem,0
11449,5320014,532001,0,5321,AwakeningItem,0
11450,5320022,532002,1,5322,AwakeningItem,0
11451,5320024,532002,0,5322,AwakeningItem,0
11452,5320032,532003,1,5323,AwakeningItem,0
11453,5320034,532003,0,5323,AwakeningItem,0
11454,5330012,533001,1,900,TrainingItem,0
11455,5330012,533001,1,13,AwakeningItem,0
11456,5330012,533001,1,14,AwakeningItem,0
11457,5330012,533001,1,20,AwakeningItem,0
11458,5330012,533001,1,19,AwakeningItem,0
11459,5330012,533001,1,1012220,Card,0
11460,5330022,533002,1,5331,AwakeningItem,0
11461,5330024,533002,0,5331,AwakeningItem,0
11462,5330032,533003,1,5332,AwakeningItem,0
11463,5330034,533003,0,5332,AwakeningItem,0
11464,5340012,534001,1,5341,AwakeningItem,0
11465,5340014,534001,0,5341,AwakeningItem,0
11466,5350012,535001,1,904,TrainingItem,0
11467,5350012,535001,1,10,AwakeningItem,0
11468,5350012,535001,1,17,AwakeningItem,0
11469,5350012,535001,1,19,AwakeningItem,0
11470,5350012,535001,1,20,AwakeningItem,0
11471,5350012,535001,1,1012450,Card,0
11472,5350022,535002,1,5351,AwakeningItem,0
11473,5350024,535002,0,5351,AwakeningItem,0
11474,5350032,535003,1,5352,AwakeningItem,0
11475,5350034,535003,0,5352,AwakeningItem,0
11476,5360012,536001,1,5361,AwakeningItem,0
11477,5360014,536001,0,5361,AwakeningItem,0
11478,5360022,536002,1,5362,AwakeningItem,0
11479,5360024,536002,0,5362,AwakeningItem,0
11480,5360032,536003,1,5363,AwakeningItem,0
11481,5360034,536003,0,5363,AwakeningItem,0
11482,5370012,537001,1,5371,AwakeningItem,0
11483,5370014,537001,0,5371,AwakeningItem,0
11484,5370022,537002,1,5372,AwakeningItem,0
11485,5370024,537002,0,5372,AwakeningItem,0
11486,5370032,537003,1,5373,AwakeningItem,0
11487,5370034,537003,0,5373,AwakeningItem,0
11488,5380012,538001,1,5381,AwakeningItem,0
11489,5380014,538001,0,5381,AwakeningItem,0
11490,5380022,538002,1,5382,AwakeningItem,0
11491,5380024,538002,0,5382,AwakeningItem,0
11492,5380032,538003,1,5383,AwakeningItem,0
11493,5380034,538003,0,5383,AwakeningItem,0
11494,5390012,539001,1,5391,AwakeningItem,0
11495,5390014,539001,0,5391,AwakeningItem,0
11496,5390022,539002,1,5392,AwakeningItem,0
11497,5390024,539002,0,5392,AwakeningItem,0
11498,5400012,540001,1,904,TrainingItem,0
11499,5400012,540001,1,10,AwakeningItem,0
11500,5400012,540001,1,17,AwakeningItem,0
11501,5400012,540001,1,19,AwakeningItem,0
11502,5400012,540001,1,20,AwakeningItem,0
11503,5400012,540001,1,1012710,Card,0
11504,5400022,540002,1,5401,AwakeningItem,0
11505,5400024,540002,0,5401,AwakeningItem,0
11506,5410012,541001,1,5411,AwakeningItem,0
11507,5410014,541001,0,5411,AwakeningItem,0
11508,5410022,541002,1,5412,AwakeningItem,0
11509,5410024,541002,0,5412,AwakeningItem,0
11510,5420012,542001,1,5421,AwakeningItem,0
11511,5420014,542001,0,5421,AwakeningItem,0
11512,5420022,542002,1,5422,AwakeningItem,0
11513,5420024,542002,0,5422,AwakeningItem,0
11514,5430012,543001,1,5431,AwakeningItem,0
11515,5430014,543001,0,5431,AwakeningItem,0
11516,5440012,544001,1,5441,AwakeningItem,0
11517,5440014,544001,0,5441,AwakeningItem,0
11518,5450012,545001,1,5451,AwakeningItem,0
11519,5450014,545001,0,5451,AwakeningItem,0
11520,5460012,546001,1,5461,AwakeningItem,0
11521,5460014,546001,0,5461,AwakeningItem,0
11522,5460022,546002,1,5462,AwakeningItem,0
11523,5460023,546002,0,5462,AwakeningItem,0
11524,5470012,547001,1,5471,AwakeningItem,0
11525,5470014,547001,0,5471,AwakeningItem,0
11526,5470022,547002,1,5472,AwakeningItem,0
11527,5470024,547002,0,5472,AwakeningItem,0
11528,5480012,548001,1,5481,AwakeningItem,0
11529,5480014,548001,0,5481,AwakeningItem,0
11530,5480022,548002,1,5482,AwakeningItem,0
11531,5480024,548002,0,5482,AwakeningItem,0
11532,5490012,549001,1,5491,AwakeningItem,0
11533,5490014,549001,0,5491,AwakeningItem,0
11534,5490022,549002,1,5492,AwakeningItem,0
11535,5490024,549002,0,5492,AwakeningItem,0
11536,5500012,550001,1,5501,AwakeningItem,0
11537,5500014,550001,0,5501,AwakeningItem,0
11538,5510012,551001,1,5511,AwakeningItem,0
11539,5510014,551001,0,5511,AwakeningItem,0
11540,5520012,552001,1,5521,AwakeningItem,0
11541,5520014,552001,0,5521,AwakeningItem,0
11542,5530012,553001,1,5531,AwakeningItem,0
11543,5530014,553001,0,5531,AwakeningItem,0
11544,5530022,553002,1,5532,AwakeningItem,0
11545,5530024,553002,0,5532,AwakeningItem,0
11546,5540012,554001,1,5541,AwakeningItem,0
11547,5540014,554001,0,5541,AwakeningItem,0
11548,5550012,555001,1,5551,AwakeningItem,0
11549,5550014,555001,0,5551,AwakeningItem,0
11550,5560012,556001,1,5561,AwakeningItem,0
11551,5560014,556001,0,5561,AwakeningItem,0
11552,5570012,557001,1,5571,AwakeningItem,0
11553,5570014,557001,0,5571,AwakeningItem,0
11554,5570022,557002,1,5572,AwakeningItem,0
11555,5570024,557002,0,5572,AwakeningItem,0
11556,5570032,557003,1,5573,AwakeningItem,0
11557,5570033,557003,0,5573,AwakeningItem,0
11558,5580012,558001,1,5581,AwakeningItem,0
11559,5580014,558001,0,5581,AwakeningItem,0
11560,5590012,559001,1,5591,AwakeningItem,0
11561,5590014,559001,0,5591,AwakeningItem,0
11562,5590022,559002,1,5592,AwakeningItem,0
11563,5590024,559002,0,5592,AwakeningItem,0
11564,5600012,560001,1,5601,AwakeningItem,0
11565,5600014,560001,0,5601,AwakeningItem,0
11566,5610012,561001,1,5611,AwakeningItem,0
11567,5610014,561001,0,5611,AwakeningItem,0
11568,5620012,562001,1,5621,AwakeningItem,0
11569,5620014,562001,0,5621,AwakeningItem,0
11570,5630012,563001,1,5631,AwakeningItem,0
11571,5630014,563001,0,5631,AwakeningItem,0
11572,5640012,564001,1,5641,AwakeningItem,0
11573,5640014,564001,0,5641,AwakeningItem,0
11574,5650012,565001,1,5651,AwakeningItem,0
11575,5650014,565001,0,5651,AwakeningItem,0
11576,5660012,566001,1,5661,AwakeningItem,0
11577,5660014,566001,0,5661,AwakeningItem,0
11578,5670012,567001,1,5671,AwakeningItem,0
11579,5670014,567001,0,5671,AwakeningItem,0
11580,5680012,568001,1,5681,AwakeningItem,0
11581,5680014,568001,0,5681,AwakeningItem,0
11582,5690012,569001,1,5691,AwakeningItem,0
11583,5690014,569001,0,5691,AwakeningItem,0
11584,5700012,570001,1,5701,AwakeningItem,0
11585,5700014,570001,0,5701,AwakeningItem,0
11586,5710012,571001,1,5711,AwakeningItem,0
11587,5710014,571001,0,5711,AwakeningItem,0
11588,5720012,572001,1,5721,AwakeningItem,0
11589,5720014,572001,0,5721,AwakeningItem,0
11590,5730012,573001,1,5731,AwakeningItem,0
11591,5730014,573001,0,5731,AwakeningItem,0
11592,5740012,574001,1,5741,AwakeningItem,0
11593,5740014,574001,0,5741,AwakeningItem,0
11594,5750012,575001,1,5751,AwakeningItem,0
11595,5750014,575001,0,5751,AwakeningItem,0
11596,5760012,576001,1,5761,AwakeningItem,0
11597,5760014,576001,0,5761,AwakeningItem,0
11598,5770012,577001,1,5771,AwakeningItem,0
11599,5770014,577001,0,5771,AwakeningItem,0
11600,5780012,578001,1,5781,AwakeningItem,0
11601,5780014,578001,0,5781,AwakeningItem,0
11602,5790012,579001,1,5791,AwakeningItem,0
11603,5790014,579001,0,5791,AwakeningItem,0
11604,5800012,580001,1,5801,AwakeningItem,0
11605,5800014,580001,0,5801,AwakeningItem,0
11606,5810012,581001,1,5811,AwakeningItem,0
11607,5810014,581001,0,5811,AwakeningItem,0
11608,5820012,582001,1,5821,AwakeningItem,0
11609,5820014,582001,0,5821,AwakeningItem,0
11610,5820022,582002,1,5822,AwakeningItem,0
11611,5820024,582002,0,5822,AwakeningItem,0
11612,5830012,583001,1,5831,AwakeningItem,0
11613,5830014,583001,0,5831,AwakeningItem,0
11614,5840012,584001,1,5841,AwakeningItem,0
11615,5840014,584001,0,5841,AwakeningItem,0
11616,5840022,584002,1,5842,AwakeningItem,0
11617,5840023,584002,0,5842,AwakeningItem,0
11618,5850012,585001,1,5851,AwakeningItem,0
11619,5850014,585001,0,5851,AwakeningItem,0
11620,5860012,586001,1,5861,AwakeningItem,0
11621,5860012,586001,1,5862,AwakeningItem,0
11622,5860014,586001,0,5861,AwakeningItem,0
11623,5860014,586001,0,5862,AwakeningItem,0
11624,5870012,587001,1,5871,AwakeningItem,0
11625,5870014,587001,0,5871,AwakeningItem,0
11626,5880012,588001,1,5881,AwakeningItem,0
11627,5880014,588001,0,5881,AwakeningItem,0
11628,5880022,588002,1,5882,AwakeningItem,0
11629,5880024,588002,0,5882,AwakeningItem,0
11630,5880032,588003,1,5883,AwakeningItem,0
11631,5880033,588003,0,5883,AwakeningItem,0
11632,5880042,588004,1,5884,AwakeningItem,0
11633,5880043,588004,0,5884,AwakeningItem,0
11634,5890012,589001,1,5891,AwakeningItem,0
11635,5890014,589001,0,5891,AwakeningItem,0
11636,5900012,590001,1,5901,AwakeningItem,0
11637,5900014,590001,0,5901,AwakeningItem,0
11638,5910012,591001,1,5911,AwakeningItem,0
11639,5910014,591001,0,5911,AwakeningItem,0
11640,5920012,592001,1,5921,AwakeningItem,0
11641,5920014,592001,0,5921,AwakeningItem,0
11642,5920022,592002,1,5922,AwakeningItem,0
11643,5920023,592002,0,5922,AwakeningItem,0
11644,5930012,593001,1,5931,AwakeningItem,0
11645,5930014,593001,0,5931,AwakeningItem,0
11646,5940012,594001,1,5941,AwakeningItem,0
11647,5940014,594001,0,5941,AwakeningItem,0
11648,5950012,595001,1,5951,AwakeningItem,0
11649,5950014,595001,0,5951,AwakeningItem,0
11650,5960012,596001,1,5961,AwakeningItem,0
11651,5960014,596001,0,5961,AwakeningItem,0
11652,5970012,597001,1,5971,AwakeningItem,0
11653,5970014,597001,0,5971,AwakeningItem,0
11654,5980012,598001,1,5981,AwakeningItem,0
11655,5980014,598001,0,5981,AwakeningItem,0
11656,5990012,599001,1,5991,AwakeningItem,0
11657,5990014,599001,0,5991,AwakeningItem,0
11658,6010012,601001,1,1005360,Card,0
11659,6010012,601001,1,1000,SupportItem,0
11660,6010012,601001,1,701,TrainingItem,0
11661,6010012,601001,1,11,AwakeningItem,0
11662,6010012,601001,1,4,AwakeningItem,0
11663,6010012,601001,1,901,TrainingItem,0
11664,6010022,601002,0,31011,AwakeningItem,0
11665,6010033,601003,1,60101,AwakeningItem,0
11666,6010043,601004,1,1005360,Card,0
11667,6010043,601004,1,60101,AwakeningItem,0
11668,6020012,602001,1,1009360,Card,0
11669,6020012,602001,1,1000,SupportItem,0
11670,6020012,602001,1,703,TrainingItem,0
11671,6020012,602001,1,12,AwakeningItem,0
11672,6020012,602001,1,6,AwakeningItem,0
11673,6020012,602001,1,903,TrainingItem,0
11674,6020022,602002,0,31019,AwakeningItem,0
11675,6020033,602003,1,60201,AwakeningItem,0
11676,6020043,602004,1,1009360,Card,0
11677,6020043,602004,1,60201,AwakeningItem,0
11678,6030012,603001,1,1014030,Card,0
11679,6030012,603001,1,700,TrainingItem,0
11680,6030012,603001,1,900,TrainingItem,0
11681,6030012,603001,1,8,AwakeningItem,0
11682,6030012,603001,1,13,AwakeningItem,0
11683,6030022,603002,0,31021,AwakeningItem,0
11684,6030033,603003,1,60301,AwakeningItem,0
11685,6040012,604001,1,1015010,Card,0
11686,6040012,604001,1,702,TrainingItem,0
11687,6040012,604001,1,902,TrainingItem,0
11688,6040012,604001,1,5,AwakeningItem,0
11689,6040012,604001,1,9,AwakeningItem,0
11690,6040022,604002,0,31022,AwakeningItem,0
11691,6040033,604003,1,60401,AwakeningItem,0
11692,6050012,605001,1,1017330,Card,0
11693,6050012,605001,1,701,TrainingItem,0
11694,6050012,605001,1,901,TrainingItem,0
11695,6050012,605001,1,4,AwakeningItem,0
11696,6050012,605001,1,11,AwakeningItem,0
11697,6050022,605002,0,31023,AwakeningItem,0
11698,6050033,605003,1,60501,AwakeningItem,0
11699,6060012,606001,1,1019510,Card,0
11700,6060012,606001,1,704,TrainingItem,0
11701,6060012,606001,1,904,TrainingItem,0
11702,6060012,606001,1,7,AwakeningItem,0
11703,6060012,606001,1,10,AwakeningItem,0
11704,6060022,606002,0,31024,AwakeningItem,0
11705,6060033,606003,1,60601,AwakeningItem,0
11706,6070012,607001,1,1004490,Card,0
11707,6070012,607001,1,704,TrainingItem,0
11708,6070012,607001,1,904,TrainingItem,0
11709,6070012,607001,1,7,AwakeningItem,0
11710,6070012,607001,1,10,AwakeningItem,0
11711,6070022,607002,0,31025,AwakeningItem,0
11712,6070033,607003,1,60701,AwakeningItem,0
11713,6080012,608001,1,1022790,Card,0
11714,6080012,608001,1,703,TrainingItem,0
11715,6080012,608001,1,903,TrainingItem,0
11716,6080012,608001,1,6,AwakeningItem,0
11717,6080012,608001,1,12,AwakeningItem,0
11718,6080022,608002,0,31026,AwakeningItem,0
11719,6080033,608003,1,60801,AwakeningItem,0
11720,6090012,609001,1,1024710,Card,0
11721,6090012,609001,1,702,TrainingItem,0
11722,6090012,609001,1,902,TrainingItem,0
11723,6090012,609001,1,5,AwakeningItem,0
11724,6090012,609001,1,9,AwakeningItem,0
11725,6090022,609002,0,31027,AwakeningItem,0
11726,6090033,609003,1,60901,AwakeningItem,0
11727,6090044,609004,0,902,TrainingItem,0
11728,6100012,610001,1,1026710,Card,0
11729,6100012,610001,1,700,TrainingItem,0
11730,6100012,610001,1,900,TrainingItem,0
11731,6100012,610001,1,8,AwakeningItem,0
11732,6100012,610001,1,13,AwakeningItem,0
11733,6100022,610002,0,31028,AwakeningItem,0
11734,6100033,610003,1,61001,AwakeningItem,0
11735,6110012,611001,1,1029250,Card,0
11736,6110012,611001,1,704,TrainingItem,0
11737,6110012,611001,1,904,TrainingItem,0
11738,6110012,611001,1,7,AwakeningItem,0
11739,6110012,611001,1,10,AwakeningItem,0
11740,6110022,611002,0,31029,AwakeningItem,0
11741,6110033,611003,1,61101,AwakeningItem,0
11742,6110044,611004,0,904,TrainingItem,0
11743,6120012,612001,1,1005360,Card,0
11744,6120012,612001,1,701,TrainingItem,0
11745,6120012,612001,1,901,TrainingItem,0
11746,6120012,612001,1,4,AwakeningItem,0
11747,6120012,612001,1,11,AwakeningItem,0
11748,6120022,612002,0,31011,AwakeningItem,0
11749,6120033,612003,1,60101,AwakeningItem,0
11750,6120044,612004,0,901,TrainingItem,0
11751,6120054,612005,0,901,TrainingItem,0
11752,7140012,714001,0,703,TrainingItem,0
11753,7140013,714001,0,903,TrainingItem,0
11754,7140022,714002,0,701,TrainingItem,0
11755,7140023,714002,0,901,TrainingItem,0
11756,7140032,714003,0,702,TrainingItem,0
11757,7140033,714003,0,902,TrainingItem,0
11758,7140042,714004,0,703,TrainingItem,0
11759,7140043,714004,0,903,TrainingItem,0
11760,7140052,714005,0,702,TrainingItem,0
11761,7140053,714005,0,902,TrainingItem,0
11762,7150012,715001,0,702,TrainingItem,0
11763,7150013,715001,0,902,TrainingItem,0
11764,7150022,715002,0,701,TrainingItem,0
11765,7150023,715002,0,901,TrainingItem,0
11766,7150032,715003,0,703,TrainingItem,0
11767,7150033,715003,0,903,TrainingItem,0
11768,7160012,716001,0,700,TrainingItem,0
11769,7160013,716001,0,900,TrainingItem,0
11770,7160022,716002,0,702,TrainingItem,0
11771,7160023,716002,0,902,TrainingItem,0
11772,7160032,716003,0,704,TrainingItem,0
11773,7160033,716003,0,904,TrainingItem,0
11774,7160042,716004,0,701,TrainingItem,0
11775,7160043,716004,0,901,TrainingItem,0
11776,7160052,716005,0,702,TrainingItem,0
11777,7160053,716005,0,902,TrainingItem,0
11778,7160062,716006,0,701,TrainingItem,0
11779,7160063,716006,0,901,TrainingItem,0
11780,7160072,716007,0,700,TrainingItem,0
11781,7160073,716007,0,900,TrainingItem,0
11782,7160082,716008,0,704,TrainingItem,0
11783,7160083,716008,0,904,TrainingItem,0
11784,7160092,716009,0,701,TrainingItem,0
11785,7160093,716009,0,901,TrainingItem,0
11786,7160102,716010,0,704,TrainingItem,0
11787,7160103,716010,0,904,TrainingItem,0
11788,7160112,716011,0,702,TrainingItem,0
11789,7160113,716011,0,902,TrainingItem,0
11790,7160122,716012,0,700,TrainingItem,0
11791,7160123,716012,0,900,TrainingItem,0
11792,7160132,716013,0,703,TrainingItem,0
11793,7160133,716013,0,903,TrainingItem,0
11794,7160142,716014,0,700,TrainingItem,0
11795,7160143,716014,0,900,TrainingItem,0
11796,7160152,716015,0,700,TrainingItem,0
11797,7160153,716015,0,900,TrainingItem,0
11798,7160162,716016,0,703,TrainingItem,0
11799,7160163,716016,0,903,TrainingItem,0
11800,7160172,716017,0,704,TrainingItem,0
11801,7160173,716017,0,904,TrainingItem,0
11802,7160182,716018,0,704,TrainingItem,0
11803,7160183,716018,0,904,TrainingItem,0
11804,7170012,717001,0,702,TrainingItem,0
11805,7170013,717001,0,902,TrainingItem,0
11806,7170022,717002,0,700,TrainingItem,0
11807,7170023,717002,0,900,TrainingItem,0
11808,7180014,718001,0,903,TrainingItem,0
11809,7180022,718002,0,703,TrainingItem,0
11810,7180023,718002,0,903,TrainingItem,0
11811,7180034,718003,0,903,TrainingItem,0
11812,7190012,719001,0,702,TrainingItem,0
11813,7190013,719001,0,902,TrainingItem,0
11814,7210012,721001,0,702,TrainingItem,0
11815,7210013,721001,0,902,TrainingItem,0
11816,7210022,721002,0,700,TrainingItem,0
11817,7210023,721002,0,900,TrainingItem,0
11818,7210032,721003,0,701,TrainingItem,0
11819,7210033,721003,0,901,TrainingItem,0
11820,7210042,721004,0,702,TrainingItem,0
11821,7210043,721004,0,902,TrainingItem,0
11822,7220012,722001,0,703,TrainingItem,0
11823,7220013,722001,0,903,TrainingItem,0
11824,7220022,722002,0,701,TrainingItem,0
11825,7220023,722002,0,901,TrainingItem,0
11826,7230012,723001,0,700,TrainingItem,0
11827,7230013,723001,0,900,TrainingItem,0
11828,7230022,723002,0,702,TrainingItem,0
11829,7230023,723002,0,902,TrainingItem,0
11830,7230032,723003,0,703,TrainingItem,0
11831,7230033,723003,0,903,TrainingItem,0
11832,7240014,724001,0,901,TrainingItem,0
11833,7250012,725001,0,700,TrainingItem,0
11834,7250013,725001,0,900,TrainingItem,0
11835,7250022,725002,0,702,TrainingItem,0
11836,7250023,725002,0,902,TrainingItem,0
11837,7250032,725003,0,704,TrainingItem,0
11838,7250033,725003,0,904,TrainingItem,0
11839,7250042,725004,0,702,TrainingItem,0
11840,7250043,725004,0,902,TrainingItem,0
11841,7250052,725005,0,700,TrainingItem,0
11842,7250053,725005,0,900,TrainingItem,0
11843,7250062,725006,0,701,TrainingItem,0
11844,7250063,725006,0,901,TrainingItem,0
11845,7250072,725007,0,702,TrainingItem,0
11846,7250073,725007,0,902,TrainingItem,0
11847,7250082,725008,0,701,TrainingItem,0
11848,7250083,725008,0,901,TrainingItem,0
11849,7250092,725009,0,704,TrainingItem,0
11850,7250093,725009,0,904,TrainingItem,0
11851,7250102,725010,0,702,TrainingItem,0
11852,7250103,725010,0,902,TrainingItem,0
11853,7250112,725011,0,703,TrainingItem,0
11854,7250113,725011,0,903,TrainingItem,0
11855,7250122,725012,0,704,TrainingItem,0
11856,7250123,725012,0,904,TrainingItem,0
11857,7250134,725013,0,902,TrainingItem,0
11858,7250142,725014,0,701,TrainingItem,0
11859,7250143,725014,0,901,TrainingItem,0
11860,7250153,725015,0,902,TrainingItem,0
11861,7260012,726001,0,701,TrainingItem,0
11862,7260013,726001,0,901,TrainingItem,0
11863,7260022,726002,0,702,TrainingItem,0
11864,7260023,726002,0,902,TrainingItem,0
11865,7260032,726003,0,700,TrainingItem,0
11866,7260033,726003,0,900,TrainingItem,0
11867,7260042,726004,0,704,TrainingItem,0
11868,7260043,726004,0,904,TrainingItem,0
11869,7260052,726005,0,700,TrainingItem,0
11870,7260053,726005,0,900,TrainingItem,0
11871,7260062,726006,0,703,TrainingItem,0
11872,7260063,726006,0,903,TrainingItem,0
11873,7260072,726007,0,704,TrainingItem,0
11874,7260073,726007,0,904,TrainingItem,0
11875,7260082,726008,0,702,TrainingItem,0
11876,7260083,726008,0,902,TrainingItem,0
11877,7260092,726009,0,703,TrainingItem,0
11878,7260093,726009,0,903,TrainingItem,0
11879,7260102,726010,0,704,TrainingItem,0
11880,7260103,726010,0,904,TrainingItem,0
11881,7260112,726011,0,700,TrainingItem,0
11882,7260113,726011,0,900,TrainingItem,0
11883,7260122,726012,0,701,TrainingItem,0
11884,7260123,726012,0,901,TrainingItem,0
11885,7260132,726013,0,704,TrainingItem,0
11886,7260133,726013,0,904,TrainingItem,0
11887,7260142,726014,0,702,TrainingItem,0
11888,7260143,726014,0,902,TrainingItem,0
11889,7270012,727001,0,700,TrainingItem,0
11890,7270013,727001,0,900,TrainingItem,0
11891,7270022,727002,0,700,TrainingItem,0
11892,7270023,727002,0,900,TrainingItem,0
11893,7270032,727003,0,702,TrainingItem,0
11894,7270033,727003,0,902,TrainingItem,0
11895,7270042,727004,0,704,TrainingItem,0
11896,7270043,727004,0,904,TrainingItem,0
11897,7270052,727005,0,701,TrainingItem,0
11898,7270053,727005,0,901,TrainingItem,0
11899,7270062,727006,0,703,TrainingItem,0
11900,7270063,727006,0,903,TrainingItem,0
11901,7280014,728001,0,903,TrainingItem,0
11902,7290014,729001,0,904,TrainingItem,0
11903,7290022,729002,0,702,TrainingItem,0
11904,7290023,729002,0,902,TrainingItem,0
11905,7290032,729003,0,701,TrainingItem,0
11906,7290033,729003,0,901,TrainingItem,0
11907,7290042,729004,0,704,TrainingItem,0
11908,7290043,729004,0,904,TrainingItem,0
11909,7290054,729005,0,904,TrainingItem,0
11910,7350014,735001,0,903,TrainingItem,0
11911,7360012,736001,0,702,TrainingItem,0
11912,7360013,736001,0,902,TrainingItem,0
11913,7360022,736002,0,703,TrainingItem,0
11914,7360023,736002,0,903,TrainingItem,0
11915,7360032,736003,0,701,TrainingItem,0
11916,7360033,736003,0,901,TrainingItem,0
11917,7360042,736004,0,702,TrainingItem,0
11918,7360043,736004,0,902,TrainingItem,0
11919,7360052,736005,0,703,TrainingItem,0
11920,7360053,736005,0,903,TrainingItem,0
11921,7360062,736006,0,700,TrainingItem,0
11922,7360063,736006,0,900,TrainingItem,0
11923,7370014,737001,0,904,TrainingItem,0
11924,7380012,738001,0,701,TrainingItem,0
11925,7380013,738001,0,901,TrainingItem,0
11926,7380022,738002,0,704,TrainingItem,0
11927,7380023,738002,0,904,TrainingItem,0
11928,7380032,738003,0,700,TrainingItem,0
11929,7380033,738003,0,900,TrainingItem,0
11930,7380042,738004,0,703,TrainingItem,0
11931,7380043,738004,0,903,TrainingItem,0
11932,7380052,738005,0,702,TrainingItem,0
11933,7380053,738005,0,902,TrainingItem,0
11934,7380064,738006,0,901,TrainingItem,0
11935,7390012,739001,0,704,TrainingItem,0
11936,7390013,739001,0,904,TrainingItem,0
11937,7390022,739002,0,701,TrainingItem,0
11938,7390023,739002,0,901,TrainingItem,0
11939,7390032,739003,0,702,TrainingItem,0
11940,7390033,739003,0,902,TrainingItem,0
11941,7440012,744001,0,701,TrainingItem,0
11942,7440013,744001,0,901,TrainingItem,0
11943,7440022,744002,0,703,TrainingItem,0
11944,7440023,744002,0,903,TrainingItem,0
11945,7440032,744003,0,702,TrainingItem,0
11946,7440033,744003,0,902,TrainingItem,0
11947,7450014,745001,0,900,TrainingItem,0
11948,7460012,746001,0,703,TrainingItem,0
11949,7460013,746001,0,903,TrainingItem,0
11950,7460022,746002,0,704,TrainingItem,0
11951,7460023,746002,0,904,TrainingItem,0
11952,7470012,747001,0,704,TrainingItem,0
11953,7470013,747001,0,904,TrainingItem,0
11954,7470022,747002,0,700,TrainingItem,0
11955,7470023,747002,0,900,TrainingItem,0
11956,7470032,747003,0,704,TrainingItem,0
11957,7470033,747003,0,904,TrainingItem,0
11958,7490014,749001,0,900,TrainingItem,0
11959,7480014,749002,0,901,TrainingItem,0
11960,7480022,749003,0,700,TrainingItem,0
11961,7480023,749003,0,900,TrainingItem,0
11962,7480032,749004,0,704,TrainingItem,0
11963,7480033,749004,0,904,TrainingItem,0
11964,7510012,751001,0,700,TrainingItem,0
11965,7510013,751001,0,900,TrainingItem,0
11966,7510022,751002,0,702,TrainingItem,0
11967,7510023,751002,0,902,TrainingItem,0
11968,7520014,752001,0,902,TrainingItem,0
11969,7530012,753001,0,704,TrainingItem,0
11970,7530013,753001,0,904,TrainingItem,0
11971,7530022,753002,0,701,TrainingItem,0
11972,7530023,753002,0,901,TrainingItem,0
11973,7530032,753003,0,703,TrainingItem,0
11974,7530033,753003,0,903,TrainingItem,0
11975,7530042,753004,0,700,TrainingItem,0
11976,7530043,753004,0,900,TrainingItem,0
11977,7530052,753005,0,701,TrainingItem,0
11978,7530053,753005,0,901,TrainingItem,0
11979,7530062,753006,0,702,TrainingItem,0
11980,7530063,753006,0,902,TrainingItem,0
11981,7530072,753007,0,703,TrainingItem,0
11982,7530073,753007,0,903,TrainingItem,0
11983,7530082,753008,0,704,TrainingItem,0
11984,7530083,753008,0,904,TrainingItem,0
11985,7540012,754001,0,703,TrainingItem,0
11986,7540013,754001,0,903,TrainingItem,0
11987,7540022,754002,0,700,TrainingItem,0
11988,7540023,754002,0,900,TrainingItem,0
11989,7540032,754003,0,703,TrainingItem,0
11990,7540033,754003,0,903,TrainingItem,0
11991,7540042,754004,0,701,TrainingItem,0
11992,7540043,754004,0,901,TrainingItem,0
11993,7540052,754005,0,704,TrainingItem,0
11994,7540053,754005,0,904,TrainingItem,0
11995,7540062,754006,0,702,TrainingItem,0
11996,7540063,754006,0,902,TrainingItem,0
11997,7540072,754007,0,703,TrainingItem,0
11998,7540073,754007,0,903,TrainingItem,0
11999,7550012,755001,0,704,TrainingItem,0
12000,7550013,755001,0,904,TrainingItem,0
12001,7550022,755002,0,704,TrainingItem,0
12002,7550023,755002,0,904,TrainingItem,0
12003,7560014,756001,0,901,TrainingItem,0
12004,7570012,757001,0,701,TrainingItem,0
12005,7570013,757001,0,901,TrainingItem,0
12006,7570022,757002,0,703,TrainingItem,0
12007,7570023,757002,0,903,TrainingItem,0
12008,7580014,758001,0,904,TrainingItem,0
12009,7590014,759001,0,903,TrainingItem,0
12010,7680011,768001,1,100,TrainingItem,0
12011,7680011,768001,1,101,TrainingItem,0
12012,7680011,768001,1,102,TrainingItem,0
12013,7680011,768001,1,103,TrainingItem,0
12014,7680011,768001,1,104,TrainingItem,0
12015,7680011,768001,1,200,TrainingItem,0
12016,7680011,768001,1,201,TrainingItem,0
12017,7680011,768001,1,202,TrainingItem,0
12018,7680011,768001,1,203,TrainingItem,0
12019,7680011,768001,1,204,TrainingItem,0
12020,7680011,768001,1,400,TrainingItem,0
12021,7680011,768001,1,401,TrainingItem,0
12022,7680011,768001,1,402,TrainingItem,0
12023,7680011,768001,1,403,TrainingItem,0
12024,7680011,768001,1,404,TrainingItem,0
12025,7680011,768001,1,500,TrainingItem,0
12026,7680011,768001,1,501,TrainingItem,0
12027,7680011,768001,1,502,TrainingItem,0
12028,7680011,768001,1,503,TrainingItem,0
12029,7680011,768001,1,504,TrainingItem,0
12030,7800012,780001,0,703,TrainingItem,0
12031,7800013,780001,0,903,TrainingItem,0
12032,7800022,780002,0,701,TrainingItem,0
12033,7800023,780002,0,901,TrainingItem,0
12034,7800032,780003,0,704,TrainingItem,0
12035,7800033,780003,0,904,TrainingItem,0
12036,7800042,780004,0,701,TrainingItem,0
12037,7800043,780004,0,901,TrainingItem,0
12038,7800052,780005,0,703,TrainingItem,0
12039,7800053,780005,0,903,TrainingItem,0
12040,7800062,780006,0,700,TrainingItem,0
12041,7800063,780006,0,900,TrainingItem,0
12042,7800072,780007,0,701,TrainingItem,0
12043,7800073,780007,0,901,TrainingItem,0
12044,7800082,780008,0,702,TrainingItem,0
12045,7800083,780008,0,902,TrainingItem,0
12046,7800092,780009,0,703,TrainingItem,0
12047,7800093,780009,0,903,TrainingItem,0
12048,7800102,780010,0,704,TrainingItem,0
12049,7800103,780010,0,904,TrainingItem,0
12050,7800112,780011,0,703,TrainingItem,0
12051,7800113,780011,0,903,TrainingItem,0
12052,7800122,780012,0,704,TrainingItem,0
12053,7800123,780012,0,904,TrainingItem,0
12054,7800132,780013,0,701,TrainingItem,0
12055,7800133,780013,0,901,TrainingItem,0
12056,7800142,780014,0,703,TrainingItem,0
12057,7800143,780014,0,903,TrainingItem,0
12058,7800152,780015,0,701,TrainingItem,0
12059,7800153,780015,0,901,TrainingItem,0
12060,7820012,782001,0,700,TrainingItem,0
12061,7820013,782001,0,900,TrainingItem,0
12062,7820022,782002,0,701,TrainingItem,0
12063,7820023,782002,0,901,TrainingItem,0
12064,7820032,782003,0,702,TrainingItem,0
12065,7820033,782003,0,902,TrainingItem,0
12066,7820042,782004,0,703,TrainingItem,0
12067,7820043,782004,0,903,TrainingItem,0
12068,7820052,782005,0,704,TrainingItem,0
12069,7820053,782005,0,904,TrainingItem,0
12070,7890012,789001,0,700,TrainingItem,0
12071,7890013,789001,0,900,TrainingItem,0
12072,7890022,789002,0,700,TrainingItem,0
12073,7890023,789002,0,900,TrainingItem,0
12074,7890032,789003,0,702,TrainingItem,0
12075,7890033,789003,0,902,TrainingItem,0
12076,7890042,789004,0,704,TrainingItem,0
12077,7890043,789004,0,904,TrainingItem,0
12078,7890052,789005,0,701,TrainingItem,0
12079,7890053,789005,0,901,TrainingItem,0
12080,7890062,789006,0,703,TrainingItem,0
12081,7890063,789006,0,903,TrainingItem,0
12082,7890074,789007,0,902,TrainingItem,0
12083,7910014,791001,0,904,TrainingItem,0
12084,7920012,792001,0,701,TrainingItem,0
12085,7920013,792001,0,901,TrainingItem,0
12086,7920022,792002,0,704,TrainingItem,0
12087,7920023,792002,0,904,TrainingItem,0
12088,7920032,792003,0,700,TrainingItem,0
12089,7920033,792003,0,900,TrainingItem,0
12090,7920042,792004,0,703,TrainingItem,0
12091,7920043,792004,0,903,TrainingItem,0
12092,7920052,792005,0,702,TrainingItem,0
12093,7920053,792005,0,902,TrainingItem,0
12094,7920064,792006,0,901,TrainingItem,0
12095,7940012,794001,1,22,TreasureItem,0
12096,7940012,794001,1,1,TreasureItem,0
12097,7940015,794001,1,22,TreasureItem,0
12098,7940015,794001,1,1,TreasureItem,0
12099,8010011,801001,0,1003970,Card,0
12100,8010011,801001,0,13,TrainingField,0
12101,8020011,802001,1,500,TrainingItem,0
12102,8020011,802001,1,501,TrainingItem,0
12103,8020011,802001,1,502,TrainingItem,0
12104,8020011,802001,1,503,TrainingItem,0
12105,8020011,802001,1,504,TrainingItem,0
12106,8020021,802002,1,500,TrainingItem,0
12107,8020021,802002,1,501,TrainingItem,0
12108,8020021,802002,1,502,TrainingItem,0
12109,8020021,802002,1,503,TrainingItem,0
12110,8020021,802002,1,504,TrainingItem,0
12111,8020031,802003,1,500,TrainingItem,0
12112,8020031,802003,1,501,TrainingItem,0
12113,8020031,802003,1,502,TrainingItem,0
12114,8020031,802003,1,503,TrainingItem,0
12115,8020031,802003,1,504,TrainingItem,0
12116,8030011,803001,0,1003970,Card,0
12117,8030011,803001,0,13,TrainingField,0
12118,8040011,804001,1,500,TrainingItem,0
12119,8040011,804001,1,501,TrainingItem,0
12120,8040011,804001,1,502,TrainingItem,0
12121,8040011,804001,1,503,TrainingItem,0
12122,8040011,804001,1,504,TrainingItem,0
12123,8040021,804002,1,500,TrainingItem,0
12124,8040021,804002,1,501,TrainingItem,0
12125,8040021,804002,1,502,TrainingItem,0
12126,8040021,804002,1,503,TrainingItem,0
12127,8040021,804002,1,504,TrainingItem,0
12128,8040031,804003,1,500,TrainingItem,0
12129,8040031,804003,1,501,TrainingItem,0
12130,8040031,804003,1,502,TrainingItem,0
12131,8040031,804003,1,503,TrainingItem,0
12132,8040031,804003,1,504,TrainingItem,0
12133,8060011,806001,1,2,EquipmentSkillItem,0
12134,8060011,806001,1,3,EquipmentSkillItem,0
12135,8060011,806001,1,4,EquipmentSkillItem,0
12136,8060011,806001,1,5,EquipmentSkillItem,0
12137,8060011,806001,1,7,EquipmentSkillItem,0
12138,8060011,806001,1,8,EquipmentSkillItem,0
12139,8060011,806001,1,9,EquipmentSkillItem,0
12140,8060011,806001,1,10,EquipmentSkillItem,0
12141,8060011,806001,1,12,EquipmentSkillItem,0
12142,8060011,806001,1,13,EquipmentSkillItem,0
12143,8060011,806001,1,14,EquipmentSkillItem,0
12144,8060011,806001,1,15,EquipmentSkillItem,0
12145,8060011,806001,1,17,EquipmentSkillItem,0
12146,8060011,806001,1,18,EquipmentSkillItem,0
12147,8060011,806001,1,19,EquipmentSkillItem,0
12148,8060011,806001,1,20,EquipmentSkillItem,0
12149,8060011,806001,1,22,EquipmentSkillItem,0
12150,8060011,806001,1,23,EquipmentSkillItem,0
12151,8060011,806001,1,24,EquipmentSkillItem,0
12152,8060011,806001,1,25,EquipmentSkillItem,0
12153,8060011,806001,1,27,EquipmentSkillItem,0
12154,8060011,806001,1,28,EquipmentSkillItem,0
12155,8060011,806001,1,29,EquipmentSkillItem,0
12156,8060011,806001,1,30,EquipmentSkillItem,0
12157,8060011,806001,1,32,EquipmentSkillItem,0
12158,8060011,806001,1,33,EquipmentSkillItem,0
12159,8060011,806001,1,34,EquipmentSkillItem,0
12160,8060011,806001,1,35,EquipmentSkillItem,0
12161,8060011,806001,1,37,EquipmentSkillItem,0
12162,8060011,806001,1,38,EquipmentSkillItem,0
12163,8060011,806001,1,39,EquipmentSkillItem,0
12164,8060011,806001,1,40,EquipmentSkillItem,0
12165,8060011,806001,1,42,EquipmentSkillItem,0
12166,8060011,806001,1,43,EquipmentSkillItem,0
12167,8060011,806001,1,44,EquipmentSkillItem,0
12168,8060011,806001,1,45,EquipmentSkillItem,0
12169,8060011,806001,1,47,EquipmentSkillItem,0
12170,8060011,806001,1,48,EquipmentSkillItem,0
12171,8060011,806001,1,49,EquipmentSkillItem,0
12172,8060011,806001,1,50,EquipmentSkillItem,0
12173,8060011,806001,1,52,EquipmentSkillItem,0
12174,8060011,806001,1,53,EquipmentSkillItem,0
12175,8060011,806001,1,54,EquipmentSkillItem,0
12176,8060011,806001,1,55,EquipmentSkillItem,0
12177,8060011,806001,1,57,EquipmentSkillItem,0
12178,8060011,806001,1,58,EquipmentSkillItem,0
12179,8060011,806001,1,59,EquipmentSkillItem,0
12180,8060011,806001,1,60,EquipmentSkillItem,0
12181,8060011,806001,1,62,EquipmentSkillItem,0
12182,8060011,806001,1,63,EquipmentSkillItem,0
12183,8060011,806001,1,64,EquipmentSkillItem,0
12184,8060011,806001,1,65,EquipmentSkillItem,0
12185,8060011,806001,1,67,EquipmentSkillItem,0
12186,8060011,806001,1,68,EquipmentSkillItem,0
12187,8060011,806001,1,69,EquipmentSkillItem,0
12188,8060011,806001,1,70,EquipmentSkillItem,0
12189,8060011,806001,1,72,EquipmentSkillItem,0
12190,8060011,806001,1,73,EquipmentSkillItem,0
12191,8060011,806001,1,74,EquipmentSkillItem,0
12192,8060011,806001,1,75,EquipmentSkillItem,0
12193,8060011,806001,1,2156,EquipmentSkillItem,0
12194,8060011,806001,1,2157,EquipmentSkillItem,0
12195,8060011,806001,1,2158,EquipmentSkillItem,0
12196,8060011,806001,1,2159,EquipmentSkillItem,0
12197,8060011,806001,1,2160,EquipmentSkillItem,0
12198,8060011,806001,1,2161,EquipmentSkillItem,0
12199,8060011,806001,1,2162,EquipmentSkillItem,0
12200,8060011,806001,1,2163,EquipmentSkillItem,0
12201,8060011,806001,1,2164,EquipmentSkillItem,0
12202,8060011,806001,1,2165,EquipmentSkillItem,0
12203,8060011,806001,1,2166,EquipmentSkillItem,0
12204,8060011,806001,1,2167,EquipmentSkillItem,0
12205,8060011,806001,1,2168,EquipmentSkillItem,0
12206,8060011,806001,1,2169,EquipmentSkillItem,0
12207,8060011,806001,1,2170,EquipmentSkillItem,0
12208,8060011,806001,1,2172,EquipmentSkillItem,0
12209,8060011,806001,1,2174,EquipmentSkillItem,0
12210,8060011,806001,1,2176,EquipmentSkillItem,0
12211,8060011,806001,1,2178,EquipmentSkillItem,0
12212,8060011,806001,1,2180,EquipmentSkillItem,0
12213,8060011,806001,1,2182,EquipmentSkillItem,0
12214,8060011,806001,1,2184,EquipmentSkillItem,0
12215,8060011,806001,1,2186,EquipmentSkillItem,0
12216,8060011,806001,1,2187,EquipmentSkillItem,0
12217,8060011,806001,1,2189,EquipmentSkillItem,0
12218,8060011,806001,1,2190,EquipmentSkillItem,0
12219,8060011,806001,1,2192,EquipmentSkillItem,0
12220,8060011,806001,1,2193,EquipmentSkillItem,0
12221,8060011,806001,1,2195,EquipmentSkillItem,0
12222,8060011,806001,1,2196,EquipmentSkillItem,0
12223,8060011,806001,1,2198,EquipmentSkillItem,0
12224,8060011,806001,1,2199,EquipmentSkillItem,0
12225,8060011,806001,1,2201,EquipmentSkillItem,0
12226,8060011,806001,1,2202,EquipmentSkillItem,0
12227,8060011,806001,1,2204,EquipmentSkillItem,0
12228,8060011,806001,1,2205,EquipmentSkillItem,0
12229,8060011,806001,1,2207,EquipmentSkillItem,0
12230,8060011,806001,1,2208,EquipmentSkillItem,0
12231,8060011,806001,1,2210,EquipmentSkillItem,0
12232,8060011,806001,1,2211,EquipmentSkillItem,0
12233,8060011,806001,1,2213,EquipmentSkillItem,0
12234,8060011,806001,1,2214,EquipmentSkillItem,0
12235,8060011,806001,1,2216,EquipmentSkillItem,0
12236,8060011,806001,1,2217,EquipmentSkillItem,0
12237,8060011,806001,1,2219,EquipmentSkillItem,0
12238,8060011,806001,1,2220,EquipmentSkillItem,0
12239,8060011,806001,1,2222,EquipmentSkillItem,0
12240,8060011,806001,1,2223,EquipmentSkillItem,0
12241,8060011,806001,1,2225,EquipmentSkillItem,0
12242,8060011,806001,1,2226,EquipmentSkillItem,0
12243,8060011,806001,1,2228,EquipmentSkillItem,0
12244,8060011,806001,1,2229,EquipmentSkillItem,0
12245,8060011,806001,1,2231,EquipmentSkillItem,0
12246,8060011,806001,1,2232,EquipmentSkillItem,0
12247,8060011,806001,1,2234,EquipmentSkillItem,0
12248,8060011,806001,1,2235,EquipmentSkillItem,0
12249,8060011,806001,1,2237,EquipmentSkillItem,0
12250,8060011,806001,1,2238,EquipmentSkillItem,0
12251,8060011,806001,1,2240,EquipmentSkillItem,0
12252,8060011,806001,1,2241,EquipmentSkillItem,0
12253,8060011,806001,1,2243,EquipmentSkillItem,0
12254,8060011,806001,1,2244,EquipmentSkillItem,0
12255,8060011,806001,1,2304,EquipmentSkillItem,0
12256,8060011,806001,1,2303,EquipmentSkillItem,0
12257,8060011,806001,1,1876,EquipmentSkillItem,0
12258,8060011,806001,1,1877,EquipmentSkillItem,0
12259,8060011,806001,1,1878,EquipmentSkillItem,0
12260,8060011,806001,1,1879,EquipmentSkillItem,0
12261,8060011,806001,1,1881,EquipmentSkillItem,0
12262,8060011,806001,1,1882,EquipmentSkillItem,0
12263,8060011,806001,1,1883,EquipmentSkillItem,0
12264,8060011,806001,1,1884,EquipmentSkillItem,0
12265,8060011,806001,1,1886,EquipmentSkillItem,0
12266,8060011,806001,1,1887,EquipmentSkillItem,0
12267,8060011,806001,1,1888,EquipmentSkillItem,0
12268,8060011,806001,1,1889,EquipmentSkillItem,0
12269,8060011,806001,1,1891,EquipmentSkillItem,0
12270,8060011,806001,1,1892,EquipmentSkillItem,0
12271,8060011,806001,1,1893,EquipmentSkillItem,0
12272,8060011,806001,1,1894,EquipmentSkillItem,0
12273,8060011,806001,1,1896,EquipmentSkillItem,0
12274,8060011,806001,1,1897,EquipmentSkillItem,0
12275,8060011,806001,1,1898,EquipmentSkillItem,0
12276,8060011,806001,1,1899,EquipmentSkillItem,0
12277,8060011,806001,1,1901,EquipmentSkillItem,0
12278,8060011,806001,1,1902,EquipmentSkillItem,0
12279,8060011,806001,1,1903,EquipmentSkillItem,0
12280,8060011,806001,1,1904,EquipmentSkillItem,0
12281,8060011,806001,1,1906,EquipmentSkillItem,0
12282,8060011,806001,1,1907,EquipmentSkillItem,0
12283,8060011,806001,1,1908,EquipmentSkillItem,0
12284,8060011,806001,1,1909,EquipmentSkillItem,0
12285,8060011,806001,1,1916,EquipmentSkillItem,0
12286,8060011,806001,1,1917,EquipmentSkillItem,0
12287,8060011,806001,1,1918,EquipmentSkillItem,0
12288,8060011,806001,1,1919,EquipmentSkillItem,0
12289,8060011,806001,1,1920,EquipmentSkillItem,0
12290,8060011,806001,1,1921,EquipmentSkillItem,0
12291,8060011,806001,1,1922,EquipmentSkillItem,0
12292,8060011,806001,1,1923,EquipmentSkillItem,0
12293,8060011,806001,1,1924,EquipmentSkillItem,0
12294,8060011,806001,1,1925,EquipmentSkillItem,0
12295,8060011,806001,1,1926,EquipmentSkillItem,0
12296,8060011,806001,1,1927,EquipmentSkillItem,0
12297,8060011,806001,1,1928,EquipmentSkillItem,0
12298,8060011,806001,1,1929,EquipmentSkillItem,0
12299,8060011,806001,1,1930,EquipmentSkillItem,0
12300,8060011,806001,1,1931,EquipmentSkillItem,0
12301,8060011,806001,1,1932,EquipmentSkillItem,0
12302,8060011,806001,1,1933,EquipmentSkillItem,0
12303,8060011,806001,1,1934,EquipmentSkillItem,0
12304,8060011,806001,1,1935,EquipmentSkillItem,0
12305,8060011,806001,1,1936,EquipmentSkillItem,0
12306,8060011,806001,1,1937,EquipmentSkillItem,0
12307,8060011,806001,1,1938,EquipmentSkillItem,0
12308,8060011,806001,1,1939,EquipmentSkillItem,0
12309,8060011,806001,1,1940,EquipmentSkillItem,0
12310,8060011,806001,1,1941,EquipmentSkillItem,0
12311,8060011,806001,1,1942,EquipmentSkillItem,0
12312,8060011,806001,1,1943,EquipmentSkillItem,0
12313,8060011,806001,1,1944,EquipmentSkillItem,0
12314,8060011,806001,1,1945,EquipmentSkillItem,0
12315,8060011,806001,1,1946,EquipmentSkillItem,0
12316,8060011,806001,1,1947,EquipmentSkillItem,0
12317,8060011,806001,1,1948,EquipmentSkillItem,0
12318,8060011,806001,1,1949,EquipmentSkillItem,0
12319,8060011,806001,1,1950,EquipmentSkillItem,0
12320,8060011,806001,1,1951,EquipmentSkillItem,0
12321,8060011,806001,1,1952,EquipmentSkillItem,0
12322,8060011,806001,1,1953,EquipmentSkillItem,0
12323,8060011,806001,1,1954,EquipmentSkillItem,0
12324,8060011,806001,1,1955,EquipmentSkillItem,0
12325,8060011,806001,1,1956,EquipmentSkillItem,0
12326,8060011,806001,1,1957,EquipmentSkillItem,0
12327,8060011,806001,1,1958,EquipmentSkillItem,0
12328,8060011,806001,1,1959,EquipmentSkillItem,0
12329,8060011,806001,1,1960,EquipmentSkillItem,0
12330,8060011,806001,1,1961,EquipmentSkillItem,0
12331,8060011,806001,1,1962,EquipmentSkillItem,0
12332,8060011,806001,1,1963,EquipmentSkillItem,0
12333,8060011,806001,1,1964,EquipmentSkillItem,0
12334,8060011,806001,1,1965,EquipmentSkillItem,0
12335,8060011,806001,1,1966,EquipmentSkillItem,0
12336,8060011,806001,1,1967,EquipmentSkillItem,0
12337,8060011,806001,1,1968,EquipmentSkillItem,0
12338,8060011,806001,1,1969,EquipmentSkillItem,0
12339,8060011,806001,1,1970,EquipmentSkillItem,0
12340,8060011,806001,1,1971,EquipmentSkillItem,0
12341,8060011,806001,1,1972,EquipmentSkillItem,0
12342,8060011,806001,1,1973,EquipmentSkillItem,0
12343,8060011,806001,1,1974,EquipmentSkillItem,0
12344,8060011,806001,1,1975,EquipmentSkillItem,0
12345,8060011,806001,1,1976,EquipmentSkillItem,0
12346,8060011,806001,1,1977,EquipmentSkillItem,0
12347,8060011,806001,1,1978,EquipmentSkillItem,0
12348,8060011,806001,1,1979,EquipmentSkillItem,0
12349,8060011,806001,1,1980,EquipmentSkillItem,0
12350,8060011,806001,1,1981,EquipmentSkillItem,0
12351,8060011,806001,1,1982,EquipmentSkillItem,0
12352,8060011,806001,1,1983,EquipmentSkillItem,0
12353,8060011,806001,1,1984,EquipmentSkillItem,0
12354,8060011,806001,1,1985,EquipmentSkillItem,0
12355,8060011,806001,1,1986,EquipmentSkillItem,0
12356,8060011,806001,1,1987,EquipmentSkillItem,0
12357,8060011,806001,1,1988,EquipmentSkillItem,0
12358,8060011,806001,1,1989,EquipmentSkillItem,0
12359,8060011,806001,1,1990,EquipmentSkillItem,0
12360,8060011,806001,1,1991,EquipmentSkillItem,0
12361,8060011,806001,1,1992,EquipmentSkillItem,0
12362,8060011,806001,1,1993,EquipmentSkillItem,0
12363,8060011,806001,1,1994,EquipmentSkillItem,0
12364,8060011,806001,1,1995,EquipmentSkillItem,0
12365,8060011,806001,1,1996,EquipmentSkillItem,0
12366,8060011,806001,1,1997,EquipmentSkillItem,0
12367,8060011,806001,1,1998,EquipmentSkillItem,0
12368,8060011,806001,1,1999,EquipmentSkillItem,0
12369,8060011,806001,1,2000,EquipmentSkillItem,0
12370,8060011,806001,1,2001,EquipmentSkillItem,0
12371,8060011,806001,1,2002,EquipmentSkillItem,0
12372,8060011,806001,1,2003,EquipmentSkillItem,0
12373,8060011,806001,1,2004,EquipmentSkillItem,0
12374,8060011,806001,1,2005,EquipmentSkillItem,0
12375,8060011,806001,1,2006,EquipmentSkillItem,0
12376,8060011,806001,1,2007,EquipmentSkillItem,0
12377,8060011,806001,1,2008,EquipmentSkillItem,0
12378,8060011,806001,1,2009,EquipmentSkillItem,0
12379,8060011,806001,1,2010,EquipmentSkillItem,0
12380,8060011,806001,1,2011,EquipmentSkillItem,0
12381,8060011,806001,1,2012,EquipmentSkillItem,0
12382,8060011,806001,1,2013,EquipmentSkillItem,0
12383,8060011,806001,1,2014,EquipmentSkillItem,0
12384,8060011,806001,1,2015,EquipmentSkillItem,0
12385,8060011,806001,1,2016,EquipmentSkillItem,0
12386,8060011,806001,1,2017,EquipmentSkillItem,0
12387,8060011,806001,1,2018,EquipmentSkillItem,0
12388,8060011,806001,1,2019,EquipmentSkillItem,0
12389,8060011,806001,1,2020,EquipmentSkillItem,0
12390,8060011,806001,1,2021,EquipmentSkillItem,0
12391,8060011,806001,1,2022,EquipmentSkillItem,0
12392,8060011,806001,1,2023,EquipmentSkillItem,0
12393,8060011,806001,1,2024,EquipmentSkillItem,0
12394,8060011,806001,1,2025,EquipmentSkillItem,0
12395,8060011,806001,1,2026,EquipmentSkillItem,0
12396,8060011,806001,1,2027,EquipmentSkillItem,0
12397,8060011,806001,1,2028,EquipmentSkillItem,0
12398,8060011,806001,1,2029,EquipmentSkillItem,0
12399,8060011,806001,1,2030,EquipmentSkillItem,0
12400,8060011,806001,1,2031,EquipmentSkillItem,0
12401,8060011,806001,1,2032,EquipmentSkillItem,0
12402,8060011,806001,1,2033,EquipmentSkillItem,0
12403,8060011,806001,1,2034,EquipmentSkillItem,0
12404,8060011,806001,1,2035,EquipmentSkillItem,0
12405,8060011,806001,1,2036,EquipmentSkillItem,0
12406,8060011,806001,1,2037,EquipmentSkillItem,0
12407,8060011,806001,1,2038,EquipmentSkillItem,0
12408,8060011,806001,1,2039,EquipmentSkillItem,0
12409,8060011,806001,1,2040,EquipmentSkillItem,0
12410,8060011,806001,1,2041,EquipmentSkillItem,0
12411,8060011,806001,1,2042,EquipmentSkillItem,0
12412,8060011,806001,1,2043,EquipmentSkillItem,0
12413,8060011,806001,1,2044,EquipmentSkillItem,0
12414,8060011,806001,1,2045,EquipmentSkillItem,0
12415,8060011,806001,1,2046,EquipmentSkillItem,0
12416,8060011,806001,1,2047,EquipmentSkillItem,0
12417,8060011,806001,1,2048,EquipmentSkillItem,0
12418,8060011,806001,1,2049,EquipmentSkillItem,0
12419,8060011,806001,1,2050,EquipmentSkillItem,0
12420,8060011,806001,1,2051,EquipmentSkillItem,0
12421,8060011,806001,1,2052,EquipmentSkillItem,0
12422,8060011,806001,1,2053,EquipmentSkillItem,0
12423,8060011,806001,1,2054,EquipmentSkillItem,0
12424,8060011,806001,1,2055,EquipmentSkillItem,0
12425,8060011,806001,1,2056,EquipmentSkillItem,0
12426,8060011,806001,1,2057,EquipmentSkillItem,0
12427,8060011,806001,1,2058,EquipmentSkillItem,0
12428,8060011,806001,1,2059,EquipmentSkillItem,0
12429,8060011,806001,1,2060,EquipmentSkillItem,0
12430,8060011,806001,1,2061,EquipmentSkillItem,0
12431,8060011,806001,1,2062,EquipmentSkillItem,0
12432,8060011,806001,1,2063,EquipmentSkillItem,0
12433,8060011,806001,1,2064,EquipmentSkillItem,0
12434,8060011,806001,1,2065,EquipmentSkillItem,0
12435,8060011,806001,1,2066,EquipmentSkillItem,0
12436,8060011,806001,1,2067,EquipmentSkillItem,0
12437,8060011,806001,1,2068,EquipmentSkillItem,0
12438,8060011,806001,1,2069,EquipmentSkillItem,0
12439,8060011,806001,1,2070,EquipmentSkillItem,0
12440,8060011,806001,1,2071,EquipmentSkillItem,0
12441,8060011,806001,1,2072,EquipmentSkillItem,0
12442,8060011,806001,1,2073,EquipmentSkillItem,0
12443,8060011,806001,1,2074,EquipmentSkillItem,0
12444,8060011,806001,1,2075,EquipmentSkillItem,0
12445,8060011,806001,1,2076,EquipmentSkillItem,0
12446,8060011,806001,1,2077,EquipmentSkillItem,0
12447,8060011,806001,1,2078,EquipmentSkillItem,0
12448,8060011,806001,1,2079,EquipmentSkillItem,0
12449,8060011,806001,1,2080,EquipmentSkillItem,0
12450,8060011,806001,1,2081,EquipmentSkillItem,0
12451,8060011,806001,1,2082,EquipmentSkillItem,0
12452,8060011,806001,1,2083,EquipmentSkillItem,0
12453,8060011,806001,1,2084,EquipmentSkillItem,0
12454,8060011,806001,1,2085,EquipmentSkillItem,0
12455,8060011,806001,1,2086,EquipmentSkillItem,0
12456,8060011,806001,1,2087,EquipmentSkillItem,0
12457,8060011,806001,1,2088,EquipmentSkillItem,0
12458,8060011,806001,1,2089,EquipmentSkillItem,0
12459,8060011,806001,1,2090,EquipmentSkillItem,0
12460,8060011,806001,1,2091,EquipmentSkillItem,0
12461,8060011,806001,1,2092,EquipmentSkillItem,0
12462,8060011,806001,1,2093,EquipmentSkillItem,0
12463,8060011,806001,1,2094,EquipmentSkillItem,0
12464,8060011,806001,1,2095,EquipmentSkillItem,0
12465,8060011,806001,1,2096,EquipmentSkillItem,0
12466,8060011,806001,1,2097,EquipmentSkillItem,0
12467,8060011,806001,1,2098,EquipmentSkillItem,0
12468,8060011,806001,1,2099,EquipmentSkillItem,0
12469,8060011,806001,1,2100,EquipmentSkillItem,0
12470,8060011,806001,1,2101,EquipmentSkillItem,0
12471,8060011,806001,1,2102,EquipmentSkillItem,0
12472,8060011,806001,1,2103,EquipmentSkillItem,0
12473,8060011,806001,1,2104,EquipmentSkillItem,0
12474,8060011,806001,1,288,EquipmentSkillItem,0
12475,8060011,806001,1,289,EquipmentSkillItem,0
12476,8060011,806001,1,290,EquipmentSkillItem,0
12477,8060011,806001,1,293,EquipmentSkillItem,0
12478,8060011,806001,1,294,EquipmentSkillItem,0
12479,8060011,806001,1,295,EquipmentSkillItem,0
12480,8060011,806001,1,298,EquipmentSkillItem,0
12481,8060011,806001,1,299,EquipmentSkillItem,0
12482,8060011,806001,1,300,EquipmentSkillItem,0
12483,8060011,806001,1,303,EquipmentSkillItem,0
12484,8060011,806001,1,304,EquipmentSkillItem,0
12485,8060011,806001,1,305,EquipmentSkillItem,0
12486,8060011,806001,1,308,EquipmentSkillItem,0
12487,8060011,806001,1,309,EquipmentSkillItem,0
12488,8060011,806001,1,310,EquipmentSkillItem,0
12489,8060011,806001,1,313,EquipmentSkillItem,0
12490,8060011,806001,1,314,EquipmentSkillItem,0
12491,8060011,806001,1,315,EquipmentSkillItem,0
12492,8060011,806001,1,318,EquipmentSkillItem,0
12493,8060011,806001,1,319,EquipmentSkillItem,0
12494,8060011,806001,1,320,EquipmentSkillItem,0
12495,8060011,806001,1,323,EquipmentSkillItem,0
12496,8060011,806001,1,324,EquipmentSkillItem,0
12497,8060011,806001,1,325,EquipmentSkillItem,0
12498,8060011,806001,1,328,EquipmentSkillItem,0
12499,8060011,806001,1,329,EquipmentSkillItem,0
12500,8060011,806001,1,330,EquipmentSkillItem,0
12501,8060011,806001,1,331,EquipmentSkillItem,0
12502,8060011,806001,1,332,EquipmentSkillItem,0
12503,8060011,806001,1,333,EquipmentSkillItem,0
12504,8060011,806001,1,334,EquipmentSkillItem,0
12505,8060011,806001,1,335,EquipmentSkillItem,0
12506,8060011,806001,1,336,EquipmentSkillItem,0
12507,8060011,806001,1,337,EquipmentSkillItem,0
12508,8060011,806001,1,338,EquipmentSkillItem,0
12509,8060011,806001,1,339,EquipmentSkillItem,0
12510,8060011,806001,1,340,EquipmentSkillItem,0
12511,8060011,806001,1,341,EquipmentSkillItem,0
12512,8060011,806001,1,342,EquipmentSkillItem,0
12513,8060011,806001,1,343,EquipmentSkillItem,0
12514,8060011,806001,1,344,EquipmentSkillItem,0
12515,8060011,806001,1,348,EquipmentSkillItem,0
12516,8060011,806001,1,349,EquipmentSkillItem,0
12517,8060011,806001,1,350,EquipmentSkillItem,0
12518,8060011,806001,1,353,EquipmentSkillItem,0
12519,8060011,806001,1,354,EquipmentSkillItem,0
12520,8060011,806001,1,355,EquipmentSkillItem,0
12521,8060011,806001,1,356,EquipmentSkillItem,0
12522,8060011,806001,1,357,EquipmentSkillItem,0
12523,8060011,806001,1,358,EquipmentSkillItem,0
12524,8060011,806001,1,359,EquipmentSkillItem,0
12525,8060011,806001,1,360,EquipmentSkillItem,0
12526,8060011,806001,1,361,EquipmentSkillItem,0
12527,8060011,806001,1,362,EquipmentSkillItem,0
12528,8060011,806001,1,363,EquipmentSkillItem,0
12529,8060011,806001,1,364,EquipmentSkillItem,0
12530,8060011,806001,1,365,EquipmentSkillItem,0
12531,8060011,806001,1,366,EquipmentSkillItem,0
12532,8060011,806001,1,367,EquipmentSkillItem,0
12533,8060011,806001,1,368,EquipmentSkillItem,0
12534,8060011,806001,1,369,EquipmentSkillItem,0
12535,8060011,806001,1,373,EquipmentSkillItem,0
12536,8060011,806001,1,374,EquipmentSkillItem,0
12537,8060011,806001,1,375,EquipmentSkillItem,0
12538,8060011,806001,1,378,EquipmentSkillItem,0
12539,8060011,806001,1,379,EquipmentSkillItem,0
12540,8060011,806001,1,380,EquipmentSkillItem,0
12541,8060011,806001,1,381,EquipmentSkillItem,0
12542,8060011,806001,1,382,EquipmentSkillItem,0
12543,8060011,806001,1,383,EquipmentSkillItem,0
12544,8060011,806001,1,384,EquipmentSkillItem,0
12545,8060011,806001,1,385,EquipmentSkillItem,0
12546,8060011,806001,1,386,EquipmentSkillItem,0
12547,8060011,806001,1,387,EquipmentSkillItem,0
12548,8060011,806001,1,388,EquipmentSkillItem,0
12549,8060011,806001,1,389,EquipmentSkillItem,0
12550,8060011,806001,1,390,EquipmentSkillItem,0
12551,8060011,806001,1,391,EquipmentSkillItem,0
12552,8060011,806001,1,392,EquipmentSkillItem,0
12553,8060011,806001,1,393,EquipmentSkillItem,0
12554,8060011,806001,1,394,EquipmentSkillItem,0
12555,8060011,806001,1,398,EquipmentSkillItem,0
12556,8060011,806001,1,399,EquipmentSkillItem,0
12557,8060011,806001,1,400,EquipmentSkillItem,0
12558,8060011,806001,1,403,EquipmentSkillItem,0
12559,8060011,806001,1,404,EquipmentSkillItem,0
12560,8060011,806001,1,405,EquipmentSkillItem,0
12561,8060011,806001,1,406,EquipmentSkillItem,0
12562,8060011,806001,1,407,EquipmentSkillItem,0
12563,8060011,806001,1,408,EquipmentSkillItem,0
12564,8060011,806001,1,409,EquipmentSkillItem,0
12565,8060011,806001,1,410,EquipmentSkillItem,0
12566,8060011,806001,1,411,EquipmentSkillItem,0
12567,8060011,806001,1,412,EquipmentSkillItem,0
12568,8060011,806001,1,413,EquipmentSkillItem,0
12569,8060011,806001,1,414,EquipmentSkillItem,0
12570,8060011,806001,1,415,EquipmentSkillItem,0
12571,8060011,806001,1,416,EquipmentSkillItem,0
12572,8060011,806001,1,417,EquipmentSkillItem,0
12573,8060011,806001,1,418,EquipmentSkillItem,0
12574,8060011,806001,1,419,EquipmentSkillItem,0
12575,8060011,806001,1,423,EquipmentSkillItem,0
12576,8060011,806001,1,424,EquipmentSkillItem,0
12577,8060011,806001,1,425,EquipmentSkillItem,0
12578,8060011,806001,1,428,EquipmentSkillItem,0
12579,8060011,806001,1,429,EquipmentSkillItem,0
12580,8060011,806001,1,430,EquipmentSkillItem,0
12581,8060011,806001,1,431,EquipmentSkillItem,0
12582,8060011,806001,1,432,EquipmentSkillItem,0
12583,8060011,806001,1,433,EquipmentSkillItem,0
12584,8060011,806001,1,434,EquipmentSkillItem,0
12585,8060011,806001,1,435,EquipmentSkillItem,0
12586,8060011,806001,1,436,EquipmentSkillItem,0
12587,8060011,806001,1,437,EquipmentSkillItem,0
12588,8060011,806001,1,438,EquipmentSkillItem,0
12589,8060011,806001,1,439,EquipmentSkillItem,0
12590,8060011,806001,1,440,EquipmentSkillItem,0
12591,8060011,806001,1,441,EquipmentSkillItem,0
12592,8060011,806001,1,442,EquipmentSkillItem,0
12593,8060011,806001,1,443,EquipmentSkillItem,0
12594,8060011,806001,1,444,EquipmentSkillItem,0
12595,8060011,806001,1,448,EquipmentSkillItem,0
12596,8060011,806001,1,449,EquipmentSkillItem,0
12597,8060011,806001,1,450,EquipmentSkillItem,0
12598,8060011,806001,1,453,EquipmentSkillItem,0
12599,8060011,806001,1,454,EquipmentSkillItem,0
12600,8060011,806001,1,455,EquipmentSkillItem,0
12601,8060011,806001,1,456,EquipmentSkillItem,0
12602,8060011,806001,1,457,EquipmentSkillItem,0
12603,8060011,806001,1,458,EquipmentSkillItem,0
12604,8060011,806001,1,459,EquipmentSkillItem,0
12605,8060011,806001,1,460,EquipmentSkillItem,0
12606,8060011,806001,1,461,EquipmentSkillItem,0
12607,8060011,806001,1,462,EquipmentSkillItem,0
12608,8060011,806001,1,463,EquipmentSkillItem,0
12609,8060011,806001,1,464,EquipmentSkillItem,0
12610,8060011,806001,1,465,EquipmentSkillItem,0
12611,8060011,806001,1,466,EquipmentSkillItem,0
12612,8060011,806001,1,467,EquipmentSkillItem,0
12613,8060011,806001,1,468,EquipmentSkillItem,0
12614,8060011,806001,1,469,EquipmentSkillItem,0
12615,8060011,806001,1,473,EquipmentSkillItem,0
12616,8060011,806001,1,474,EquipmentSkillItem,0
12617,8060011,806001,1,475,EquipmentSkillItem,0
12618,8060011,806001,1,478,EquipmentSkillItem,0
12619,8060011,806001,1,479,EquipmentSkillItem,0
12620,8060011,806001,1,480,EquipmentSkillItem,0
12621,8060011,806001,1,481,EquipmentSkillItem,0
12622,8060011,806001,1,482,EquipmentSkillItem,0
12623,8060011,806001,1,483,EquipmentSkillItem,0
12624,8060011,806001,1,484,EquipmentSkillItem,0
12625,8060011,806001,1,485,EquipmentSkillItem,0
12626,8060011,806001,1,486,EquipmentSkillItem,0
12627,8060011,806001,1,487,EquipmentSkillItem,0
12628,8060011,806001,1,488,EquipmentSkillItem,0
12629,8060011,806001,1,489,EquipmentSkillItem,0
12630,8060011,806001,1,490,EquipmentSkillItem,0
12631,8060011,806001,1,491,EquipmentSkillItem,0
12632,8060011,806001,1,492,EquipmentSkillItem,0
12633,8060011,806001,1,493,EquipmentSkillItem,0
12634,8060011,806001,1,494,EquipmentSkillItem,0
12635,8060011,806001,1,498,EquipmentSkillItem,0
12636,8060011,806001,1,499,EquipmentSkillItem,0
12637,8060011,806001,1,500,EquipmentSkillItem,0
12638,8060011,806001,1,503,EquipmentSkillItem,0
12639,8060011,806001,1,504,EquipmentSkillItem,0
12640,8060011,806001,1,505,EquipmentSkillItem,0
12641,8060011,806001,1,506,EquipmentSkillItem,0
12642,8060011,806001,1,507,EquipmentSkillItem,0
12643,8060011,806001,1,508,EquipmentSkillItem,0
12644,8060011,806001,1,509,EquipmentSkillItem,0
12645,8060011,806001,1,510,EquipmentSkillItem,0
12646,8060011,806001,1,511,EquipmentSkillItem,0
12647,8060011,806001,1,512,EquipmentSkillItem,0
12648,8060011,806001,1,513,EquipmentSkillItem,0
12649,8060011,806001,1,514,EquipmentSkillItem,0
12650,8060011,806001,1,515,EquipmentSkillItem,0
12651,8060011,806001,1,516,EquipmentSkillItem,0
12652,8060011,806001,1,517,EquipmentSkillItem,0
12653,8060011,806001,1,518,EquipmentSkillItem,0
12654,8060011,806001,1,519,EquipmentSkillItem,0
12655,8060011,806001,1,523,EquipmentSkillItem,0
12656,8060011,806001,1,524,EquipmentSkillItem,0
12657,8060011,806001,1,525,EquipmentSkillItem,0
12658,8060011,806001,1,528,EquipmentSkillItem,0
12659,8060011,806001,1,529,EquipmentSkillItem,0
12660,8060011,806001,1,530,EquipmentSkillItem,0
12661,8060011,806001,1,531,EquipmentSkillItem,0
12662,8060011,806001,1,532,EquipmentSkillItem,0
12663,8060011,806001,1,533,EquipmentSkillItem,0
12664,8060011,806001,1,534,EquipmentSkillItem,0
12665,8060011,806001,1,535,EquipmentSkillItem,0
12666,8060011,806001,1,536,EquipmentSkillItem,0
12667,8060011,806001,1,537,EquipmentSkillItem,0
12668,8060011,806001,1,538,EquipmentSkillItem,0
12669,8060011,806001,1,539,EquipmentSkillItem,0
12670,8060011,806001,1,540,EquipmentSkillItem,0
12671,8060011,806001,1,541,EquipmentSkillItem,0
12672,8060011,806001,1,542,EquipmentSkillItem,0
12673,8060011,806001,1,543,EquipmentSkillItem,0
12674,8060011,806001,1,544,EquipmentSkillItem,0
12675,8060011,806001,1,548,EquipmentSkillItem,0
12676,8060011,806001,1,549,EquipmentSkillItem,0
12677,8060011,806001,1,550,EquipmentSkillItem,0
12678,8060011,806001,1,553,EquipmentSkillItem,0
12679,8060011,806001,1,554,EquipmentSkillItem,0
12680,8060011,806001,1,555,EquipmentSkillItem,0
12681,8060011,806001,1,556,EquipmentSkillItem,0
12682,8060011,806001,1,557,EquipmentSkillItem,0
12683,8060011,806001,1,558,EquipmentSkillItem,0
12684,8060011,806001,1,559,EquipmentSkillItem,0
12685,8060011,806001,1,560,EquipmentSkillItem,0
12686,8060011,806001,1,561,EquipmentSkillItem,0
12687,8060011,806001,1,562,EquipmentSkillItem,0
12688,8060011,806001,1,563,EquipmentSkillItem,0
12689,8060011,806001,1,564,EquipmentSkillItem,0
12690,8060011,806001,1,565,EquipmentSkillItem,0
12691,8060011,806001,1,566,EquipmentSkillItem,0
12692,8060011,806001,1,567,EquipmentSkillItem,0
12693,8060011,806001,1,568,EquipmentSkillItem,0
12694,8060011,806001,1,569,EquipmentSkillItem,0
12695,8060011,806001,1,573,EquipmentSkillItem,0
12696,8060011,806001,1,574,EquipmentSkillItem,0
12697,8060011,806001,1,575,EquipmentSkillItem,0
12698,8060011,806001,1,578,EquipmentSkillItem,0
12699,8060011,806001,1,579,EquipmentSkillItem,0
12700,8060011,806001,1,580,EquipmentSkillItem,0
12701,8060011,806001,1,581,EquipmentSkillItem,0
12702,8060011,806001,1,582,EquipmentSkillItem,0
12703,8060011,806001,1,583,EquipmentSkillItem,0
12704,8060011,806001,1,584,EquipmentSkillItem,0
12705,8060011,806001,1,585,EquipmentSkillItem,0
12706,8060011,806001,1,586,EquipmentSkillItem,0
12707,8060011,806001,1,587,EquipmentSkillItem,0
12708,8060011,806001,1,588,EquipmentSkillItem,0
12709,8060011,806001,1,589,EquipmentSkillItem,0
12710,8060011,806001,1,590,EquipmentSkillItem,0
12711,8060011,806001,1,591,EquipmentSkillItem,0
12712,8060011,806001,1,592,EquipmentSkillItem,0
12713,8060011,806001,1,593,EquipmentSkillItem,0
12714,8060011,806001,1,594,EquipmentSkillItem,0
12715,8060011,806001,1,598,EquipmentSkillItem,0
12716,8060011,806001,1,599,EquipmentSkillItem,0
12717,8060011,806001,1,600,EquipmentSkillItem,0
12718,8060011,806001,1,603,EquipmentSkillItem,0
12719,8060011,806001,1,604,EquipmentSkillItem,0
12720,8060011,806001,1,605,EquipmentSkillItem,0
12721,8060011,806001,1,606,EquipmentSkillItem,0
12722,8060011,806001,1,607,EquipmentSkillItem,0
12723,8060011,806001,1,608,EquipmentSkillItem,0
12724,8060011,806001,1,609,EquipmentSkillItem,0
12725,8060011,806001,1,610,EquipmentSkillItem,0
12726,8060011,806001,1,611,EquipmentSkillItem,0
12727,8060011,806001,1,612,EquipmentSkillItem,0
12728,8060011,806001,1,613,EquipmentSkillItem,0
12729,8060011,806001,1,614,EquipmentSkillItem,0
12730,8060011,806001,1,615,EquipmentSkillItem,0
12731,8060011,806001,1,616,EquipmentSkillItem,0
12732,8060011,806001,1,617,EquipmentSkillItem,0
12733,8060011,806001,1,618,EquipmentSkillItem,0
12734,8060011,806001,1,619,EquipmentSkillItem,0
12735,8060011,806001,1,623,EquipmentSkillItem,0
12736,8060011,806001,1,624,EquipmentSkillItem,0
12737,8060011,806001,1,625,EquipmentSkillItem,0
12738,8060011,806001,1,628,EquipmentSkillItem,0
12739,8060011,806001,1,629,EquipmentSkillItem,0
12740,8060011,806001,1,630,EquipmentSkillItem,0
12741,8060011,806001,1,631,EquipmentSkillItem,0
12742,8060011,806001,1,632,EquipmentSkillItem,0
12743,8060011,806001,1,633,EquipmentSkillItem,0
12744,8060011,806001,1,634,EquipmentSkillItem,0
12745,8060011,806001,1,635,EquipmentSkillItem,0
12746,8060011,806001,1,636,EquipmentSkillItem,0
12747,8060011,806001,1,637,EquipmentSkillItem,0
12748,8060011,806001,1,638,EquipmentSkillItem,0
12749,8060011,806001,1,639,EquipmentSkillItem,0
12750,8060011,806001,1,640,EquipmentSkillItem,0
12751,8060011,806001,1,641,EquipmentSkillItem,0
12752,8060011,806001,1,642,EquipmentSkillItem,0
12753,8060011,806001,1,643,EquipmentSkillItem,0
12754,8060011,806001,1,644,EquipmentSkillItem,0
12755,8060011,806001,1,648,EquipmentSkillItem,0
12756,8060011,806001,1,649,EquipmentSkillItem,0
12757,8060011,806001,1,650,EquipmentSkillItem,0
12758,8060011,806001,1,653,EquipmentSkillItem,0
12759,8060011,806001,1,654,EquipmentSkillItem,0
12760,8060011,806001,1,655,EquipmentSkillItem,0
12761,8060011,806001,1,656,EquipmentSkillItem,0
12762,8060011,806001,1,657,EquipmentSkillItem,0
12763,8060011,806001,1,658,EquipmentSkillItem,0
12764,8060011,806001,1,659,EquipmentSkillItem,0
12765,8060011,806001,1,660,EquipmentSkillItem,0
12766,8060011,806001,1,661,EquipmentSkillItem,0
12767,8060011,806001,1,662,EquipmentSkillItem,0
12768,8060011,806001,1,663,EquipmentSkillItem,0
12769,8060011,806001,1,664,EquipmentSkillItem,0
12770,8060011,806001,1,665,EquipmentSkillItem,0
12771,8060011,806001,1,666,EquipmentSkillItem,0
12772,8060011,806001,1,667,EquipmentSkillItem,0
12773,8060011,806001,1,668,EquipmentSkillItem,0
12774,8060011,806001,1,669,EquipmentSkillItem,0
12775,8060011,806001,1,673,EquipmentSkillItem,0
12776,8060011,806001,1,674,EquipmentSkillItem,0
12777,8060011,806001,1,675,EquipmentSkillItem,0
12778,8060011,806001,1,678,EquipmentSkillItem,0
12779,8060011,806001,1,679,EquipmentSkillItem,0
12780,8060011,806001,1,680,EquipmentSkillItem,0
12781,8060011,806001,1,681,EquipmentSkillItem,0
12782,8060011,806001,1,682,EquipmentSkillItem,0
12783,8060011,806001,1,683,EquipmentSkillItem,0
12784,8060011,806001,1,684,EquipmentSkillItem,0
12785,8060011,806001,1,685,EquipmentSkillItem,0
12786,8060011,806001,1,686,EquipmentSkillItem,0
12787,8060011,806001,1,687,EquipmentSkillItem,0
12788,8060011,806001,1,688,EquipmentSkillItem,0
12789,8060011,806001,1,689,EquipmentSkillItem,0
12790,8060011,806001,1,690,EquipmentSkillItem,0
12791,8060011,806001,1,691,EquipmentSkillItem,0
12792,8060011,806001,1,692,EquipmentSkillItem,0
12793,8060011,806001,1,693,EquipmentSkillItem,0
12794,8060011,806001,1,694,EquipmentSkillItem,0
12795,8060011,806001,1,698,EquipmentSkillItem,0
12796,8060011,806001,1,699,EquipmentSkillItem,0
12797,8060011,806001,1,700,EquipmentSkillItem,0
12798,8060011,806001,1,703,EquipmentSkillItem,0
12799,8060011,806001,1,704,EquipmentSkillItem,0
12800,8060011,806001,1,705,EquipmentSkillItem,0
12801,8060011,806001,1,706,EquipmentSkillItem,0
12802,8060011,806001,1,707,EquipmentSkillItem,0
12803,8060011,806001,1,708,EquipmentSkillItem,0
12804,8060011,806001,1,709,EquipmentSkillItem,0
12805,8060011,806001,1,710,EquipmentSkillItem,0
12806,8060011,806001,1,711,EquipmentSkillItem,0
12807,8060011,806001,1,712,EquipmentSkillItem,0
12808,8060011,806001,1,713,EquipmentSkillItem,0
12809,8060011,806001,1,714,EquipmentSkillItem,0
12810,8060011,806001,1,715,EquipmentSkillItem,0
12811,8060011,806001,1,716,EquipmentSkillItem,0
12812,8060011,806001,1,717,EquipmentSkillItem,0
12813,8060011,806001,1,718,EquipmentSkillItem,0
12814,8060011,806001,1,719,EquipmentSkillItem,0
12815,8060011,806001,1,723,EquipmentSkillItem,0
12816,8060011,806001,1,724,EquipmentSkillItem,0
12817,8060011,806001,1,725,EquipmentSkillItem,0
12818,8060011,806001,1,728,EquipmentSkillItem,0
12819,8060011,806001,1,729,EquipmentSkillItem,0
12820,8060011,806001,1,730,EquipmentSkillItem,0
12821,8060011,806001,1,731,EquipmentSkillItem,0
12822,8060011,806001,1,732,EquipmentSkillItem,0
12823,8060011,806001,1,733,EquipmentSkillItem,0
12824,8060011,806001,1,734,EquipmentSkillItem,0
12825,8060011,806001,1,735,EquipmentSkillItem,0
12826,8060011,806001,1,736,EquipmentSkillItem,0
12827,8060011,806001,1,737,EquipmentSkillItem,0
12828,8060011,806001,1,738,EquipmentSkillItem,0
12829,8060011,806001,1,739,EquipmentSkillItem,0
12830,8060011,806001,1,740,EquipmentSkillItem,0
12831,8060011,806001,1,741,EquipmentSkillItem,0
12832,8060011,806001,1,742,EquipmentSkillItem,0
12833,8060011,806001,1,743,EquipmentSkillItem,0
12834,8060011,806001,1,744,EquipmentSkillItem,0
12835,8060011,806001,1,748,EquipmentSkillItem,0
12836,8060011,806001,1,749,EquipmentSkillItem,0
12837,8060011,806001,1,750,EquipmentSkillItem,0
12838,8060011,806001,1,753,EquipmentSkillItem,0
12839,8060011,806001,1,754,EquipmentSkillItem,0
12840,8060011,806001,1,755,EquipmentSkillItem,0
12841,8060011,806001,1,756,EquipmentSkillItem,0
12842,8060011,806001,1,757,EquipmentSkillItem,0
12843,8060011,806001,1,758,EquipmentSkillItem,0
12844,8060011,806001,1,759,EquipmentSkillItem,0
12845,8060011,806001,1,760,EquipmentSkillItem,0
12846,8060011,806001,1,761,EquipmentSkillItem,0
12847,8060011,806001,1,762,EquipmentSkillItem,0
12848,8060011,806001,1,763,EquipmentSkillItem,0
12849,8060011,806001,1,764,EquipmentSkillItem,0
12850,8060011,806001,1,765,EquipmentSkillItem,0
12851,8060011,806001,1,766,EquipmentSkillItem,0
12852,8060011,806001,1,767,EquipmentSkillItem,0
12853,8060011,806001,1,768,EquipmentSkillItem,0
12854,8060011,806001,1,769,EquipmentSkillItem,0
12855,8060011,806001,1,773,EquipmentSkillItem,0
12856,8060011,806001,1,774,EquipmentSkillItem,0
12857,8060011,806001,1,775,EquipmentSkillItem,0
12858,8060011,806001,1,778,EquipmentSkillItem,0
12859,8060011,806001,1,779,EquipmentSkillItem,0
12860,8060011,806001,1,780,EquipmentSkillItem,0
12861,8060011,806001,1,781,EquipmentSkillItem,0
12862,8060011,806001,1,782,EquipmentSkillItem,0
12863,8060011,806001,1,783,EquipmentSkillItem,0
12864,8060011,806001,1,784,EquipmentSkillItem,0
12865,8060011,806001,1,785,EquipmentSkillItem,0
12866,8060011,806001,1,786,EquipmentSkillItem,0
12867,8060011,806001,1,787,EquipmentSkillItem,0
12868,8060011,806001,1,788,EquipmentSkillItem,0
12869,8060011,806001,1,789,EquipmentSkillItem,0
12870,8060011,806001,1,790,EquipmentSkillItem,0
12871,8060011,806001,1,791,EquipmentSkillItem,0
12872,8060011,806001,1,792,EquipmentSkillItem,0
12873,8060011,806001,1,793,EquipmentSkillItem,0
12874,8060011,806001,1,794,EquipmentSkillItem,0
12875,8060011,806001,1,798,EquipmentSkillItem,0
12876,8060011,806001,1,799,EquipmentSkillItem,0
12877,8060011,806001,1,800,EquipmentSkillItem,0
12878,8060011,806001,1,803,EquipmentSkillItem,0
12879,8060011,806001,1,804,EquipmentSkillItem,0
12880,8060011,806001,1,805,EquipmentSkillItem,0
12881,8060011,806001,1,806,EquipmentSkillItem,0
12882,8060011,806001,1,807,EquipmentSkillItem,0
12883,8060011,806001,1,808,EquipmentSkillItem,0
12884,8060011,806001,1,809,EquipmentSkillItem,0
12885,8060011,806001,1,810,EquipmentSkillItem,0
12886,8060011,806001,1,811,EquipmentSkillItem,0
12887,8060011,806001,1,812,EquipmentSkillItem,0
12888,8060011,806001,1,813,EquipmentSkillItem,0
12889,8060011,806001,1,814,EquipmentSkillItem,0
12890,8060011,806001,1,815,EquipmentSkillItem,0
12891,8060011,806001,1,816,EquipmentSkillItem,0
12892,8060011,806001,1,817,EquipmentSkillItem,0
12893,8060011,806001,1,818,EquipmentSkillItem,0
12894,8060011,806001,1,819,EquipmentSkillItem,0
12895,8060011,806001,1,823,EquipmentSkillItem,0
12896,8060011,806001,1,824,EquipmentSkillItem,0
12897,8060011,806001,1,825,EquipmentSkillItem,0
12898,8060011,806001,1,828,EquipmentSkillItem,0
12899,8060011,806001,1,829,EquipmentSkillItem,0
12900,8060011,806001,1,830,EquipmentSkillItem,0
12901,8060011,806001,1,831,EquipmentSkillItem,0
12902,8060011,806001,1,832,EquipmentSkillItem,0
12903,8060011,806001,1,833,EquipmentSkillItem,0
12904,8060011,806001,1,834,EquipmentSkillItem,0
12905,8060011,806001,1,835,EquipmentSkillItem,0
12906,8060011,806001,1,836,EquipmentSkillItem,0
12907,8060011,806001,1,837,EquipmentSkillItem,0
12908,8060011,806001,1,838,EquipmentSkillItem,0
12909,8060011,806001,1,839,EquipmentSkillItem,0
12910,8060011,806001,1,840,EquipmentSkillItem,0
12911,8060011,806001,1,841,EquipmentSkillItem,0
12912,8060011,806001,1,842,EquipmentSkillItem,0
12913,8060011,806001,1,843,EquipmentSkillItem,0
12914,8060011,806001,1,844,EquipmentSkillItem,0
12915,9010010,901001,0,32303,AwakeningItem,0
12916,9010012,901001,1,32303,AwakeningItem,0
12917,9010020,901002,0,32302,AwakeningItem,0
12918,9010022,901002,1,32302,AwakeningItem,0
12919,9010030,901003,0,32304,AwakeningItem,0
12920,9010032,901003,1,32304,AwakeningItem,0
12921,9010040,901004,1,1030030,Card,0
12922,9010040,901004,1,600,TrainingItem,0
12923,9010042,901004,1,1030030,Card,0
12924,9010042,901004,1,800,TrainingItem,0
12925,9010050,901005,1,1022771,Card,0
12926,9010050,901005,1,2000020,Card,0
12927,9010052,901005,1,1022771,Card,0
12928,9010052,901005,1,804,TrainingItem,0
12929,9010060,901006,1,1030070,Card,0
12930,9010060,901006,1,603,TrainingItem,0
12931,9010062,901006,1,1030070,Card,0
12932,9010062,901006,1,803,TrainingItem,0
12933,9010070,901007,1,1030110,Card,0
12934,9010070,901007,1,604,TrainingItem,0
12935,9010070,901007,1,1030090,Card,0
12936,9010070,901007,1,601,TrainingItem,0
12937,9010072,901007,1,1030110,Card,0
12938,9010072,901007,1,804,TrainingItem,0
12939,9010072,901007,1,1030090,Card,0
12940,9010072,901007,1,801,TrainingItem,0
12941,9010080,901008,1,1030050,Card,0
12942,9010080,901008,1,602,TrainingItem,0
12943,9010082,901008,1,1030050,Card,0
12944,9010082,901008,1,802,TrainingItem,0
12945,9010090,901009,1,1007760,Card,0
12946,9010090,901009,1,32305,AwakeningItem,0
12947,9010090,901009,1,602,TrainingItem,0
12948,9010092,901009,1,1007760,Card,0
12949,9010092,901009,1,32305,AwakeningItem,0
12950,9010100,901010,1,1007750,Card,0
12951,9010100,901010,1,603,TrainingItem,0
12952,9010102,901010,1,1007750,Card,0
12953,9010102,901010,1,803,TrainingItem,0
12954,9010110,901011,0,90102,AwakeningItem,0
12955,9010112,901011,1,90102,AwakeningItem,0
12956,9010120,901012,0,32301,AwakeningItem,0
12957,9010122,901012,1,32301,AwakeningItem,0
12958,9020010,902001,0,2,TreasureItem,0
12959,9020012,902001,0,2,TreasureItem,0
12960,9020020,902002,0,2,TreasureItem,0
12961,9020020,902002,1,1007300,Card,0
12962,9020022,902002,0,2,TreasureItem,0
12963,9020022,902002,1,1007300,Card,0
12964,9020030,902003,0,32201,AwakeningItem,0
12965,9020032,902003,1,32201,AwakeningItem,0
12966,9020040,902004,1,30002,SupportMemory,0
12967,9020042,902004,1,30002,SupportMemory,0
12968,9020050,902005,0,2,TreasureItem,0
12969,9020052,902005,1,2,TreasureItem,0
12970,9020060,902006,0,32202,AwakeningItem,0
12971,9020060,902006,0,2,TreasureItem,0
12972,9020062,902006,1,32202,AwakeningItem,0
12973,9020062,902006,0,2,TreasureItem,0
12974,9020070,902007,1,2,TreasureItem,0
12975,9020072,902007,1,2,TreasureItem,0
12976,9020080,902008,0,32203,AwakeningItem,0
12977,9020080,902008,0,2,TreasureItem,0
12978,9020082,902008,1,32203,AwakeningItem,0
12979,9020082,902008,1,2,TreasureItem,0
12980,9020090,902009,1,1005920,Card,0
12981,9020090,902009,0,2,TreasureItem,0
12982,9020092,902009,1,1005920,Card,0
12983,9020092,902009,0,2,TreasureItem,0
12984,9020100,902010,0,32204,AwakeningItem,0
12985,9020102,902010,1,32204,AwakeningItem,0
12986,9030010,903001,1,1003890,Card,0
12987,9030010,903001,1,602,TrainingItem,0
12988,9030012,903001,1,1003890,Card,0
12989,9030012,903001,1,802,TrainingItem,0
12990,9030020,903002,1,3141,AwakeningItem,0
12991,9030020,903002,1,602,TrainingItem,0
12992,9030022,903002,1,3141,AwakeningItem,0
12993,9030030,903003,1,3146,AwakeningItem,0
12994,9030030,903003,1,602,TrainingItem,0
12995,9030032,903003,1,3146,AwakeningItem,0
12996,9030040,903004,1,3143,AwakeningItem,0
12997,9030040,903004,1,602,TrainingItem,0
12998,9030040,903004,1,3144,AwakeningItem,0
12999,9030042,903004,1,3143,AwakeningItem,0
13000,9030042,903004,1,3144,AwakeningItem,0
13001,9030050,903005,1,3147,AwakeningItem,0
13002,9030050,903005,1,602,TrainingItem,0
13003,9030052,903005,1,3147,AwakeningItem,0
13004,9030060,903006,1,3145,AwakeningItem,0
13005,9030060,903006,1,602,TrainingItem,0
13006,9030062,903006,1,3145,AwakeningItem,0
13007,9030070,903007,1,3142,AwakeningItem,0
13008,9030070,903007,1,602,TrainingItem,0
13009,9030072,903007,1,3142,AwakeningItem,0
13010,9040010,904001,1,700,TrainingItem,0
13011,9040010,904001,1,701,TrainingItem,0
13012,9040010,904001,1,702,TrainingItem,0
13013,9040010,904001,1,703,TrainingItem,0
13014,9040010,904001,1,704,TrainingItem,0
13015,9040012,904001,1,900,TrainingItem,0
13016,9040012,904001,1,901,TrainingItem,0
13017,9040012,904001,1,902,TrainingItem,0
13018,9040012,904001,1,903,TrainingItem,0
13019,9040012,904001,1,904,TrainingItem,0
13020,9040020,904002,1,4,TrainingField,0
13021,9040020,904002,1,5,TrainingField,0
13022,9040022,904002,1,8,TrainingField,0
13023,9040022,904002,1,6,TrainingField,0
13024,9040030,904003,0,3061,AwakeningItem,0
13025,9040032,904003,0,3061,AwakeningItem,0
13026,9040040,904004,0,3062,AwakeningItem,0
13027,9040042,904004,0,3062,AwakeningItem,0
13028,9040050,904005,0,3063,AwakeningItem,0
13029,9040052,904005,0,3063,AwakeningItem,0
13030,9040060,904006,0,3064,AwakeningItem,0
13031,9040062,904006,0,3064,AwakeningItem,0
13032,9040070,904007,1,9,AwakeningItem,0
13033,9040070,904007,1,10,AwakeningItem,0
13034,9040070,904007,1,11,AwakeningItem,0
13035,9040070,904007,1,12,AwakeningItem,0
13036,9040070,904007,1,13,AwakeningItem,0
13037,9040072,904007,1,14,AwakeningItem,0
13038,9040072,904007,1,15,AwakeningItem,0
13039,9040072,904007,1,16,AwakeningItem,0
13040,9040072,904007,1,17,AwakeningItem,0
13041,9040072,904007,1,18,AwakeningItem,0
13042,9040080,904008,1,1002690,Card,0
13043,9040080,904008,1,604,TrainingItem,0
13044,9040082,904008,1,1002690,Card,0
13045,9040082,904008,1,804,TrainingItem,0
13046,9040090,904009,0,3065,AwakeningItem,0
13047,9040090,904009,0,3066,AwakeningItem,0
13048,9040092,904009,0,3065,AwakeningItem,0
13049,9040092,904009,0,3066,AwakeningItem,0
13050,9040100,904010,1,1002650,Card,11333
13051,9040100,904010,1,1002640,Card,93879
13052,9040102,904010,1,1002650,Card,11333
13053,9040102,904010,1,1002640,Card,93879
13054,9040102,904010,1,1002630,Card,765122
13055,9050010,905001,1,1013150,Card,0
13056,9050010,905001,1,603,TrainingItem,0
13057,9050012,905001,1,1013150,Card,0
13058,9050012,905001,1,803,TrainingItem,0
13059,9050020,905002,0,1800,SupportItem,0
13060,9050022,905002,0,1801,SupportItem,0
13061,9050030,905003,1,6,SupportItem,0
13062,9050030,905003,1,6,TrainingField,0
13063,9050032,905003,1,6,SupportItem,0
13064,9050032,905003,1,6,TrainingField,0
13065,9050032,905003,1,7,TrainingField,0
13066,9050040,905004,0,1000,SupportItem,0
13067,9050042,905004,0,1000,SupportItem,0
13068,9050050,905005,1,4,AwakeningItem,0
13069,9050050,905005,1,5,AwakeningItem,0
13070,9050050,905005,1,6,AwakeningItem,0
13071,9050050,905005,1,7,AwakeningItem,0
13072,9050050,905005,1,8,AwakeningItem,0
13073,9050052,905005,1,9,AwakeningItem,0
13074,9050052,905005,1,10,AwakeningItem,0
13075,9050052,905005,1,11,AwakeningItem,0
13076,9050052,905005,1,12,AwakeningItem,0
13077,9050052,905005,1,13,AwakeningItem,0
13078,9050062,905006,1,803,TrainingItem,0
13079,9050070,905007,1,33901,AwakeningItem,0
13080,9050070,905007,1,603,TrainingItem,0
13081,9050072,905007,1,33901,AwakeningItem,0
13082,9050082,905008,1,22,PotentialItem,0
13083,9050082,905008,1,23,PotentialItem,0
13084,9050082,905008,1,24,PotentialItem,0
13085,9060010,906001,1,3072,AwakeningItem,0
13086,9060012,906001,1,3072,AwakeningItem,0
13087,9060020,906002,1,3073,AwakeningItem,0
13088,9060022,906002,1,3073,AwakeningItem,0
13089,9060030,906003,0,6,SupportItem,0
13090,9060032,906003,0,6,SupportItem,0
13091,9060040,906004,1,3071,AwakeningItem,0
13092,9060042,906004,1,3071,AwakeningItem,0
13093,9060050,906005,1,1018070,Card,0
13094,9060050,906005,1,601,TrainingItem,0
13095,9060052,906005,1,1018070,Card,0
13096,9060052,906005,1,801,TrainingItem,0
13097,9060060,906006,1,3074,AwakeningItem,0
13098,9060062,906006,1,3074,AwakeningItem,0
13099,9060070,906007,1,3075,AwakeningItem,0
13100,9060072,906007,1,3075,AwakeningItem,0
13101,9070010,907001,1,50002,SupportMemory,0
13102,9070010,907001,0,32601,SupportItem,0
13103,9070012,907001,1,50002,SupportMemory,0
13104,9070012,907001,0,32601,SupportItem,0
13105,9070020,907002,1,4,AwakeningItem,0
13106,9070020,907002,1,5,AwakeningItem,0
13107,9070020,907002,1,6,AwakeningItem,0
13108,9070020,907002,1,7,AwakeningItem,0
13109,9070020,907002,1,8,AwakeningItem,0
13110,9070022,907002,1,9,AwakeningItem,0
13111,9070022,907002,1,10,AwakeningItem,0
13112,9070022,907002,1,11,AwakeningItem,0
13113,9070022,907002,1,12,AwakeningItem,0
13114,9070022,907002,1,13,AwakeningItem,0
13115,9070030,907003,1,700,TrainingItem,0
13116,9070030,907003,1,701,TrainingItem,0
13117,9070030,907003,1,702,TrainingItem,0
13118,9070030,907003,1,703,TrainingItem,0
13119,9070030,907003,1,704,TrainingItem,0
13120,9070032,907003,1,900,TrainingItem,0
13121,9070032,907003,1,901,TrainingItem,0
13122,9070032,907003,1,902,TrainingItem,0
13123,9070032,907003,1,903,TrainingItem,0
13124,9070032,907003,1,904,TrainingItem,0
13125,9070040,907004,0,32601,AwakeningItem,0
13126,9070042,907004,0,32601,AwakeningItem,0
13127,9070050,907005,1,1004520,Card,0
13128,9070050,907005,1,603,TrainingItem,0
13129,9070052,907005,1,1004520,Card,0
13130,9070052,907005,1,803,TrainingItem,0
13131,9070060,907006,1,1008270,Card,0
13132,9070060,907006,1,600,TrainingItem,0
13133,9070060,907006,0,32604,AwakeningItem,0
13134,9070062,907006,1,1008270,Card,0
13135,9070062,907006,1,800,TrainingItem,0
13136,9070062,907006,0,32604,AwakeningItem,0
13137,9070070,907007,1,1017520,Card,0
13138,9070070,907007,1,604,TrainingItem,0
13139,9070070,907007,0,32603,AwakeningItem,0
13140,9070072,907007,1,1017520,Card,0
13141,9070072,907007,1,804,TrainingItem,0
13142,9070072,907007,0,32603,AwakeningItem,0
13143,9070080,907008,0,32602,AwakeningItem,0
13144,9070082,907008,0,32602,AwakeningItem,0
13145,9080010,908001,0,600,TrainingItem,0
13146,9080012,908001,0,800,TrainingItem,0
13147,9080020,908002,0,8,AwakeningItem,0
13148,9080022,908002,0,13,AwakeningItem,0
13149,9080032,908003,1,40,PotentialItem,0
13150,9080032,908003,1,41,PotentialItem,0
13151,9080032,908003,1,42,PotentialItem,0
13152,9080032,908003,1,1014670,Card,0
13153,9080040,908004,0,6,SupportItem,0
13154,9080042,908004,0,6,SupportItem,0
13155,9080050,908005,0,1800,SupportItem,0
13156,9080052,908005,0,1800,SupportItem,0
13157,9080060,908006,0,34601,AwakeningItem,0
13158,9080062,908006,0,34601,AwakeningItem,0
13159,9080070,908007,0,13,AwakeningItem,0
13160,9080072,908007,0,14,AwakeningItem,0
13161,9080080,908008,1,34601,SupportItem,0
13162,9080082,908008,1,34601,SupportItem,0
13163,9090010,909001,1,1026980,Card,0
13164,9090010,909001,1,601,TrainingItem,0
13165,9090012,909001,1,1026980,Card,0
13166,9090012,909001,1,801,TrainingItem,0
13167,9090020,909002,0,4,AwakeningItem,0
13168,9090022,909002,0,11,AwakeningItem,0
13169,9090030,909003,1,1100,SupportItem,0
13170,9090030,909003,1,1101,SupportItem,0
13171,9090032,909003,1,1100,SupportItem,0
13172,9090032,909003,1,1101,SupportItem,0
13173,9090040,909004,1,1103,SupportItem,0
13174,9090040,909004,1,1104,SupportItem,0
13175,9090040,909004,1,1102,SupportItem,0
13176,9090042,909004,1,1103,SupportItem,0
13177,9090042,909004,1,1104,SupportItem,0
13178,9090042,909004,1,1102,SupportItem,0
13179,9090050,909005,0,1503,SupportItem,0
13180,9090052,909005,0,1503,SupportItem,0
13181,9090060,909006,0,601,TrainingItem,0
13182,9090062,909006,0,801,TrainingItem,0
13183,9090070,909007,1,1902,SupportItem,0
13184,9090070,909007,1,1502,SupportItem,0
13185,9090072,909007,0,1902,SupportItem,0
13186,9090080,909008,0,11,AwakeningItem,0
13187,9090082,909008,0,18,AwakeningItem,0
13188,9090090,909009,0,701,TrainingItem,0
13189,9090092,909009,0,901,TrainingItem,0
13190,9110010,911001,0,1003960,Card,0
13191,9110012,911001,1,1003960,Card,0
13192,9110020,911002,0,3151,AwakeningItem,0
13193,9110022,911002,0,3151,AwakeningItem,0
13194,9110030,911003,0,31501,SupportItem,0
13195,9110032,911003,0,31501,SupportItem,0
13196,9110040,911004,1,1003930,Card,0
13197,9110040,911004,1,604,TrainingItem,0
13198,9110042,911004,1,1003930,Card,0
13199,9110042,911004,1,804,TrainingItem,0
13200,9110050,911005,0,12,AwakeningItem,0
13201,9110052,911005,0,16,AwakeningItem,0
13202,9110060,911006,1,2000750,Card,0
13203,9110060,911006,1,603,TrainingItem,0
13204,9110062,911006,1,2000750,Card,0
13205,9110062,911006,1,803,TrainingItem,0
13206,9110070,911007,0,31502,SupportItem,0
13207,9110072,911007,0,31502,SupportItem,0
13208,9110080,911008,0,30009,AwakeningItem,0
13209,9110082,911008,0,30009,AwakeningItem,0
13210,9110090,911009,0,91101,AwakeningItem,0
13211,9110092,911009,1,91101,AwakeningItem,0
13212,9120010,912001,0,32401,AwakeningItem,0
13213,9120012,912001,1,32401,AwakeningItem,0
13214,9120020,912002,1,1006280,Card,0
13215,9120020,912002,1,604,TrainingItem,0
13216,9120022,912002,1,1006280,Card,0
13217,9120022,912002,1,804,TrainingItem,0
13218,9120030,912003,0,32402,AwakeningItem,0
13219,9120032,912003,1,32402,AwakeningItem,0
13220,9120040,912004,1,30003,SupportMemory,0
13221,9120040,912004,0,3,TreasureItem,0
13222,9120042,912004,1,30003,SupportMemory,0
13223,9120042,912004,0,3,TreasureItem,0
13224,9120050,912005,0,32404,AwakeningItem,0
13225,9120052,912005,1,32404,AwakeningItem,0
13226,9120060,912006,1,1008020,Card,0
13227,9120060,912006,1,600,TrainingItem,0
13228,9120062,912006,1,1008020,Card,0
13229,9120062,912006,1,800,TrainingItem,0
13230,9120070,912007,0,32403,AwakeningItem,0
13231,9120072,912007,1,32403,AwakeningItem,0
13232,9120080,912008,1,3,TreasureItem,0
13233,9120082,912008,1,3,TreasureItem,0
13234,9130010,913001,0,1203,SupportItem,0
13235,9130012,913001,0,1203,SupportItem,0
13236,9130020,913002,1,1027530,Card,0
13237,9130020,913002,1,602,TrainingItem,0
13238,9130022,913002,1,1027530,Card,0
13239,9130022,913002,1,802,TrainingItem,0
13240,9130030,913003,1,700,TrainingItem,0
13241,9130030,913003,1,701,TrainingItem,0
13242,9130030,913003,1,702,TrainingItem,0
13243,9130030,913003,1,703,TrainingItem,0
13244,9130030,913003,1,704,TrainingItem,0
13245,9130030,913003,1,800,TrainingItem,0
13246,9130030,913003,1,801,TrainingItem,0
13247,9130030,913003,1,802,TrainingItem,0
13248,9130030,913003,1,803,TrainingItem,0
13249,9130030,913003,1,804,TrainingItem,0
13250,9130032,913003,1,900,TrainingItem,0
13251,9130032,913003,1,901,TrainingItem,0
13252,9130032,913003,1,902,TrainingItem,0
13253,9130032,913003,1,903,TrainingItem,0
13254,9130032,913003,1,904,TrainingItem,0
13255,9130032,913003,1,1000,TrainingItem,0
13256,9130032,913003,1,1001,TrainingItem,0
13257,9130032,913003,1,1002,TrainingItem,0
13258,9130032,913003,1,1003,TrainingItem,0
13259,9130032,913003,1,1004,TrainingItem,0
13260,9130040,913004,1,91302,AwakeningItem,0
13261,9130040,913004,1,602,TrainingItem,0
13262,9130042,913004,1,91302,AwakeningItem,0
13263,9130050,913005,1,1400,SupportItem,0
13264,9130050,913005,1,1401,SupportItem,0
13265,9130050,913005,1,1402,SupportItem,0
13266,9130050,913005,1,1403,SupportItem,0
13267,9130050,913005,1,1404,SupportItem,0
13268,9130052,913005,1,1400,SupportItem,0
13269,9130052,913005,1,1401,SupportItem,0
13270,9130052,913005,1,1402,SupportItem,0
13271,9130052,913005,1,1403,SupportItem,0
13272,9130052,913005,1,1404,SupportItem,0
13273,9130060,913006,0,1603,SupportItem,0
13274,9130062,913006,0,1603,SupportItem,0
13275,9130070,913007,1,91301,AwakeningItem,0
13276,9130070,913007,1,601,TrainingItem,0
13277,9130072,913007,1,91301,AwakeningItem,0
13278,9130080,913008,0,5,AwakeningItem,0
13279,9130082,913008,0,9,AwakeningItem,0
13280,9130090,913009,0,602,TrainingItem,0
13281,9130092,913009,0,802,TrainingItem,0
13282,9130100,913010,0,9,AwakeningItem,0
13283,9130102,913010,0,15,AwakeningItem,0
13284,9130110,913011,1,3,TrainingField,0
13285,9130110,913011,1,5,TrainingField,0
13286,9130112,913011,1,4,TrainingField,0
13287,9130112,913011,1,6,TrainingField,0
13288,9130120,913012,1,1002650,Card,11333
13289,9130120,913012,1,1002640,Card,93879
13290,9130122,913012,1,1002650,Card,11333
13291,9130122,913012,1,1002640,Card,93879
13292,9130122,913012,1,1002630,Card,765122
13293,9140010,914001,1,1012500,Card,0
13294,9140010,914001,1,604,TrainingItem,0
13295,9140012,914001,1,1012500,Card,0
13296,9140012,914001,1,804,TrainingItem,0
13297,9140020,914002,1,1012490,Card,0
13298,9140020,914002,1,602,TrainingItem,0
13299,9140022,914002,1,1012490,Card,0
13300,9140022,914002,1,802,TrainingItem,0
13301,9140030,914003,0,33801,AwakeningItem,0
13302,9140032,914003,1,33801,AwakeningItem,0
13303,9140040,914004,0,33802,AwakeningItem,0
13304,9140042,914004,1,33802,AwakeningItem,0
13305,9140052,914005,1,1012840,Card,0
13306,9140052,914005,1,801,TrainingItem,0
13307,9140060,914006,0,33801,SupportItem,0
13308,9140062,914006,0,33801,SupportItem,0
13309,9150010,915001,0,7,AwakeningItem,0
13310,9150012,915001,0,10,AwakeningItem,0
13311,9150020,915002,0,704,TrainingItem,0
13312,9150022,915002,0,904,TrainingItem,0
13313,9150030,915003,0,10,AwakeningItem,0
13314,9150032,915003,0,17,AwakeningItem,0
13315,9150040,915004,0,32102,SupportItem,0
13316,9150042,915004,0,32102,SupportItem,0
13317,9150050,915005,1,1028620,Card,0
13318,9150050,915005,1,604,TrainingItem,0
13319,9150052,915005,1,1028620,Card,0
13320,9150052,915005,1,804,TrainingItem,0
13321,9150060,915006,1,91501,AwakeningItem,0
13322,9150060,915006,1,604,TrainingItem,0
13323,9150062,915006,1,91501,AwakeningItem,0
13324,9160010,916001,0,1801,SupportItem,0
13325,9160012,916001,0,1801,SupportItem,0
13326,9160020,916002,1,1017150,Card,0
13327,9160020,916002,1,604,TrainingItem,0
13328,9160022,916002,1,1017150,Card,0
13329,9160022,916002,1,804,TrainingItem,0
13330,9160030,916003,1,36201,AwakeningItem,0
13331,9160030,916003,1,604,TrainingItem,0
13332,9160032,916003,1,36201,AwakeningItem,0
13333,9160040,916004,0,7,AwakeningItem,0
13334,9160042,916004,0,10,AwakeningItem,0
13335,9160050,916005,0,1000,SupportItem,0
13336,9160052,916005,0,1000,SupportItem,0
13337,9160060,916006,0,604,TrainingItem,0
13338,9160062,916006,0,804,TrainingItem,0
13339,9160070,916007,0,7,AwakeningItem,0
13340,9160072,916007,0,10,AwakeningItem,0
13341,9160080,916008,0,10,AwakeningItem,0
13342,9160082,916008,0,17,AwakeningItem,0
13343,9160090,916009,0,1600,SupportItem,0
13344,9160092,916009,0,1600,SupportItem,0
13345,9160102,916010,1,55,PotentialItem,0
13346,9160102,916010,1,56,PotentialItem,0
13347,9160102,916010,1,57,PotentialItem,0
13348,9160110,916011,0,36201,SupportItem,0
13349,9160112,916011,0,36201,SupportItem,0
13350,9160120,916012,0,704,TrainingItem,0
13351,9160122,916012,0,904,TrainingItem,0
13352,9170010,917001,1,91703,AwakeningItem,0
13353,9170010,917001,1,601,TrainingItem,0
13354,9170012,917001,1,91703,AwakeningItem,0
13355,9170020,917002,1,91702,AwakeningItem,0
13356,9170020,917002,1,601,TrainingItem,0
13357,9170022,917002,1,91702,AwakeningItem,0
13358,9170030,917003,1,1900,SupportItem,0
13359,9170030,917003,1,801,TrainingItem,0
13360,9170032,917003,1,1900,SupportItem,0
13361,9170032,917003,1,901,TrainingItem,0
13362,9170040,917004,0,11,AwakeningItem,0
13363,9170042,917004,0,18,AwakeningItem,0
13364,9170050,917005,0,601,TrainingItem,0
13365,9170052,917005,0,801,TrainingItem,0
13366,9170060,917006,0,6,SupportItem,0
13367,9170062,917006,0,6,SupportItem,0
13368,9170070,917007,0,2,TrainingField,0
13369,9170072,917007,0,2,TrainingField,0
13370,9170080,917008,1,91701,AwakeningItem,0
13371,9170080,917008,1,601,TrainingItem,0
13372,9170082,917008,1,91701,AwakeningItem,0
13373,9180010,918001,0,8,AwakeningItem,0
13374,9180012,918001,0,13,AwakeningItem,0
13375,9180020,918002,1,30505,SupportItem,0
13376,9180020,918002,1,700,TrainingItem,0
13377,9180022,918002,1,30505,SupportItem,0
13378,9180022,918002,1,900,TrainingItem,0
13379,9180030,918003,1,3048,AwakeningItem,0
13380,9180030,918003,1,600,TrainingItem,0
13381,9180030,918003,1,3049,AwakeningItem,0
13382,9180030,918003,1,601,TrainingItem,0
13383,9180030,918003,1,3050,AwakeningItem,0
13384,9180030,918003,1,602,TrainingItem,0
13385,9180030,918003,1,3051,AwakeningItem,0
13386,9180030,918003,1,603,TrainingItem,0
13387,9180032,918003,1,3048,AwakeningItem,0
13388,9180032,918003,1,3049,AwakeningItem,0
13389,9180032,918003,1,3050,AwakeningItem,0
13390,9180032,918003,1,3051,AwakeningItem,0
13391,9180040,918004,1,1028990,Card,0
13392,9180040,918004,1,600,TrainingItem,0
13393,9180042,918004,1,1028990,Card,0
13394,9180042,918004,1,800,TrainingItem,0
13395,9180050,918005,1,91801,AwakeningItem,0
13396,9180050,918005,1,600,TrainingItem,0
13397,9180052,918005,1,91801,AwakeningItem,0
13398,9180060,918006,0,13,AwakeningItem,0
13399,9180062,918006,0,14,AwakeningItem,0
13400,9180070,918007,1,3052,AwakeningItem,0
13401,9180070,918007,1,600,TrainingItem,0
13402,9180072,918007,1,3052,AwakeningItem,0
13403,9190010,919001,0,1505,SupportItem,0
13404,9190012,919001,0,1505,SupportItem,0
13405,9190020,919002,0,603,TrainingItem,0
13406,9190022,919002,0,803,TrainingItem,0
13407,9190030,919003,0,6,AwakeningItem,0
13408,9190032,919003,0,12,AwakeningItem,0
13409,9190040,919004,1,1029320,Card,0
13410,9190040,919004,1,603,TrainingItem,0
13411,9190042,919004,1,1029320,Card,0
13412,9190042,919004,1,803,TrainingItem,0
13413,9190050,919005,0,12,AwakeningItem,0
13414,9190052,919005,0,16,AwakeningItem,0
13415,9190060,919006,0,703,TrainingItem,0
13416,9190062,919006,0,903,TrainingItem,0
13417,9190070,919007,1,91901,AwakeningItem,0
13418,9190070,919007,1,603,TrainingItem,0
13419,9190072,919007,1,91901,AwakeningItem,0
13420,9210010,921001,1,33304,AwakeningItem,0
13421,9210010,921001,1,603,TrainingItem,0
13422,9210012,921001,1,33304,AwakeningItem,0
13423,9210020,921002,1,33302,AwakeningItem,0
13424,9210020,921002,1,600,TrainingItem,0
13425,9210020,921002,1,33303,AwakeningItem,0
13426,9210020,921002,1,604,TrainingItem,0
13427,9210020,921002,0,33301,SupportItem,0
13428,9210022,921002,1,33302,AwakeningItem,0
13429,9210022,921002,1,33303,AwakeningItem,0
13430,9210022,921002,0,33301,SupportItem,0
13431,9210030,921003,1,1008010,Card,0
13432,9210030,921003,1,601,TrainingItem,0
13433,9210032,921003,1,1008010,Card,0
13434,9210032,921003,1,801,TrainingItem,0
13435,9210040,921004,1,1007901,Card,0
13436,9210040,921004,1,604,TrainingItem,0
13437,9210042,921004,1,1007901,Card,0
13438,9210042,921004,1,804,TrainingItem,0
13439,9210050,921005,1,33301,AwakeningItem,0
13440,9210050,921005,1,601,TrainingItem,0
13441,9210052,921005,1,33301,AwakeningItem,0
13442,9220010,922001,1,1013740,Card,0
13443,9220010,922001,1,602,TrainingItem,0
13444,9220012,922001,1,1013740,Card,0
13445,9220012,922001,1,802,TrainingItem,0
13446,9220020,922002,1,1005110,Card,0
13447,9220020,922002,1,601,TrainingItem,0
13448,9220022,922002,1,1005110,Card,0
13449,9220022,922002,1,801,TrainingItem,0
13450,9220030,922003,1,92201,AwakeningItem,0
13451,9220030,922003,1,602,TrainingItem,0
13452,9220032,922003,1,92201,AwakeningItem,0
13453,9220040,922004,1,1013720,Card,0
13454,9220040,922004,1,603,TrainingItem,0
13455,9220042,922004,1,1013720,Card,0
13456,9220042,922004,1,803,TrainingItem,0
13457,9220050,922005,1,34301,AwakeningItem,0
13458,9220050,922005,1,601,TrainingItem,0
13459,9220052,922005,1,34301,AwakeningItem,0
13460,9220060,922006,1,34302,AwakeningItem,0
13461,9220060,922006,1,603,TrainingItem,0
13462,9220062,922006,1,34302,AwakeningItem,0
13463,9230010,923001,1,33001,SupportItem,0
13464,9230010,923001,1,3,TreasureItem,0
13465,9230012,923001,1,33001,SupportItem,0
13466,9230012,923001,1,3,TreasureItem,0
13467,9230020,923002,0,32401,AwakeningItem,0
13468,9230020,923002,0,32402,AwakeningItem,0
13469,9230020,923002,0,32403,AwakeningItem,0
13470,9230022,923002,0,32401,AwakeningItem,0
13471,9230022,923002,0,32402,AwakeningItem,0
13472,9230022,923002,0,32403,AwakeningItem,0
13473,9230030,923003,0,1006270,Card,0
13474,9230032,923003,1,1006270,Card,0
13475,9230032,923003,1,3,TreasureItem,0
13476,9230040,923004,0,1006290,Card,0
13477,9230042,923004,1,1006290,Card,0
13478,9230042,923004,1,3,TreasureItem,0
13479,9230050,923005,0,32404,AwakeningItem,0
13480,9230052,923005,1,32404,AwakeningItem,0
13481,9230052,923005,1,3,TreasureItem,0
13482,9230060,923006,0,32405,AwakeningItem,0
13483,9230062,923006,1,32405,AwakeningItem,0
13484,9230062,923006,1,3,TreasureItem,0
13485,9230070,923007,1,3,TreasureItem,0
13486,9230072,923007,1,3,TreasureItem,0
13487,9240010,924001,1,3,SupportItem,0
13488,9240010,924001,1,1502,SupportItem,0
13489,9240012,924001,1,4,SupportItem,0
13490,9240012,924001,1,32101,SupportItem,0
13491,9240020,924002,1,1017710,Card,0
13492,9240020,924002,1,602,TrainingItem,0
13493,9240022,924002,1,1017710,Card,0
13494,9240022,924002,1,802,TrainingItem,0
13495,9240030,924003,1,6,SupportItem,0
13496,9240030,924003,1,6,TrainingField,0
13497,9240032,924003,1,6,SupportItem,0
13498,9240032,924003,1,12,TrainingField,0
13499,9240040,924004,1,36601,AwakeningItem,0
13500,9240040,924004,1,602,TrainingItem,0
13501,9240042,924004,1,36601,AwakeningItem,0
13502,9240050,924005,0,5,AwakeningItem,0
13503,9240052,924005,0,9,AwakeningItem,0
13504,9240060,924006,0,9,AwakeningItem,0
13505,9240062,924006,0,15,AwakeningItem,0
13506,9240070,924007,1,800,TrainingItem,0
13507,9240070,924007,1,801,TrainingItem,0
13508,9240070,924007,1,802,TrainingItem,0
13509,9240070,924007,1,803,TrainingItem,0
13510,9240070,924007,1,804,TrainingItem,0
13511,9240072,924007,1,900,TrainingItem,0
13512,9240072,924007,1,901,TrainingItem,0
13513,9240072,924007,1,902,TrainingItem,0
13514,9240072,924007,1,903,TrainingItem,0
13515,9240072,924007,1,904,TrainingItem,0
13516,9240080,924008,1,36602,AwakeningItem,0
13517,9240080,924008,1,603,TrainingItem,0
13518,9240082,924008,1,36602,AwakeningItem,0
13519,9260010,926001,0,602,TrainingItem,0
13520,9260012,926001,0,802,TrainingItem,0
13521,9260020,926002,0,3,AwakeningItem,0
13522,9260022,926002,0,5,AwakeningItem,0
13523,9260030,926003,1,1031350,Card,0
13524,9260030,926003,1,602,TrainingItem,0
13525,9260032,926003,1,1031350,Card,0
13526,9260032,926003,1,802,TrainingItem,0
13527,9260040,926004,0,5,AwakeningItem,0
13528,9260042,926004,0,9,AwakeningItem,0
13529,9260050,926005,0,9,AwakeningItem,0
13530,9260052,926005,0,15,AwakeningItem,0
13531,9260060,926006,1,92601,AwakeningItem,0
13532,9260060,926006,1,602,TrainingItem,0
13533,9260062,926006,1,92601,AwakeningItem,0
13534,9260070,926007,0,702,TrainingItem,0
13535,9260072,926007,0,902,TrainingItem,0
13536,9260080,926008,1,1002650,Card,11333
13537,9260080,926008,1,1002640,Card,93879
13538,9260082,926008,1,1002650,Card,11333
13539,9260082,926008,1,1002640,Card,93879
13540,9260082,926008,1,1002630,Card,765122
13541,9280010,928001,0,3034,AwakeningItem,0
13542,9280010,928001,0,3032,AwakeningItem,0
13543,9280010,928001,0,3033,AwakeningItem,0
13544,9280010,928001,0,3031,AwakeningItem,0
13545,9280012,928001,0,3034,AwakeningItem,0
13546,9280012,928001,0,3032,AwakeningItem,0
13547,9280012,928001,0,3033,AwakeningItem,0
13548,9280012,928001,0,3031,AwakeningItem,0
13549,9280020,928002,1,700,TrainingItem,0
13550,9280020,928002,1,701,TrainingItem,0
13551,9280020,928002,1,702,TrainingItem,0
13552,9280020,928002,1,703,TrainingItem,0
13553,9280020,928002,1,704,TrainingItem,0
13554,9280022,928002,1,900,TrainingItem,0
13555,9280022,928002,1,901,TrainingItem,0
13556,9280022,928002,1,902,TrainingItem,0
13557,9280022,928002,1,903,TrainingItem,0
13558,9280022,928002,1,904,TrainingItem,0
13559,9280030,928003,0,2000050,Card,0
13560,9280032,928003,1,2000050,Card,0
13561,9280040,928004,0,92801,AwakeningItem,0
13562,9280042,928004,0,92801,AwakeningItem,0
13563,9280050,928005,1,92802,AwakeningItem,0
13564,9280050,928005,1,602,TrainingItem,0
13565,9280052,928005,1,92802,AwakeningItem,0
13566,9280060,928006,0,2000680,Card,0
13567,9280062,928006,1,2000680,Card,0
13568,9280070,928007,0,3035,AwakeningItem,0
13569,9280072,928007,1,3035,AwakeningItem,0
13570,9280080,928008,0,1013220,Card,0
13571,9280082,928008,1,1013220,Card,0
13572,9280090,928009,0,2000180,Card,0
13573,9280092,928009,1,2000180,Card,0
13574,9280100,928010,0,3030,AwakeningItem,0
13575,9280102,928010,1,3030,AwakeningItem,0
13576,9290010,929001,0,6,AwakeningItem,0
13577,9290012,929001,0,12,AwakeningItem,0
13578,9290020,929002,1,20004,SupportMemory,0
13579,9290020,929002,1,600,TrainingItem,0
13580,9290020,929002,1,601,TrainingItem,0
13581,9290020,929002,1,602,TrainingItem,0
13582,9290020,929002,1,603,TrainingItem,0
13583,9290020,929002,1,604,TrainingItem,0
13584,9290022,929002,1,20004,SupportMemory,0
13585,9290030,929003,1,600,TrainingItem,0
13586,9290030,929003,1,601,TrainingItem,0
13587,9290030,929003,1,602,TrainingItem,0
13588,9290030,929003,1,603,TrainingItem,0
13589,9290030,929003,1,604,TrainingItem,0
13590,9290032,929003,1,800,TrainingItem,0
13591,9290032,929003,1,801,TrainingItem,0
13592,9290032,929003,1,802,TrainingItem,0
13593,9290032,929003,1,803,TrainingItem,0
13594,9290032,929003,1,804,TrainingItem,0
13595,9290040,929004,0,1000,SupportItem,0
13596,9290042,929004,0,1000,SupportItem,0
13597,9290050,929005,1,1017650,Card,0
13598,9290050,929005,1,603,TrainingItem,0
13599,9290052,929005,1,1017650,Card,0
13600,9290052,929005,1,803,TrainingItem,0
13601,9290062,929006,1,58,PotentialItem,0
13602,9290062,929006,1,59,PotentialItem,0
13603,9290062,929006,1,60,PotentialItem,0
13604,9290070,929007,1,700,TrainingItem,0
13605,9290070,929007,1,701,TrainingItem,0
13606,9290070,929007,1,702,TrainingItem,0
13607,9290070,929007,1,703,TrainingItem,0
13608,9290070,929007,1,704,TrainingItem,0
13609,9290072,929007,1,900,TrainingItem,0
13610,9290072,929007,1,901,TrainingItem,0
13611,9290072,929007,1,902,TrainingItem,0
13612,9290072,929007,1,903,TrainingItem,0
13613,9290072,929007,1,904,TrainingItem,0
13614,9290080,929008,1,36801,AwakeningItem,0
13615,9290080,929008,1,603,TrainingItem,0
13616,9290082,929008,1,36801,AwakeningItem,0
13617,9310010,931001,1,23,TreasureItem,0
13618,9310010,931001,1,24,TreasureItem,0
13619,9310012,931001,1,23,TreasureItem,0
13620,9310012,931001,1,24,TreasureItem,0
13621,9310020,931002,1,1024560,Card,0
13622,9310020,931002,1,600,TrainingItem,0
13623,9310022,931002,1,1024560,Card,0
13624,9310022,931002,1,800,TrainingItem,0
13625,9310030,931003,1,39901,AwakeningItem,0
13626,9310030,931003,1,600,TrainingItem,0
13627,9310032,931003,1,39901,AwakeningItem,0
13628,9310040,931004,1,700,TrainingItem,0
13629,9310040,931004,1,701,TrainingItem,0
13630,9310040,931004,1,702,TrainingItem,0
13631,9310040,931004,1,703,TrainingItem,0
13632,9310040,931004,1,704,TrainingItem,0
13633,9310042,931004,1,900,TrainingItem,0
13634,9310042,931004,1,901,TrainingItem,0
13635,9310042,931004,1,902,TrainingItem,0
13636,9310042,931004,1,903,TrainingItem,0
13637,9310042,931004,1,904,TrainingItem,0
13638,9310050,931005,0,8,AwakeningItem,0
13639,9310052,931005,0,13,AwakeningItem,0
13640,9310060,931006,0,13,AwakeningItem,0
13641,9310062,931006,0,14,AwakeningItem,0
13642,9330010,933001,1,1015320,Card,0
13643,9330010,933001,1,600,TrainingItem,0
13644,9330012,933001,1,1015320,Card,0
13645,9330012,933001,1,800,TrainingItem,0
13646,9330020,933002,1,600,TrainingItem,0
13647,9330020,933002,1,601,TrainingItem,0
13648,9330020,933002,1,602,TrainingItem,0
13649,9330020,933002,1,603,TrainingItem,0
13650,9330020,933002,1,604,TrainingItem,0
13651,9330022,933002,1,800,TrainingItem,0
13652,9330022,933002,1,801,TrainingItem,0
13653,9330022,933002,1,802,TrainingItem,0
13654,9330022,933002,1,803,TrainingItem,0
13655,9330022,933002,1,804,TrainingItem,0
13656,9330030,933003,1,1015450,Card,0
13657,9330030,933003,1,603,TrainingItem,0
13658,9330032,933003,1,1015450,Card,0
13659,9330032,933003,1,803,TrainingItem,0
13660,9330040,933004,0,1003640,Card,0
13661,9330040,933004,0,1004620,Card,0
13662,9330040,933004,0,1004610,Card,0
13663,9330040,933004,0,1004630,Card,0
13664,9330040,933004,0,1004640,Card,0
13665,9330042,933004,1,1003640,Card,0
13666,9330042,933004,1,1004620,Card,0
13667,9330042,933004,1,1004610,Card,0
13668,9330042,933004,1,1004630,Card,0
13669,9330042,933004,1,1004640,Card,0
13670,9330050,933005,0,3181,AwakeningItem,0
13671,9330052,933005,1,3181,AwakeningItem,0
13672,9400012,940001,1,1,PotentialItem,0
13673,9400012,940001,1,6,PotentialItem,0
13674,9400012,940001,1,11,PotentialItem,0
13675,9410012,941001,1,2,PotentialItem,0
13676,9410012,941001,1,7,PotentialItem,0
13677,9410012,941001,1,12,PotentialItem,0
13678,9420012,942001,1,3,PotentialItem,0
13679,9420012,942001,1,8,PotentialItem,0
13680,9420012,942001,1,13,PotentialItem,0
13681,9430012,943001,1,4,PotentialItem,0
13682,9430012,943001,1,9,PotentialItem,0
13683,9430012,943001,1,14,PotentialItem,0
13684,9440012,944001,1,5,PotentialItem,0
13685,9440012,944001,1,10,PotentialItem,0
13686,9440012,944001,1,15,PotentialItem,0
13687,9460012,946001,1,1,PotentialItem,0
13688,9460012,946001,1,6,PotentialItem,0
13689,9460012,946001,1,11,PotentialItem,0
13690,9460022,946002,1,2,PotentialItem,0
13691,9460022,946002,1,7,PotentialItem,0
13692,9460022,946002,1,12,PotentialItem,0
13693,9460032,946003,1,3,PotentialItem,0
13694,9460032,946003,1,8,PotentialItem,0
13695,9460032,946003,1,13,PotentialItem,0
13696,9460042,946004,1,4,PotentialItem,0
13697,9460042,946004,1,9,PotentialItem,0
13698,9460042,946004,1,14,PotentialItem,0
13699,9460052,946005,1,5,PotentialItem,0
13700,9460052,946005,1,10,PotentialItem,0
13701,9460052,946005,1,15,PotentialItem,0
13702,12010012,1201001,1,48,TreasureItem,0
13703,12010013,1201001,1,48,TreasureItem,0
13704,12020011,1202001,0,7,TrainingField,0
13705,12030011,1203001,1,1000,TrainingItem,0
13706,12030011,1203001,1,1001,TrainingItem,0
13707,12030011,1203001,1,1002,TrainingItem,0
13708,12030011,1203001,1,1003,TrainingItem,0
13709,12030011,1203001,1,1004,TrainingItem,0
13710,12030021,1203002,0,1,LinkSkillLvUpItem,0
13711,12040011,1204001,1,1032230,Card,0
13712,12040011,1204001,1,9101,TrainingItem,0
13713,12040021,1204002,1,120401,AwakeningItem,0
13714,12050011,1205001,1,7510,EquipmentSkillItem,0
13715,12050011,1205001,1,7511,EquipmentSkillItem,0
13716,12050011,1205001,1,7512,EquipmentSkillItem,0
13717,12050011,1205001,1,7513,EquipmentSkillItem,0
13718,12050011,1205001,1,7514,EquipmentSkillItem,0
13719,12050011,1205001,1,7515,EquipmentSkillItem,0
13720,12060011,1206001,1,1,TreasureItem,0
13721,12060011,1206001,1,1,LinkSkillLvUpItem,0
13722,12060011,1206001,1,1,PotentialItem,0
13723,12060011,1206001,1,6,PotentialItem,0
13724,12060011,1206001,1,11,PotentialItem,0
13725,12060011,1206001,1,2,PotentialItem,0
13726,12060011,1206001,1,7,PotentialItem,0
13727,12060011,1206001,1,12,PotentialItem,0
13728,12060011,1206001,1,3,PotentialItem,0
13729,12060011,1206001,1,8,PotentialItem,0
13730,12060011,1206001,1,13,PotentialItem,0
13731,12060011,1206001,1,4,PotentialItem,0
13732,12060011,1206001,1,9,PotentialItem,0
13733,12060011,1206001,1,14,PotentialItem,0
13734,12060011,1206001,1,5,PotentialItem,0
13735,12060011,1206001,1,10,PotentialItem,0
13736,12060011,1206001,1,15,PotentialItem,0
13737,12080011,1208001,0,1005480,Card,765122
13738,12090011,1209001,1,8426,EquipmentSkillItem,0
13739,12090011,1209001,1,8427,EquipmentSkillItem,0
13740,12090011,1209001,1,8428,EquipmentSkillItem,0
13741,12090011,1209001,1,8429,EquipmentSkillItem,0
13742,12090011,1209001,1,8430,EquipmentSkillItem,0
13743,12090011,1209001,1,8431,EquipmentSkillItem,0
13744,12090011,1209001,1,8432,EquipmentSkillItem,0
13745,12090011,1209001,1,8433,EquipmentSkillItem,0
13746,12090011,1209001,1,8434,EquipmentSkillItem,0
13747,12090011,1209001,1,8435,EquipmentSkillItem,0
13748,12090011,1209001,1,8436,EquipmentSkillItem,0
13749,12090011,1209001,1,8437,EquipmentSkillItem,0
13750,12090011,1209001,1,8438,EquipmentSkillItem,0
13751,12090011,1209001,1,8439,EquipmentSkillItem,0
13752,12090011,1209001,1,8440,EquipmentSkillItem,0
13753,12090011,1209001,1,8441,EquipmentSkillItem,0
13754,12090011,1209001,1,8442,EquipmentSkillItem,0
13755,12090011,1209001,1,8443,EquipmentSkillItem,0
13756,12090011,1209001,1,8444,EquipmentSkillItem,0
13757,12090011,1209001,1,8445,EquipmentSkillItem,0
13758,12090011,1209001,1,8446,EquipmentSkillItem,0
13759,12090011,1209001,1,8447,EquipmentSkillItem,0
13760,12090011,1209001,1,8448,EquipmentSkillItem,0
13761,12090011,1209001,1,8449,EquipmentSkillItem,0
13762,12090011,1209001,1,8450,EquipmentSkillItem,0
13763,12090011,1209001,1,8451,EquipmentSkillItem,0
13764,12090011,1209001,1,8452,EquipmentSkillItem,0
13765,12090011,1209001,1,8453,EquipmentSkillItem,0
13766,12090011,1209001,1,8454,EquipmentSkillItem,0
13767,12090011,1209001,1,8455,EquipmentSkillItem,0
13768,12090011,1209001,1,8456,EquipmentSkillItem,0
13769,12090011,1209001,1,8457,EquipmentSkillItem,0
13770,12090011,1209001,1,8458,EquipmentSkillItem,0
13771,12090011,1209001,1,8459,EquipmentSkillItem,0
13772,12090011,1209001,1,8460,EquipmentSkillItem,0
13773,12090011,1209001,1,8461,EquipmentSkillItem,0
13774,12090011,1209001,1,8462,EquipmentSkillItem,0
13775,12090011,1209001,1,8463,EquipmentSkillItem,0
13776,12090011,1209001,1,8464,EquipmentSkillItem,0
13777,12090011,1209001,1,8465,EquipmentSkillItem,0
13778,12090011,1209001,1,8466,EquipmentSkillItem,0
13779,12090011,1209001,1,8467,EquipmentSkillItem,0
13780,12090011,1209001,1,8468,EquipmentSkillItem,0
13781,12090011,1209001,1,8469,EquipmentSkillItem,0
13782,12090011,1209001,1,8470,EquipmentSkillItem,0
13783,12090011,1209001,1,8471,EquipmentSkillItem,0
13784,12090011,1209001,1,8472,EquipmentSkillItem,0
13785,12090011,1209001,1,8473,EquipmentSkillItem,0
13786,12090011,1209001,1,8474,EquipmentSkillItem,0
13787,12090011,1209001,1,8475,EquipmentSkillItem,0
13788,12090011,1209001,1,8476,EquipmentSkillItem,0
13789,12090011,1209001,1,8477,EquipmentSkillItem,0
13790,12090011,1209001,1,8478,EquipmentSkillItem,0
13791,12090011,1209001,1,8479,EquipmentSkillItem,0
13792,12090011,1209001,1,8480,EquipmentSkillItem,0
13793,12090011,1209001,1,8481,EquipmentSkillItem,0
13794,12090011,1209001,1,8482,EquipmentSkillItem,0
13795,12090011,1209001,1,8483,EquipmentSkillItem,0
13796,12090011,1209001,1,8484,EquipmentSkillItem,0
13797,12090011,1209001,1,8485,EquipmentSkillItem,0
13798,12090011,1209001,1,8486,EquipmentSkillItem,0
13799,12090011,1209001,1,8487,EquipmentSkillItem,0
13800,12090011,1209001,1,8488,EquipmentSkillItem,0
13801,12090011,1209001,1,8489,EquipmentSkillItem,0
13802,12090011,1209001,1,8490,EquipmentSkillItem,0
13803,12090011,1209001,1,8491,EquipmentSkillItem,0
13804,12090011,1209001,1,8492,EquipmentSkillItem,0
13805,12090011,1209001,1,8493,EquipmentSkillItem,0
13806,12090011,1209001,1,8494,EquipmentSkillItem,0
13807,12090011,1209001,1,8495,EquipmentSkillItem,0
13808,12090011,1209001,1,8496,EquipmentSkillItem,0
13809,12090011,1209001,1,8497,EquipmentSkillItem,0
13810,12090011,1209001,1,8498,EquipmentSkillItem,0
13811,12090011,1209001,1,8499,EquipmentSkillItem,0
13812,12090011,1209001,1,8500,EquipmentSkillItem,0
13813,12090011,1209001,1,8501,EquipmentSkillItem,0
13814,12090011,1209001,1,8502,EquipmentSkillItem,0
13815,12090011,1209001,1,8503,EquipmentSkillItem,0
13816,12090011,1209001,1,8504,EquipmentSkillItem,0
13817,12090011,1209001,1,8505,EquipmentSkillItem,0
13818,12090011,1209001,1,8506,EquipmentSkillItem,0
13819,12090011,1209001,1,8507,EquipmentSkillItem,0
13820,12110011,1211001,1,8026,EquipmentSkillItem,0
13821,12110011,1211001,1,8027,EquipmentSkillItem,0
13822,12110011,1211001,1,8028,EquipmentSkillItem,0
13823,12110011,1211001,1,8029,EquipmentSkillItem,0
13824,12110011,1211001,1,8030,EquipmentSkillItem,0
13825,12110011,1211001,1,8031,EquipmentSkillItem,0
13826,12110011,1211001,1,8032,EquipmentSkillItem,0
13827,12110011,1211001,1,8033,EquipmentSkillItem,0
13828,12110011,1211001,1,8034,EquipmentSkillItem,0
13829,12110011,1211001,1,8035,EquipmentSkillItem,0
13830,12110011,1211001,1,8036,EquipmentSkillItem,0
13831,12110011,1211001,1,8037,EquipmentSkillItem,0
13832,12110011,1211001,1,8038,EquipmentSkillItem,0
13833,12110011,1211001,1,8039,EquipmentSkillItem,0
13834,12110011,1211001,1,8040,EquipmentSkillItem,0
13835,12110011,1211001,1,8041,EquipmentSkillItem,0
13836,12110011,1211001,1,8042,EquipmentSkillItem,0
13837,12110011,1211001,1,8043,EquipmentSkillItem,0
13838,12110011,1211001,1,8044,EquipmentSkillItem,0
13839,12110011,1211001,1,8045,EquipmentSkillItem,0
13840,12110011,1211001,1,8046,EquipmentSkillItem,0
13841,12110011,1211001,1,8047,EquipmentSkillItem,0
13842,12110011,1211001,1,8048,EquipmentSkillItem,0
13843,12110011,1211001,1,8049,EquipmentSkillItem,0
13844,12110011,1211001,1,8050,EquipmentSkillItem,0
13845,12110011,1211001,1,8051,EquipmentSkillItem,0
13846,12110011,1211001,1,8052,EquipmentSkillItem,0
13847,12110011,1211001,1,8053,EquipmentSkillItem,0
13848,12110011,1211001,1,8054,EquipmentSkillItem,0
13849,12110011,1211001,1,8055,EquipmentSkillItem,0
13850,12110011,1211001,1,8056,EquipmentSkillItem,0
13851,12110011,1211001,1,8057,EquipmentSkillItem,0
13852,12110011,1211001,1,8058,EquipmentSkillItem,0
13853,12110011,1211001,1,8059,EquipmentSkillItem,0
13854,12110011,1211001,1,8060,EquipmentSkillItem,0
13855,12110011,1211001,1,8061,EquipmentSkillItem,0
13856,12110011,1211001,1,8062,EquipmentSkillItem,0
13857,12110011,1211001,1,8063,EquipmentSkillItem,0
13858,12110011,1211001,1,8064,EquipmentSkillItem,0
13859,12110011,1211001,1,8065,EquipmentSkillItem,0
13860,12110011,1211001,1,8066,EquipmentSkillItem,0
13861,12110011,1211001,1,8067,EquipmentSkillItem,0
13862,12110011,1211001,1,8068,EquipmentSkillItem,0
13863,12110011,1211001,1,8069,EquipmentSkillItem,0
13864,12110011,1211001,1,8070,EquipmentSkillItem,0
13865,12110011,1211001,1,8071,EquipmentSkillItem,0
13866,12110011,1211001,1,8072,EquipmentSkillItem,0
13867,12110011,1211001,1,8073,EquipmentSkillItem,0
13868,12110011,1211001,1,8074,EquipmentSkillItem,0
13869,12110011,1211001,1,8075,EquipmentSkillItem,0
13870,12110011,1211001,1,8076,EquipmentSkillItem,0
13871,12110011,1211001,1,8077,EquipmentSkillItem,0
13872,12110011,1211001,1,8078,EquipmentSkillItem,0
13873,12110011,1211001,1,8079,EquipmentSkillItem,0
13874,12110011,1211001,1,8080,EquipmentSkillItem,0
13875,12110011,1211001,1,8081,EquipmentSkillItem,0
13876,12110011,1211001,1,8082,EquipmentSkillItem,0
13877,12110011,1211001,1,8083,EquipmentSkillItem,0
13878,12110011,1211001,1,8084,EquipmentSkillItem,0
13879,12110011,1211001,1,8085,EquipmentSkillItem,0
13880,12110011,1211001,1,8086,EquipmentSkillItem,0
13881,12110011,1211001,1,8087,EquipmentSkillItem,0
13882,12110011,1211001,1,8088,EquipmentSkillItem,0
13883,12110011,1211001,1,8089,EquipmentSkillItem,0
13884,12110011,1211001,1,8090,EquipmentSkillItem,0
13885,12110011,1211001,1,8091,EquipmentSkillItem,0
13886,12110011,1211001,1,8092,EquipmentSkillItem,0
13887,12110011,1211001,1,8093,EquipmentSkillItem,0
13888,12110011,1211001,1,8094,EquipmentSkillItem,0
13889,12110011,1211001,1,8095,EquipmentSkillItem,0
13890,12110011,1211001,1,8096,EquipmentSkillItem,0
13891,12110011,1211001,1,8097,EquipmentSkillItem,0
13892,12110011,1211001,1,8098,EquipmentSkillItem,0
13893,12110011,1211001,1,8099,EquipmentSkillItem,0
13894,12110011,1211001,1,8100,EquipmentSkillItem,0
13895,12110011,1211001,1,8101,EquipmentSkillItem,0
13896,12110011,1211001,1,8102,EquipmentSkillItem,0
13897,12110011,1211001,1,8103,EquipmentSkillItem,0
13898,12110011,1211001,1,8104,EquipmentSkillItem,0
13899,12110011,1211001,1,8105,EquipmentSkillItem,0
13900,12110011,1211001,1,8106,EquipmentSkillItem,0
13901,12110011,1211001,1,8107,EquipmentSkillItem,0
13902,12110011,1211001,1,8108,EquipmentSkillItem,0
13903,12110011,1211001,1,8109,EquipmentSkillItem,0
13904,12110011,1211001,1,8110,EquipmentSkillItem,0
13905,12110011,1211001,1,8111,EquipmentSkillItem,0
13906,12110011,1211001,1,8112,EquipmentSkillItem,0
13907,12110011,1211001,1,8113,EquipmentSkillItem,0
13908,12110011,1211001,1,8114,EquipmentSkillItem,0
13909,12110011,1211001,1,8115,EquipmentSkillItem,0
13910,12110011,1211001,1,8116,EquipmentSkillItem,0
13911,12110011,1211001,1,8117,EquipmentSkillItem,0
13912,12110011,1211001,1,8118,EquipmentSkillItem,0
13913,12110011,1211001,1,8119,EquipmentSkillItem,0
13914,12110011,1211001,1,8120,EquipmentSkillItem,0
13915,12110011,1211001,1,8121,EquipmentSkillItem,0
13916,12110011,1211001,1,8122,EquipmentSkillItem,0
13917,12110011,1211001,1,8123,EquipmentSkillItem,0
13918,12110011,1211001,1,8124,EquipmentSkillItem,0
13919,12110011,1211001,1,8125,EquipmentSkillItem,0
13920,12110011,1211001,1,8126,EquipmentSkillItem,0
13921,12110011,1211001,1,8127,EquipmentSkillItem,0
13922,12110011,1211001,1,8128,EquipmentSkillItem,0
13923,12110011,1211001,1,8129,EquipmentSkillItem,0
13924,12110011,1211001,1,8130,EquipmentSkillItem,0
13925,12110011,1211001,1,8131,EquipmentSkillItem,0
13926,12110011,1211001,1,8132,EquipmentSkillItem,0
13927,12110011,1211001,1,8133,EquipmentSkillItem,0
13928,12110011,1211001,1,8134,EquipmentSkillItem,0
13929,12110011,1211001,1,8135,EquipmentSkillItem,0
13930,12110011,1211001,1,8136,EquipmentSkillItem,0
13931,12110011,1211001,1,8137,EquipmentSkillItem,0
13932,12110011,1211001,1,8138,EquipmentSkillItem,0
13933,12110011,1211001,1,8139,EquipmentSkillItem,0
13934,12110011,1211001,1,8140,EquipmentSkillItem,0
13935,12110011,1211001,1,8141,EquipmentSkillItem,0
13936,12110011,1211001,1,8142,EquipmentSkillItem,0
13937,12110011,1211001,1,8143,EquipmentSkillItem,0
13938,12110011,1211001,1,8144,EquipmentSkillItem,0
13939,12110011,1211001,1,8145,EquipmentSkillItem,0
13940,12110011,1211001,1,8146,EquipmentSkillItem,0
13941,12110011,1211001,1,8147,EquipmentSkillItem,0
13942,12110011,1211001,1,8148,EquipmentSkillItem,0
13943,12110011,1211001,1,8149,EquipmentSkillItem,0
13944,12110011,1211001,1,8150,EquipmentSkillItem,0
13945,12110011,1211001,1,8151,EquipmentSkillItem,0
13946,12110011,1211001,1,8152,EquipmentSkillItem,0
13947,12110011,1211001,1,8153,EquipmentSkillItem,0
13948,12110011,1211001,1,8154,EquipmentSkillItem,0
13949,12110011,1211001,1,8155,EquipmentSkillItem,0
13950,12110011,1211001,1,8156,EquipmentSkillItem,0
13951,12110011,1211001,1,8157,EquipmentSkillItem,0
13952,12110011,1211001,1,8158,EquipmentSkillItem,0
13953,12110011,1211001,1,8159,EquipmentSkillItem,0
13954,12110011,1211001,1,8160,EquipmentSkillItem,0
13955,12110011,1211001,1,8161,EquipmentSkillItem,0
13956,12110011,1211001,1,8162,EquipmentSkillItem,0
13957,12110011,1211001,1,8163,EquipmentSkillItem,0
13958,12110011,1211001,1,8164,EquipmentSkillItem,0
13959,12110011,1211001,1,8165,EquipmentSkillItem,0
13960,12110011,1211001,1,8166,EquipmentSkillItem,0
13961,12110011,1211001,1,8167,EquipmentSkillItem,0
13962,12110011,1211001,1,8168,EquipmentSkillItem,0
13963,12110011,1211001,1,8169,EquipmentSkillItem,0
13964,12110011,1211001,1,8170,EquipmentSkillItem,0
13965,12110011,1211001,1,8171,EquipmentSkillItem,0
13966,12110011,1211001,1,8172,EquipmentSkillItem,0
13967,12110011,1211001,1,8173,EquipmentSkillItem,0
13968,12110011,1211001,1,8174,EquipmentSkillItem,0
13969,12110011,1211001,1,8175,EquipmentSkillItem,0
13970,12110011,1211001,1,8176,EquipmentSkillItem,0
13971,12110011,1211001,1,8177,EquipmentSkillItem,0
13972,12110011,1211001,1,8178,EquipmentSkillItem,0
13973,12110011,1211001,1,8179,EquipmentSkillItem,0
13974,12110011,1211001,1,8180,EquipmentSkillItem,0
13975,12110011,1211001,1,8181,EquipmentSkillItem,0
13976,12110011,1211001,1,8182,EquipmentSkillItem,0
13977,12110011,1211001,1,8183,EquipmentSkillItem,0
13978,12110011,1211001,1,8184,EquipmentSkillItem,0
13979,12110011,1211001,1,8185,EquipmentSkillItem,0
13980,12110011,1211001,1,8186,EquipmentSkillItem,0
13981,12110011,1211001,1,8187,EquipmentSkillItem,0
13982,12110011,1211001,1,8188,EquipmentSkillItem,0
13983,12110011,1211001,1,8189,EquipmentSkillItem,0
13984,12110011,1211001,1,8190,EquipmentSkillItem,0
13985,12110011,1211001,1,8191,EquipmentSkillItem,0
13986,12110011,1211001,1,8192,EquipmentSkillItem,0
13987,12110011,1211001,1,8193,EquipmentSkillItem,0
13988,12110011,1211001,1,8194,EquipmentSkillItem,0
13989,12110011,1211001,1,8195,EquipmentSkillItem,0
13990,12110011,1211001,1,8196,EquipmentSkillItem,0
13991,12110011,1211001,1,8197,EquipmentSkillItem,0
13992,12110011,1211001,1,8198,EquipmentSkillItem,0
13993,12110011,1211001,1,8199,EquipmentSkillItem,0
13994,12110011,1211001,1,8200,EquipmentSkillItem,0
13995,12110011,1211001,1,8201,EquipmentSkillItem,0
13996,12110011,1211001,1,8202,EquipmentSkillItem,0
13997,12110011,1211001,1,8203,EquipmentSkillItem,0
13998,12110011,1211001,1,8204,EquipmentSkillItem,0
13999,12110011,1211001,1,8205,EquipmentSkillItem,0
14000,12110011,1211001,1,8206,EquipmentSkillItem,0
14001,12110011,1211001,1,8207,EquipmentSkillItem,0
14002,12110011,1211001,1,8208,EquipmentSkillItem,0
14003,12110011,1211001,1,8209,EquipmentSkillItem,0
14004,12110011,1211001,1,8210,EquipmentSkillItem,0
14005,12110011,1211001,1,8211,EquipmentSkillItem,0
14006,12110011,1211001,1,8212,EquipmentSkillItem,0
14007,12110011,1211001,1,8213,EquipmentSkillItem,0
14008,12110011,1211001,1,8214,EquipmentSkillItem,0
14009,12110011,1211001,1,8215,EquipmentSkillItem,0
14010,12110011,1211001,1,8216,EquipmentSkillItem,0
14011,12110011,1211001,1,8217,EquipmentSkillItem,0
14012,12110011,1211001,1,8218,EquipmentSkillItem,0
14013,12110011,1211001,1,8219,EquipmentSkillItem,0
14014,12110011,1211001,1,8220,EquipmentSkillItem,0
14015,12110011,1211001,1,8221,EquipmentSkillItem,0
14016,12110011,1211001,1,8222,EquipmentSkillItem,0
14017,12110011,1211001,1,8223,EquipmentSkillItem,0
14018,12110011,1211001,1,8224,EquipmentSkillItem,0
14019,12110011,1211001,1,8225,EquipmentSkillItem,0
14020,12110011,1211001,1,8226,EquipmentSkillItem,0
14021,12110011,1211001,1,8227,EquipmentSkillItem,0
14022,12110011,1211001,1,8228,EquipmentSkillItem,0
14023,12110011,1211001,1,8229,EquipmentSkillItem,0
14024,12110011,1211001,1,8230,EquipmentSkillItem,0
14025,12110011,1211001,1,8231,EquipmentSkillItem,0
14026,12110011,1211001,1,8232,EquipmentSkillItem,0
14027,12110011,1211001,1,8233,EquipmentSkillItem,0
14028,12110011,1211001,1,8234,EquipmentSkillItem,0
14029,12110011,1211001,1,8235,EquipmentSkillItem,0
14030,12110011,1211001,1,8236,EquipmentSkillItem,0
14031,12110011,1211001,1,8237,EquipmentSkillItem,0
14032,12110011,1211001,1,8238,EquipmentSkillItem,0
14033,12110011,1211001,1,8239,EquipmentSkillItem,0
14034,12110011,1211001,1,8240,EquipmentSkillItem,0
14035,12110011,1211001,1,8241,EquipmentSkillItem,0
14036,12110011,1211001,1,8242,EquipmentSkillItem,0
14037,12110011,1211001,1,8243,EquipmentSkillItem,0
14038,12110011,1211001,1,8244,EquipmentSkillItem,0
14039,12110011,1211001,1,8245,EquipmentSkillItem,0
14040,12110011,1211001,1,8246,EquipmentSkillItem,0
14041,12110011,1211001,1,8247,EquipmentSkillItem,0
14042,12110011,1211001,1,8248,EquipmentSkillItem,0
14043,12110011,1211001,1,8249,EquipmentSkillItem,0
14044,12110011,1211001,1,8250,EquipmentSkillItem,0
14045,12110011,1211001,1,8251,EquipmentSkillItem,0
14046,12110011,1211001,1,8252,EquipmentSkillItem,0
14047,12110011,1211001,1,8253,EquipmentSkillItem,0
14048,12110011,1211001,1,8254,EquipmentSkillItem,0
14049,12110011,1211001,1,8255,EquipmentSkillItem,0
14050,12110011,1211001,1,8256,EquipmentSkillItem,0
14051,12110011,1211001,1,8257,EquipmentSkillItem,0
14052,12110011,1211001,1,8258,EquipmentSkillItem,0
14053,12110011,1211001,1,8259,EquipmentSkillItem,0
14054,12110011,1211001,1,8260,EquipmentSkillItem,0
14055,12110011,1211001,1,8261,EquipmentSkillItem,0
14056,12110011,1211001,1,8262,EquipmentSkillItem,0
14057,12110011,1211001,1,8263,EquipmentSkillItem,0
14058,12110011,1211001,1,8264,EquipmentSkillItem,0
14059,12110011,1211001,1,8265,EquipmentSkillItem,0
14060,12110011,1211001,1,8266,EquipmentSkillItem,0
14061,12110011,1211001,1,8267,EquipmentSkillItem,0
14062,12110011,1211001,1,8268,EquipmentSkillItem,0
14063,12110011,1211001,1,8269,EquipmentSkillItem,0
14064,12110011,1211001,1,8270,EquipmentSkillItem,0
14065,12110011,1211001,1,8271,EquipmentSkillItem,0
14066,12110011,1211001,1,8272,EquipmentSkillItem,0
14067,12110011,1211001,1,8273,EquipmentSkillItem,0
14068,12110011,1211001,1,8274,EquipmentSkillItem,0
14069,12110011,1211001,1,8275,EquipmentSkillItem,0
14070,12110011,1211001,1,8276,EquipmentSkillItem,0
14071,12110011,1211001,1,8277,EquipmentSkillItem,0
14072,12110011,1211001,1,8278,EquipmentSkillItem,0
14073,12110011,1211001,1,8279,EquipmentSkillItem,0
14074,12110011,1211001,1,8280,EquipmentSkillItem,0
14075,12110011,1211001,1,8281,EquipmentSkillItem,0
14076,12110011,1211001,1,8282,EquipmentSkillItem,0
14077,12110011,1211001,1,8283,EquipmentSkillItem,0
14078,12110011,1211001,1,8284,EquipmentSkillItem,0
14079,12110011,1211001,1,8285,EquipmentSkillItem,0
14080,12110011,1211001,1,8286,EquipmentSkillItem,0
14081,12110011,1211001,1,8287,EquipmentSkillItem,0
14082,12110011,1211001,1,8288,EquipmentSkillItem,0
14083,12110011,1211001,1,8289,EquipmentSkillItem,0
14084,12110011,1211001,1,8290,EquipmentSkillItem,0
14085,12110011,1211001,1,8291,EquipmentSkillItem,0
14086,12110011,1211001,1,8292,EquipmentSkillItem,0
14087,12110011,1211001,1,8293,EquipmentSkillItem,0
14088,12110011,1211001,1,8294,EquipmentSkillItem,0
14089,12110011,1211001,1,8295,EquipmentSkillItem,0
14090,12110011,1211001,1,8296,EquipmentSkillItem,0
14091,12110011,1211001,1,8297,EquipmentSkillItem,0
14092,12110011,1211001,1,8298,EquipmentSkillItem,0
14093,12110011,1211001,1,8299,EquipmentSkillItem,0
14094,12110011,1211001,1,8300,EquipmentSkillItem,0
14095,12110011,1211001,1,8301,EquipmentSkillItem,0
14096,12110011,1211001,1,8302,EquipmentSkillItem,0
14097,12110011,1211001,1,8303,EquipmentSkillItem,0
14098,12110011,1211001,1,8304,EquipmentSkillItem,0
14099,12110011,1211001,1,8305,EquipmentSkillItem,0
14100,12110011,1211001,1,8306,EquipmentSkillItem,0
14101,12110011,1211001,1,8307,EquipmentSkillItem,0
14102,12110011,1211001,1,8308,EquipmentSkillItem,0
14103,12110011,1211001,1,8309,EquipmentSkillItem,0
14104,12110011,1211001,1,8310,EquipmentSkillItem,0
14105,12110011,1211001,1,8311,EquipmentSkillItem,0
14106,12110011,1211001,1,8312,EquipmentSkillItem,0
14107,12110011,1211001,1,8313,EquipmentSkillItem,0
14108,12110011,1211001,1,8314,EquipmentSkillItem,0
14109,12110011,1211001,1,8315,EquipmentSkillItem,0
14110,12110011,1211001,1,8316,EquipmentSkillItem,0
14111,12110011,1211001,1,8317,EquipmentSkillItem,0
14112,12110011,1211001,1,8318,EquipmentSkillItem,0
14113,12110011,1211001,1,8319,EquipmentSkillItem,0
14114,12110011,1211001,1,8320,EquipmentSkillItem,0
14115,12110011,1211001,1,8321,EquipmentSkillItem,0
14116,12110011,1211001,1,8322,EquipmentSkillItem,0
14117,12110011,1211001,1,8323,EquipmentSkillItem,0
14118,12110011,1211001,1,8324,EquipmentSkillItem,0
14119,12110011,1211001,1,8325,EquipmentSkillItem,0
14120,12110011,1211001,1,8326,EquipmentSkillItem,0
14121,12110011,1211001,1,8327,EquipmentSkillItem,0
14122,12110011,1211001,1,8328,EquipmentSkillItem,0
14123,12110011,1211001,1,8329,EquipmentSkillItem,0
14124,12110011,1211001,1,8330,EquipmentSkillItem,0
14125,12110011,1211001,1,8331,EquipmentSkillItem,0
14126,12110011,1211001,1,8332,EquipmentSkillItem,0
14127,12110011,1211001,1,8333,EquipmentSkillItem,0
14128,12110011,1211001,1,8334,EquipmentSkillItem,0
14129,12110011,1211001,1,8335,EquipmentSkillItem,0
14130,12110011,1211001,1,8336,EquipmentSkillItem,0
14131,12110011,1211001,1,8337,EquipmentSkillItem,0
14132,12110011,1211001,1,8338,EquipmentSkillItem,0
14133,12110011,1211001,1,8339,EquipmentSkillItem,0
14134,12110011,1211001,1,8340,EquipmentSkillItem,0
14135,12110011,1211001,1,8341,EquipmentSkillItem,0
14136,12110011,1211001,1,8342,EquipmentSkillItem,0
14137,12110011,1211001,1,8343,EquipmentSkillItem,0
14138,12110011,1211001,1,8344,EquipmentSkillItem,0
14139,12110011,1211001,1,8345,EquipmentSkillItem,0
14140,12110011,1211001,1,8346,EquipmentSkillItem,0
14141,12110011,1211001,1,8347,EquipmentSkillItem,0
14142,12110011,1211001,1,8348,EquipmentSkillItem,0
14143,12110011,1211001,1,8349,EquipmentSkillItem,0
14144,12110011,1211001,1,8350,EquipmentSkillItem,0
14145,12110011,1211001,1,8351,EquipmentSkillItem,0
14146,12110011,1211001,1,8352,EquipmentSkillItem,0
14147,12110011,1211001,1,8353,EquipmentSkillItem,0
14148,12110011,1211001,1,8354,EquipmentSkillItem,0
14149,12110011,1211001,1,8355,EquipmentSkillItem,0
14150,12110011,1211001,1,8356,EquipmentSkillItem,0
14151,12110011,1211001,1,8357,EquipmentSkillItem,0
14152,12110011,1211001,1,8358,EquipmentSkillItem,0
14153,12110011,1211001,1,8359,EquipmentSkillItem,0
14154,12110011,1211001,1,8360,EquipmentSkillItem,0
14155,12110011,1211001,1,8361,EquipmentSkillItem,0
14156,12110011,1211001,1,8362,EquipmentSkillItem,0
14157,12110011,1211001,1,8363,EquipmentSkillItem,0
14158,12110011,1211001,1,8364,EquipmentSkillItem,0
14159,12110011,1211001,1,8365,EquipmentSkillItem,0
14160,12110011,1211001,1,8366,EquipmentSkillItem,0
14161,12110011,1211001,1,8367,EquipmentSkillItem,0
14162,12110011,1211001,1,8368,EquipmentSkillItem,0
14163,12110011,1211001,1,8369,EquipmentSkillItem,0
14164,12110011,1211001,1,8370,EquipmentSkillItem,0
14165,12110011,1211001,1,8371,EquipmentSkillItem,0
14166,12110011,1211001,1,8372,EquipmentSkillItem,0
14167,12110011,1211001,1,8373,EquipmentSkillItem,0
14168,12110011,1211001,1,8374,EquipmentSkillItem,0
14169,12110011,1211001,1,8375,EquipmentSkillItem,0
14170,12110011,1211001,1,8376,EquipmentSkillItem,0
14171,12110011,1211001,1,8377,EquipmentSkillItem,0
14172,12110011,1211001,1,8378,EquipmentSkillItem,0
14173,12110011,1211001,1,8379,EquipmentSkillItem,0
14174,12110011,1211001,1,8380,EquipmentSkillItem,0
14175,12110011,1211001,1,8381,EquipmentSkillItem,0
14176,12110011,1211001,1,8382,EquipmentSkillItem,0
14177,12110011,1211001,1,8383,EquipmentSkillItem,0
14178,12110011,1211001,1,8384,EquipmentSkillItem,0
14179,12110011,1211001,1,8385,EquipmentSkillItem,0
14180,12120011,1212001,0,7,TrainingField,0
14181,12130010,1213001,1,900,TrainingItem,0
14182,12130010,1213001,1,901,TrainingItem,0
14183,12130010,1213001,1,902,TrainingItem,0
14184,12130010,1213001,1,903,TrainingItem,0
14185,12130010,1213001,1,904,TrainingItem,0
14186,12130012,1213001,1,900,TrainingItem,0
14187,12130012,1213001,1,901,TrainingItem,0
14188,12130012,1213001,1,902,TrainingItem,0
14189,12130012,1213001,1,903,TrainingItem,0
14190,12130012,1213001,1,904,TrainingItem,0
14191,12130020,1213002,0,1,AwakeningItem,0
14192,12130022,1213002,0,7,AwakeningItem,0
14193,12130030,1213003,0,10,AwakeningItem,0
14194,12130032,1213003,0,17,AwakeningItem,0
14195,12130040,1213004,1,30505,SupportItem,0
14196,12130040,1213004,1,704,TrainingItem,0
14197,12130042,1213004,1,30505,SupportItem,0
14198,12130042,1213004,1,904,TrainingItem,0
14199,12130050,1213005,1,121301,AwakeningItem,0
14200,12130052,1213005,1,1033650,Card,0
14201,12130052,1213005,1,804,TrainingItem,0
14202,12160011,1216001,0,1005480,Card,765122
14203,12170011,1217001,1,1003,TrainingItem,0
14204,12170011,1217001,1,1000,TrainingItem,0
14205,12170011,1217001,1,1004,TrainingItem,0
14206,12170011,1217001,1,1002,TrainingItem,0
14207,12170011,1217001,1,1001,TrainingItem,0
14208,12200011,1220001,0,6,SupportItem,0
14209,13010010,1301001,1,4,AwakeningItem,0
14210,13010010,1301001,1,5,AwakeningItem,0
14211,13010010,1301001,1,6,AwakeningItem,0
14212,13010010,1301001,1,7,AwakeningItem,0
14213,13010010,1301001,1,8,AwakeningItem,0
14214,13010012,1301001,1,9,AwakeningItem,0
14215,13010012,1301001,1,10,AwakeningItem,0
14216,13010012,1301001,1,11,AwakeningItem,0
14217,13010012,1301001,1,12,AwakeningItem,0
14218,13010012,1301001,1,13,AwakeningItem,0
14219,13010020,1301002,1,600,TrainingItem,0
14220,13010020,1301002,1,601,TrainingItem,0
14221,13010020,1301002,1,602,TrainingItem,0
14222,13010020,1301002,1,603,TrainingItem,0
14223,13010020,1301002,1,604,TrainingItem,0
14224,13010022,1301002,1,800,TrainingItem,0
14225,13010022,1301002,1,801,TrainingItem,0
14226,13010022,1301002,1,802,TrainingItem,0
14227,13010022,1301002,1,803,TrainingItem,0
14228,13010022,1301002,1,804,TrainingItem,0
14229,13010030,1301003,1,3,TrainingField,0
14230,13010030,1301003,1,5,TrainingField,0
14231,13010032,1301003,1,4,TrainingField,0
14232,13010032,1301003,1,6,TrainingField,0
14233,13010040,1301004,1,1026320,Card,0
14234,13010040,1301004,1,604,TrainingItem,0
14235,13010042,1301004,1,1026320,Card,0
14236,13010042,1301004,1,804,TrainingItem,0
14237,13010050,1301005,1,9,AwakeningItem,0
14238,13010050,1301005,1,10,AwakeningItem,0
14239,13010050,1301005,1,11,AwakeningItem,0
14240,13010050,1301005,1,12,AwakeningItem,0
14241,13010050,1301005,1,13,AwakeningItem,0
14242,13010052,1301005,1,14,AwakeningItem,0
14243,13010052,1301005,1,15,AwakeningItem,0
14244,13010052,1301005,1,16,AwakeningItem,0
14245,13010052,1301005,1,17,AwakeningItem,0
14246,13010052,1301005,1,18,AwakeningItem,0
14247,13010060,1301006,1,700,TrainingItem,0
14248,13010060,1301006,1,701,TrainingItem,0
14249,13010060,1301006,1,702,TrainingItem,0
14250,13010060,1301006,1,703,TrainingItem,0
14251,13010060,1301006,1,704,TrainingItem,0
14252,13010062,1301006,1,900,TrainingItem,0
14253,13010062,1301006,1,901,TrainingItem,0
14254,13010062,1301006,1,902,TrainingItem,0
14255,13010062,1301006,1,903,TrainingItem,0
14256,13010062,1301006,1,904,TrainingItem,0
14257,13010070,1301007,1,5,TrainingField,0
14258,13010070,1301007,1,7,TrainingField,0
14259,13010072,1301007,1,6,TrainingField,0
14260,13010072,1301007,1,8,TrainingField,0
14261,13010080,1301008,1,130101,AwakeningItem,0
14262,13010080,1301008,1,604,TrainingItem,0
14263,13010082,1301008,1,130101,AwakeningItem,0
14264,13020010,1302001,1,10004,SupportMemory,0
14265,13020012,1302001,1,10004,SupportMemory,0
14266,13020020,1302002,1,4,AwakeningItem,0
14267,13020020,1302002,1,5,AwakeningItem,0
14268,13020020,1302002,1,6,AwakeningItem,0
14269,13020020,1302002,1,7,AwakeningItem,0
14270,13020020,1302002,1,8,AwakeningItem,0
14271,13020022,1302002,1,9,AwakeningItem,0
14272,13020022,1302002,1,10,AwakeningItem,0
14273,13020022,1302002,1,11,AwakeningItem,0
14274,13020022,1302002,1,12,AwakeningItem,0
14275,13020022,1302002,1,13,AwakeningItem,0
14276,13020030,1302003,0,6,SupportItem,0
14277,13020032,1302003,0,6,SupportItem,0
14278,13020040,1302004,1,600,TrainingItem,0
14279,13020040,1302004,1,601,TrainingItem,0
14280,13020040,1302004,1,602,TrainingItem,0
14281,13020040,1302004,1,603,TrainingItem,0
14282,13020040,1302004,1,604,TrainingItem,0
14283,13020042,1302004,1,800,TrainingItem,0
14284,13020042,1302004,1,801,TrainingItem,0
14285,13020042,1302004,1,802,TrainingItem,0
14286,13020042,1302004,1,803,TrainingItem,0
14287,13020042,1302004,1,804,TrainingItem,0
14288,13020050,1302005,1,30009,SupportMemory,0
14289,13020052,1302005,1,30009,SupportMemory,0
14290,13020060,1302006,1,1000,SupportItem,0
14291,13020060,1302006,1,1701,SupportItem,0
14292,13020062,1302006,1,1000,SupportItem,0
14293,13020062,1302006,1,1701,SupportItem,0
14294,13020070,1302007,1,9,AwakeningItem,0
14295,13020070,1302007,1,10,AwakeningItem,0
14296,13020070,1302007,1,11,AwakeningItem,0
14297,13020070,1302007,1,12,AwakeningItem,0
14298,13020070,1302007,1,13,AwakeningItem,0
14299,13020072,1302007,1,14,AwakeningItem,0
14300,13020072,1302007,1,15,AwakeningItem,0
14301,13020072,1302007,1,16,AwakeningItem,0
14302,13020072,1302007,1,17,AwakeningItem,0
14303,13020072,1302007,1,18,AwakeningItem,0
14304,13020080,1302008,1,700,TrainingItem,0
14305,13020080,1302008,1,701,TrainingItem,0
14306,13020080,1302008,1,702,TrainingItem,0
14307,13020080,1302008,1,703,TrainingItem,0
14308,13020080,1302008,1,704,TrainingItem,0
14309,13020082,1302008,1,900,TrainingItem,0
14310,13020082,1302008,1,901,TrainingItem,0
14311,13020082,1302008,1,902,TrainingItem,0
14312,13020082,1302008,1,903,TrainingItem,0
14313,13020082,1302008,1,904,TrainingItem,0
14314,13030010,1303001,1,1026370,Card,0
14315,13030010,1303001,1,602,TrainingItem,0
14316,13030012,1303001,1,1026370,Card,0
14317,13030012,1303001,1,802,TrainingItem,0
14318,13030020,1303002,1,4,AwakeningItem,0
14319,13030020,1303002,1,5,AwakeningItem,0
14320,13030020,1303002,1,6,AwakeningItem,0
14321,13030020,1303002,1,7,AwakeningItem,0
14322,13030020,1303002,1,8,AwakeningItem,0
14323,13030022,1303002,1,9,AwakeningItem,0
14324,13030022,1303002,1,10,AwakeningItem,0
14325,13030022,1303002,1,11,AwakeningItem,0
14326,13030022,1303002,1,12,AwakeningItem,0
14327,13030022,1303002,1,13,AwakeningItem,0
14328,13030030,1303003,1,130301,AwakeningItem,0
14329,13030032,1303003,1,130301,AwakeningItem,0
14330,13030040,1303004,1,700,TrainingItem,0
14331,13030040,1303004,1,701,TrainingItem,0
14332,13030040,1303004,1,702,TrainingItem,0
14333,13030040,1303004,1,703,TrainingItem,0
14334,13030040,1303004,1,704,TrainingItem,0
14335,13030042,1303004,1,900,TrainingItem,0
14336,13030042,1303004,1,901,TrainingItem,0
14337,13030042,1303004,1,902,TrainingItem,0
14338,13030042,1303004,1,903,TrainingItem,0
14339,13030042,1303004,1,904,TrainingItem,0
14340,13030050,1303005,1,130302,AwakeningItem,0
14341,13030052,1303005,1,130302,AwakeningItem,0
14342,13030060,1303006,1,9,AwakeningItem,0
14343,13030060,1303006,1,10,AwakeningItem,0
14344,13030060,1303006,1,11,AwakeningItem,0
14345,13030060,1303006,1,12,AwakeningItem,0
14346,13030060,1303006,1,13,AwakeningItem,0
14347,13030062,1303006,1,14,AwakeningItem,0
14348,13030062,1303006,1,15,AwakeningItem,0
14349,13030062,1303006,1,16,AwakeningItem,0
14350,13030062,1303006,1,17,AwakeningItem,0
14351,13030062,1303006,1,18,AwakeningItem,0
14352,13030070,1303007,1,700,TrainingItem,0
14353,13030070,1303007,1,701,TrainingItem,0
14354,13030070,1303007,1,702,TrainingItem,0
14355,13030070,1303007,1,703,TrainingItem,0
14356,13030070,1303007,1,704,TrainingItem,0
14357,13030072,1303007,1,900,TrainingItem,0
14358,13030072,1303007,1,901,TrainingItem,0
14359,13030072,1303007,1,902,TrainingItem,0
14360,13030072,1303007,1,903,TrainingItem,0
14361,13030072,1303007,1,904,TrainingItem,0
14362,13040010,1304001,1,9,AwakeningItem,0
14363,13040010,1304001,1,10,AwakeningItem,0
14364,13040010,1304001,1,11,AwakeningItem,0
14365,13040010,1304001,1,12,AwakeningItem,0
14366,13040010,1304001,1,13,AwakeningItem,0
14367,13040012,1304001,1,14,AwakeningItem,0
14368,13040012,1304001,1,15,AwakeningItem,0
14369,13040012,1304001,1,16,AwakeningItem,0
14370,13040012,1304001,1,17,AwakeningItem,0
14371,13040012,1304001,1,18,AwakeningItem,0
14372,13040020,1304002,1,5,TrainingField,0
14373,13040020,1304002,1,7,TrainingField,0
14374,13040022,1304002,1,6,TrainingField,0
14375,13040022,1304002,1,8,TrainingField,0
14376,13040030,1304003,1,1027240,Card,0
14377,13040030,1304003,1,602,TrainingItem,0
14378,13040032,1304003,1,1027240,Card,0
14379,13040032,1304003,1,802,TrainingItem,0
14380,13040040,1304004,1,700,TrainingItem,0
14381,13040040,1304004,1,701,TrainingItem,0
14382,13040040,1304004,1,702,TrainingItem,0
14383,13040040,1304004,1,703,TrainingItem,0
14384,13040040,1304004,1,704,TrainingItem,0
14385,13040042,1304004,1,900,TrainingItem,0
14386,13040042,1304004,1,901,TrainingItem,0
14387,13040042,1304004,1,902,TrainingItem,0
14388,13040042,1304004,1,903,TrainingItem,0
14389,13040042,1304004,1,904,TrainingItem,0
14390,13040050,1304005,1,130401,AwakeningItem,0
14391,13040050,1304005,1,602,TrainingItem,0
14392,13040052,1304005,1,130401,AwakeningItem,0
14393,13040060,1304006,0,30503,SupportItem,0
14394,13040062,1304006,0,30503,SupportItem,0
14395,13040070,1304007,0,6,SupportItem,0
14396,13040072,1304007,0,6,SupportItem,0
14397,13040082,1304008,1,2557,EquipmentSkillItem,0
14398,13040082,1304008,1,2558,EquipmentSkillItem,0
14399,13040082,1304008,1,2559,EquipmentSkillItem,0
14400,13040082,1304008,1,2560,EquipmentSkillItem,0
14401,13040082,1304008,1,2561,EquipmentSkillItem,0
14402,13040082,1304008,1,2562,EquipmentSkillItem,0
14403,13040082,1304008,1,2563,EquipmentSkillItem,0
14404,13040082,1304008,1,2564,EquipmentSkillItem,0
14405,13040082,1304008,1,2565,EquipmentSkillItem,0
14406,13040082,1304008,1,2566,EquipmentSkillItem,0
14407,13040082,1304008,1,2567,EquipmentSkillItem,0
14408,13040082,1304008,1,2568,EquipmentSkillItem,0
14409,13040082,1304008,1,2569,EquipmentSkillItem,0
14410,13040082,1304008,1,2570,EquipmentSkillItem,0
14411,13040082,1304008,1,2571,EquipmentSkillItem,0
14412,13040082,1304008,1,2572,EquipmentSkillItem,0
14413,13040082,1304008,1,2573,EquipmentSkillItem,0
14414,13040082,1304008,1,2574,EquipmentSkillItem,0
14415,13040082,1304008,1,2575,EquipmentSkillItem,0
14416,13040082,1304008,1,2576,EquipmentSkillItem,0
14417,13040082,1304008,1,2577,EquipmentSkillItem,0
14418,13040082,1304008,1,2578,EquipmentSkillItem,0
14419,13040082,1304008,1,2579,EquipmentSkillItem,0
14420,13040082,1304008,1,2580,EquipmentSkillItem,0
14421,13040082,1304008,1,2581,EquipmentSkillItem,0
14422,13040082,1304008,1,2582,EquipmentSkillItem,0
14423,13040082,1304008,1,2583,EquipmentSkillItem,0
14424,13040082,1304008,1,2584,EquipmentSkillItem,0
14425,13040082,1304008,1,2585,EquipmentSkillItem,0
14426,13040082,1304008,1,2586,EquipmentSkillItem,0
14427,13040082,1304008,1,2587,EquipmentSkillItem,0
14428,13040082,1304008,1,2588,EquipmentSkillItem,0
14429,13040082,1304008,1,2589,EquipmentSkillItem,0
14430,13040082,1304008,1,2590,EquipmentSkillItem,0
14431,13040082,1304008,1,2591,EquipmentSkillItem,0
14432,13040082,1304008,1,2592,EquipmentSkillItem,0
14433,13040082,1304008,1,2593,EquipmentSkillItem,0
14434,13040082,1304008,1,2594,EquipmentSkillItem,0
14435,13040082,1304008,1,2595,EquipmentSkillItem,0
14436,13040082,1304008,1,2596,EquipmentSkillItem,0
14437,13040082,1304008,1,2597,EquipmentSkillItem,0
14438,13040082,1304008,1,2598,EquipmentSkillItem,0
14439,13040082,1304008,1,2599,EquipmentSkillItem,0
14440,13040082,1304008,1,2600,EquipmentSkillItem,0
14441,13040082,1304008,1,2601,EquipmentSkillItem,0
14442,13040082,1304008,1,902,TrainingItem,0
14443,13050010,1305001,1,1018970,Card,0
14444,13050010,1305001,1,602,TrainingItem,0
14445,13050012,1305001,1,1018970,Card,0
14446,13050012,1305001,1,802,TrainingItem,0
14447,13050020,1305002,1,9,AwakeningItem,0
14448,13050020,1305002,1,10,AwakeningItem,0
14449,13050020,1305002,1,11,AwakeningItem,0
14450,13050020,1305002,1,12,AwakeningItem,0
14451,13050020,1305002,1,13,AwakeningItem,0
14452,13050022,1305002,1,14,AwakeningItem,0
14453,13050022,1305002,1,15,AwakeningItem,0
14454,13050022,1305002,1,16,AwakeningItem,0
14455,13050022,1305002,1,17,AwakeningItem,0
14456,13050022,1305002,1,18,AwakeningItem,0
14457,13050030,1305003,1,5,TrainingField,0
14458,13050030,1305003,1,7,TrainingField,0
14459,13050032,1305003,1,6,TrainingField,0
14460,13050032,1305003,1,8,TrainingField,0
14461,13050040,1305004,1,700,TrainingItem,0
14462,13050040,1305004,1,701,TrainingItem,0
14463,13050040,1305004,1,702,TrainingItem,0
14464,13050040,1305004,1,703,TrainingItem,0
14465,13050040,1305004,1,704,TrainingItem,0
14466,13050042,1305004,1,900,TrainingItem,0
14467,13050042,1305004,1,901,TrainingItem,0
14468,13050042,1305004,1,902,TrainingItem,0
14469,13050042,1305004,1,903,TrainingItem,0
14470,13050042,1305004,1,904,TrainingItem,0
14471,13050050,1305005,1,130501,AwakeningItem,0
14472,13050050,1305005,1,602,TrainingItem,0
14473,13050052,1305005,1,130501,AwakeningItem,0
14474,13050060,1305006,0,30503,SupportItem,0
14475,13050062,1305006,0,30503,SupportItem,0
14476,13050070,1305007,0,6,SupportItem,0
14477,13050072,1305007,0,6,SupportItem,0
14478,13050082,1305008,1,3204,EquipmentSkillItem,0
14479,13050082,1305008,1,3205,EquipmentSkillItem,0
14480,13050082,1305008,1,3206,EquipmentSkillItem,0
14481,13050082,1305008,1,3207,EquipmentSkillItem,0
14482,13050082,1305008,1,3208,EquipmentSkillItem,0
14483,13050082,1305008,1,3209,EquipmentSkillItem,0
14484,13050082,1305008,1,3210,EquipmentSkillItem,0
14485,13050082,1305008,1,3211,EquipmentSkillItem,0
14486,13050082,1305008,1,3212,EquipmentSkillItem,0
14487,13050082,1305008,1,3213,EquipmentSkillItem,0
14488,13050082,1305008,1,3214,EquipmentSkillItem,0
14489,13050082,1305008,1,3215,EquipmentSkillItem,0
14490,13050082,1305008,1,3216,EquipmentSkillItem,0
14491,13050082,1305008,1,3217,EquipmentSkillItem,0
14492,13050082,1305008,1,3218,EquipmentSkillItem,0
14493,13050082,1305008,1,3219,EquipmentSkillItem,0
14494,13050082,1305008,1,3220,EquipmentSkillItem,0
14495,13050082,1305008,1,3221,EquipmentSkillItem,0
14496,13050082,1305008,1,3222,EquipmentSkillItem,0
14497,13050082,1305008,1,3223,EquipmentSkillItem,0
14498,13050082,1305008,1,3224,EquipmentSkillItem,0
14499,13050082,1305008,1,3225,EquipmentSkillItem,0
14500,13050082,1305008,1,3226,EquipmentSkillItem,0
14501,13050082,1305008,1,3227,EquipmentSkillItem,0
14502,13050082,1305008,1,3228,EquipmentSkillItem,0
14503,13050082,1305008,1,3229,EquipmentSkillItem,0
14504,13050082,1305008,1,3230,EquipmentSkillItem,0
14505,13050082,1305008,1,3231,EquipmentSkillItem,0
14506,13050082,1305008,1,3232,EquipmentSkillItem,0
14507,13050082,1305008,1,3233,EquipmentSkillItem,0
14508,13050082,1305008,1,3234,EquipmentSkillItem,0
14509,13050082,1305008,1,3235,EquipmentSkillItem,0
14510,13050082,1305008,1,3236,EquipmentSkillItem,0
14511,13050082,1305008,1,3237,EquipmentSkillItem,0
14512,13050082,1305008,1,3238,EquipmentSkillItem,0
14513,13050082,1305008,1,3239,EquipmentSkillItem,0
14514,13050082,1305008,1,3240,EquipmentSkillItem,0
14515,13050082,1305008,1,3241,EquipmentSkillItem,0
14516,13050082,1305008,1,3242,EquipmentSkillItem,0
14517,13050082,1305008,1,3243,EquipmentSkillItem,0
14518,13050082,1305008,1,3244,EquipmentSkillItem,0
14519,13050082,1305008,1,3245,EquipmentSkillItem,0
14520,13050082,1305008,1,3246,EquipmentSkillItem,0
14521,13050082,1305008,1,3247,EquipmentSkillItem,0
14522,13050082,1305008,1,3248,EquipmentSkillItem,0
14523,13050082,1305008,1,902,TrainingItem,0
14524,13060010,1306001,1,1028530,Card,0
14525,13060010,1306001,1,604,TrainingItem,0
14526,13060012,1306001,1,1028530,Card,0
14527,13060012,1306001,1,804,TrainingItem,0
14528,13060020,1306002,1,9,AwakeningItem,0
14529,13060020,1306002,1,10,AwakeningItem,0
14530,13060020,1306002,1,11,AwakeningItem,0
14531,13060020,1306002,1,12,AwakeningItem,0
14532,13060020,1306002,1,13,AwakeningItem,0
14533,13060022,1306002,1,14,AwakeningItem,0
14534,13060022,1306002,1,15,AwakeningItem,0
14535,13060022,1306002,1,16,AwakeningItem,0
14536,13060022,1306002,1,17,AwakeningItem,0
14537,13060022,1306002,1,18,AwakeningItem,0
14538,13060030,1306003,1,130601,AwakeningItem,0
14539,13060032,1306003,1,130601,AwakeningItem,0
14540,13060040,1306004,1,700,TrainingItem,0
14541,13060040,1306004,1,701,TrainingItem,0
14542,13060040,1306004,1,702,TrainingItem,0
14543,13060040,1306004,1,703,TrainingItem,0
14544,13060040,1306004,1,704,TrainingItem,0
14545,13060042,1306004,1,900,TrainingItem,0
14546,13060042,1306004,1,901,TrainingItem,0
14547,13060042,1306004,1,902,TrainingItem,0
14548,13060042,1306004,1,903,TrainingItem,0
14549,13060042,1306004,1,904,TrainingItem,0
14550,13060050,1306005,1,130602,AwakeningItem,0
14551,13060052,1306005,1,130602,AwakeningItem,0
14552,13060060,1306006,1,17501,SupportItem,0
14553,13060060,1306006,1,802,TrainingItem,0
14554,13060062,1306006,1,17501,SupportItem,0
14555,13060062,1306006,1,902,TrainingItem,0
14556,13060072,1306007,1,3159,EquipmentSkillItem,0
14557,13060072,1306007,1,3160,EquipmentSkillItem,0
14558,13060072,1306007,1,3161,EquipmentSkillItem,0
14559,13060072,1306007,1,3162,EquipmentSkillItem,0
14560,13060072,1306007,1,3163,EquipmentSkillItem,0
14561,13060072,1306007,1,3164,EquipmentSkillItem,0
14562,13060072,1306007,1,3165,EquipmentSkillItem,0
14563,13060072,1306007,1,3166,EquipmentSkillItem,0
14564,13060072,1306007,1,3167,EquipmentSkillItem,0
14565,13060072,1306007,1,3168,EquipmentSkillItem,0
14566,13060072,1306007,1,3169,EquipmentSkillItem,0
14567,13060072,1306007,1,3170,EquipmentSkillItem,0
14568,13060072,1306007,1,3171,EquipmentSkillItem,0
14569,13060072,1306007,1,3172,EquipmentSkillItem,0
14570,13060072,1306007,1,3173,EquipmentSkillItem,0
14571,13060072,1306007,1,3174,EquipmentSkillItem,0
14572,13060072,1306007,1,3175,EquipmentSkillItem,0
14573,13060072,1306007,1,3176,EquipmentSkillItem,0
14574,13060072,1306007,1,3177,EquipmentSkillItem,0
14575,13060072,1306007,1,3178,EquipmentSkillItem,0
14576,13060082,1306008,1,3179,EquipmentSkillItem,0
14577,13060082,1306008,1,3180,EquipmentSkillItem,0
14578,13060082,1306008,1,3181,EquipmentSkillItem,0
14579,13060082,1306008,1,3182,EquipmentSkillItem,0
14580,13060082,1306008,1,3183,EquipmentSkillItem,0
14581,13060082,1306008,1,3184,EquipmentSkillItem,0
14582,13060082,1306008,1,3185,EquipmentSkillItem,0
14583,13060082,1306008,1,3186,EquipmentSkillItem,0
14584,13060082,1306008,1,3187,EquipmentSkillItem,0
14585,13060082,1306008,1,3188,EquipmentSkillItem,0
14586,13060082,1306008,1,3189,EquipmentSkillItem,0
14587,13060082,1306008,1,3190,EquipmentSkillItem,0
14588,13060082,1306008,1,3191,EquipmentSkillItem,0
14589,13060082,1306008,1,3192,EquipmentSkillItem,0
14590,13060082,1306008,1,3193,EquipmentSkillItem,0
14591,13060082,1306008,1,804,TrainingItem,0
14592,13060092,1306009,1,3194,EquipmentSkillItem,0
14593,13060092,1306009,1,3195,EquipmentSkillItem,0
14594,13060092,1306009,1,3196,EquipmentSkillItem,0
14595,13060092,1306009,1,3197,EquipmentSkillItem,0
14596,13060092,1306009,1,3198,EquipmentSkillItem,0
14597,13060092,1306009,1,3199,EquipmentSkillItem,0
14598,13060092,1306009,1,3200,EquipmentSkillItem,0
14599,13060092,1306009,1,3201,EquipmentSkillItem,0
14600,13060092,1306009,1,3202,EquipmentSkillItem,0
14601,13060092,1306009,1,3203,EquipmentSkillItem,0
14602,13060092,1306009,1,904,TrainingItem,0
14603,13070010,1307001,1,9,AwakeningItem,0
14604,13070010,1307001,1,10,AwakeningItem,0
14605,13070010,1307001,1,11,AwakeningItem,0
14606,13070010,1307001,1,12,AwakeningItem,0
14607,13070010,1307001,1,13,AwakeningItem,0
14608,13070012,1307001,1,14,AwakeningItem,0
14609,13070012,1307001,1,15,AwakeningItem,0
14610,13070012,1307001,1,16,AwakeningItem,0
14611,13070012,1307001,1,17,AwakeningItem,0
14612,13070012,1307001,1,18,AwakeningItem,0
14613,13070020,1307002,1,1029630,Card,0
14614,13070020,1307002,1,601,TrainingItem,0
14615,13070022,1307002,1,1029630,Card,0
14616,13070022,1307002,1,801,TrainingItem,0
14617,13070030,1307003,1,130701,AwakeningItem,0
14618,13070030,1307003,1,601,TrainingItem,0
14619,13070032,1307003,1,130701,AwakeningItem,0
14620,13070040,1307004,1,1029660,Card,0
14621,13070040,1307004,1,602,TrainingItem,0
14622,13070042,1307004,1,1029660,Card,0
14623,13070042,1307004,1,802,TrainingItem,0
14624,13070050,1307005,1,130711,AwakeningItem,0
14625,13070050,1307005,1,602,TrainingItem,0
14626,13070052,1307005,1,130711,AwakeningItem,0
14627,13070060,1307006,1,33301,SupportItem,0
14628,13070060,1307006,1,1201,SupportItem,0
14629,13070062,1307006,1,33301,SupportItem,0
14630,13070062,1307006,1,1201,SupportItem,0
14631,13070072,1307007,1,4550,EquipmentSkillItem,0
14632,13070072,1307007,1,4551,EquipmentSkillItem,0
14633,13070072,1307007,1,4552,EquipmentSkillItem,0
14634,13070072,1307007,1,4553,EquipmentSkillItem,0
14635,13070072,1307007,1,4554,EquipmentSkillItem,0
14636,13070072,1307007,1,4555,EquipmentSkillItem,0
14637,13070072,1307007,1,4556,EquipmentSkillItem,0
14638,13070072,1307007,1,4557,EquipmentSkillItem,0
14639,13070072,1307007,1,4558,EquipmentSkillItem,0
14640,13070072,1307007,1,4559,EquipmentSkillItem,0
14641,13070072,1307007,1,4560,EquipmentSkillItem,0
14642,13070072,1307007,1,4561,EquipmentSkillItem,0
14643,13070072,1307007,1,4562,EquipmentSkillItem,0
14644,13070072,1307007,1,4563,EquipmentSkillItem,0
14645,13070072,1307007,1,4564,EquipmentSkillItem,0
14646,13070072,1307007,1,4565,EquipmentSkillItem,0
14647,13070072,1307007,1,4566,EquipmentSkillItem,0
14648,13070072,1307007,1,4567,EquipmentSkillItem,0
14649,13070072,1307007,1,4568,EquipmentSkillItem,0
14650,13070072,1307007,1,4569,EquipmentSkillItem,0
14651,13070072,1307007,1,4570,EquipmentSkillItem,0
14652,13070072,1307007,1,4571,EquipmentSkillItem,0
14653,13070072,1307007,1,4572,EquipmentSkillItem,0
14654,13070072,1307007,1,4573,EquipmentSkillItem,0
14655,13070072,1307007,1,4574,EquipmentSkillItem,0
14656,13070072,1307007,1,4575,EquipmentSkillItem,0
14657,13070072,1307007,1,4576,EquipmentSkillItem,0
14658,13070072,1307007,1,4577,EquipmentSkillItem,0
14659,13070072,1307007,1,4578,EquipmentSkillItem,0
14660,13070072,1307007,1,4579,EquipmentSkillItem,0
14661,13070072,1307007,1,4580,EquipmentSkillItem,0
14662,13070072,1307007,1,4581,EquipmentSkillItem,0
14663,13070072,1307007,1,4582,EquipmentSkillItem,0
14664,13070072,1307007,1,4583,EquipmentSkillItem,0
14665,13070072,1307007,1,4584,EquipmentSkillItem,0
14666,13070072,1307007,1,4585,EquipmentSkillItem,0
14667,13070072,1307007,1,4586,EquipmentSkillItem,0
14668,13070072,1307007,1,4587,EquipmentSkillItem,0
14669,13070072,1307007,1,4588,EquipmentSkillItem,0
14670,13070072,1307007,1,4589,EquipmentSkillItem,0
14671,13070072,1307007,1,4590,EquipmentSkillItem,0
14672,13070072,1307007,1,4591,EquipmentSkillItem,0
14673,13070072,1307007,1,4592,EquipmentSkillItem,0
14674,13070072,1307007,1,4593,EquipmentSkillItem,0
14675,13070072,1307007,1,4594,EquipmentSkillItem,0
14676,13070072,1307007,1,902,TrainingItem,0
14677,13070082,1307008,1,4595,EquipmentSkillItem,0
14678,13070082,1307008,1,4596,EquipmentSkillItem,0
14679,13070082,1307008,1,4597,EquipmentSkillItem,0
14680,13070082,1307008,1,4598,EquipmentSkillItem,0
14681,13070082,1307008,1,4599,EquipmentSkillItem,0
14682,13070082,1307008,1,4600,EquipmentSkillItem,0
14683,13070082,1307008,1,4601,EquipmentSkillItem,0
14684,13070082,1307008,1,4602,EquipmentSkillItem,0
14685,13070082,1307008,1,4603,EquipmentSkillItem,0
14686,13070082,1307008,1,4604,EquipmentSkillItem,0
14687,13070082,1307008,1,4605,EquipmentSkillItem,0
14688,13070082,1307008,1,4606,EquipmentSkillItem,0
14689,13070082,1307008,1,4607,EquipmentSkillItem,0
14690,13070082,1307008,1,4608,EquipmentSkillItem,0
14691,13070082,1307008,1,4609,EquipmentSkillItem,0
14692,13070082,1307008,1,4610,EquipmentSkillItem,0
14693,13070082,1307008,1,4611,EquipmentSkillItem,0
14694,13070082,1307008,1,4612,EquipmentSkillItem,0
14695,13070082,1307008,1,4613,EquipmentSkillItem,0
14696,13070082,1307008,1,4614,EquipmentSkillItem,0
14697,13070082,1307008,1,4615,EquipmentSkillItem,0
14698,13070082,1307008,1,4616,EquipmentSkillItem,0
14699,13070082,1307008,1,4617,EquipmentSkillItem,0
14700,13070082,1307008,1,4618,EquipmentSkillItem,0
14701,13070082,1307008,1,4619,EquipmentSkillItem,0
14702,13070082,1307008,1,4620,EquipmentSkillItem,0
14703,13070082,1307008,1,4621,EquipmentSkillItem,0
14704,13070082,1307008,1,4622,EquipmentSkillItem,0
14705,13070082,1307008,1,4623,EquipmentSkillItem,0
14706,13070082,1307008,1,4624,EquipmentSkillItem,0
14707,13070082,1307008,1,4625,EquipmentSkillItem,0
14708,13070082,1307008,1,4626,EquipmentSkillItem,0
14709,13070082,1307008,1,4627,EquipmentSkillItem,0
14710,13070082,1307008,1,4628,EquipmentSkillItem,0
14711,13070082,1307008,1,4629,EquipmentSkillItem,0
14712,13070082,1307008,1,4630,EquipmentSkillItem,0
14713,13070082,1307008,1,4631,EquipmentSkillItem,0
14714,13070082,1307008,1,4632,EquipmentSkillItem,0
14715,13070082,1307008,1,4633,EquipmentSkillItem,0
14716,13070082,1307008,1,4634,EquipmentSkillItem,0
14717,13070082,1307008,1,4635,EquipmentSkillItem,0
14718,13070082,1307008,1,4636,EquipmentSkillItem,0
14719,13070082,1307008,1,4637,EquipmentSkillItem,0
14720,13070082,1307008,1,4638,EquipmentSkillItem,0
14721,13070082,1307008,1,4639,EquipmentSkillItem,0
14722,13070082,1307008,1,901,TrainingItem,0
14723,13080010,1308001,1,1030230,Card,0
14724,13080010,1308001,1,604,TrainingItem,0
14725,13080012,1308001,1,1030230,Card,0
14726,13080012,1308001,1,804,TrainingItem,0
14727,13080020,1308002,0,130801,AwakeningItem,0
14728,13080022,1308002,1,130801,AwakeningItem,0
14729,13080030,1308003,0,604,TrainingItem,0
14730,13080032,1308003,0,804,TrainingItem,0
14731,13080040,1308004,0,1,AwakeningItem,0
14732,13080042,1308004,0,7,AwakeningItem,0
14733,13080050,1308005,1,130803,AwakeningItem,0
14734,13080050,1308005,1,604,TrainingItem,0
14735,13080052,1308005,1,130803,AwakeningItem,0
14736,13080060,1308006,1,1030250,Card,0
14737,13080060,1308006,1,602,TrainingItem,0
14738,13080062,1308006,1,1030250,Card,0
14739,13080062,1308006,1,802,TrainingItem,0
14740,13080070,1308007,0,130802,AwakeningItem,0
14741,13080072,1308007,1,130802,AwakeningItem,0
14742,13080080,1308008,1,130804,AwakeningItem,0
14743,13080080,1308008,1,602,TrainingItem,0
14744,13080082,1308008,1,130804,AwakeningItem,0
14745,13080090,1308009,0,602,TrainingItem,0
14746,13080092,1308009,0,802,TrainingItem,0
14747,13080100,1308010,0,130801,SupportItem,0
14748,13080102,1308010,0,130801,SupportItem,0
14749,13080110,1308011,0,3,AwakeningItem,0
14750,13080112,1308011,0,5,AwakeningItem,0
14751,13080120,1308012,0,10,AwakeningItem,0
14752,13080122,1308012,0,17,AwakeningItem,0
14753,13080130,1308013,0,604,TrainingItem,0
14754,13080132,1308013,0,804,TrainingItem,0
14755,13080140,1308014,0,9,AwakeningItem,0
14756,13080142,1308014,0,15,AwakeningItem,0
14757,13080150,1308015,0,602,TrainingItem,0
14758,13080152,1308015,0,802,TrainingItem,0
14759,13080160,1308016,0,50,TreasureItem,0
14760,13080162,1308016,0,50,TreasureItem,0
14761,13090010,1309001,1,1901,SupportItem,0
14762,13090010,1309001,1,800,TrainingItem,0
14763,13090012,1309001,1,1901,SupportItem,0
14764,13090012,1309001,1,900,TrainingItem,0
14765,13090020,1309002,1,9,AwakeningItem,0
14766,13090020,1309002,1,10,AwakeningItem,0
14767,13090020,1309002,1,11,AwakeningItem,0
14768,13090020,1309002,1,12,AwakeningItem,0
14769,13090020,1309002,1,13,AwakeningItem,0
14770,13090022,1309002,1,14,AwakeningItem,0
14771,13090022,1309002,1,15,AwakeningItem,0
14772,13090022,1309002,1,16,AwakeningItem,0
14773,13090022,1309002,1,17,AwakeningItem,0
14774,13090022,1309002,1,18,AwakeningItem,0
14775,13090030,1309003,1,700,TrainingItem,0
14776,13090030,1309003,1,701,TrainingItem,0
14777,13090030,1309003,1,702,TrainingItem,0
14778,13090030,1309003,1,703,TrainingItem,0
14779,13090030,1309003,1,704,TrainingItem,0
14780,13090032,1309003,1,900,TrainingItem,0
14781,13090032,1309003,1,901,TrainingItem,0
14782,13090032,1309003,1,902,TrainingItem,0
14783,13090032,1309003,1,903,TrainingItem,0
14784,13090032,1309003,1,904,TrainingItem,0
14785,13090040,1309004,0,1400,SupportItem,0
14786,13090042,1309004,0,1400,SupportItem,0
14787,13090050,1309005,1,32102,SupportItem,0
14788,13090050,1309005,1,800,TrainingItem,0
14789,13090052,1309005,1,32102,SupportItem,0
14790,13090052,1309005,1,900,TrainingItem,0
14791,13090060,1309006,0,2,TrainingField,0
14792,13090062,1309006,0,2,TrainingField,0
14793,13090070,1309007,1,1700,SupportItem,0
14794,13090070,1309007,1,800,TrainingItem,0
14795,13090072,1309007,1,1700,SupportItem,0
14796,13090072,1309007,1,900,TrainingItem,0
14797,13090080,1309008,0,1401,SupportItem,0
14798,13090082,1309008,0,1401,SupportItem,0
14799,13090090,1309009,0,1403,SupportItem,0
14800,13090092,1309009,0,1403,SupportItem,0
14801,13090100,1309010,1,1030770,Card,0
14802,13090100,1309010,1,600,TrainingItem,0
14803,13090102,1309010,1,1030770,Card,0
14804,13090102,1309010,1,800,TrainingItem,0
14805,13090110,1309011,1,130901,AwakeningItem,0
14806,13090112,1309011,1,130901,AwakeningItem,0
14807,13090120,1309012,0,6,SupportItem,0
14808,13090122,1309012,0,6,SupportItem,0
14809,13090130,1309013,1,5,TrainingField,0
14810,13090130,1309013,1,7,TrainingField,0
14811,13090132,1309013,1,6,TrainingField,0
14812,13090132,1309013,1,8,TrainingField,0
14813,13090140,1309014,1,130902,AwakeningItem,0
14814,13090142,1309014,1,130902,AwakeningItem,0
14815,13090152,1309015,1,5041,EquipmentSkillItem,0
14816,13090152,1309015,1,5042,EquipmentSkillItem,0
14817,13090152,1309015,1,5043,EquipmentSkillItem,0
14818,13090152,1309015,1,5044,EquipmentSkillItem,0
14819,13090152,1309015,1,5045,EquipmentSkillItem,0
14820,13090152,1309015,1,5046,EquipmentSkillItem,0
14821,13090152,1309015,1,5047,EquipmentSkillItem,0
14822,13090152,1309015,1,5048,EquipmentSkillItem,0
14823,13090152,1309015,1,5049,EquipmentSkillItem,0
14824,13090152,1309015,1,5050,EquipmentSkillItem,0
14825,13090152,1309015,1,5051,EquipmentSkillItem,0
14826,13090152,1309015,1,5052,EquipmentSkillItem,0
14827,13090152,1309015,1,5053,EquipmentSkillItem,0
14828,13090152,1309015,1,5054,EquipmentSkillItem,0
14829,13090152,1309015,1,5055,EquipmentSkillItem,0
14830,13090152,1309015,1,5056,EquipmentSkillItem,0
14831,13090152,1309015,1,5057,EquipmentSkillItem,0
14832,13090152,1309015,1,5058,EquipmentSkillItem,0
14833,13090152,1309015,1,5059,EquipmentSkillItem,0
14834,13090152,1309015,1,5060,EquipmentSkillItem,0
14835,13090152,1309015,1,5061,EquipmentSkillItem,0
14836,13090152,1309015,1,5062,EquipmentSkillItem,0
14837,13090152,1309015,1,5063,EquipmentSkillItem,0
14838,13090152,1309015,1,5064,EquipmentSkillItem,0
14839,13090152,1309015,1,5065,EquipmentSkillItem,0
14840,13090152,1309015,1,5066,EquipmentSkillItem,0
14841,13090152,1309015,1,5067,EquipmentSkillItem,0
14842,13090152,1309015,1,5068,EquipmentSkillItem,0
14843,13090152,1309015,1,5069,EquipmentSkillItem,0
14844,13090152,1309015,1,5070,EquipmentSkillItem,0
14845,13090152,1309015,1,5071,EquipmentSkillItem,0
14846,13090152,1309015,1,5072,EquipmentSkillItem,0
14847,13090152,1309015,1,5073,EquipmentSkillItem,0
14848,13090152,1309015,1,5074,EquipmentSkillItem,0
14849,13090152,1309015,1,5075,EquipmentSkillItem,0
14850,13090152,1309015,1,5076,EquipmentSkillItem,0
14851,13090152,1309015,1,5077,EquipmentSkillItem,0
14852,13090152,1309015,1,5078,EquipmentSkillItem,0
14853,13090152,1309015,1,5079,EquipmentSkillItem,0
14854,13090152,1309015,1,5080,EquipmentSkillItem,0
14855,13090152,1309015,1,5081,EquipmentSkillItem,0
14856,13090152,1309015,1,5082,EquipmentSkillItem,0
14857,13090152,1309015,1,5083,EquipmentSkillItem,0
14858,13090152,1309015,1,5084,EquipmentSkillItem,0
14859,13090152,1309015,1,5085,EquipmentSkillItem,0
14860,13090152,1309015,1,900,TrainingItem,0
14861,13110010,1311001,1,3,TrainingField,0
14862,13110010,1311001,1,801,TrainingItem,0
14863,13110012,1311001,1,3,TrainingField,0
14864,13110012,1311001,1,901,TrainingItem,0
14865,13110020,1311002,1,600,TrainingItem,0
14866,13110020,1311002,1,800,TrainingItem,0
14867,13110022,1311002,1,800,TrainingItem,0
14868,13110022,1311002,1,900,TrainingItem,0
14869,13110030,1311003,1,604,TrainingItem,0
14870,13110030,1311003,1,804,TrainingItem,0
14871,13110032,1311003,1,804,TrainingItem,0
14872,13110032,1311003,1,904,TrainingItem,0
14873,13110040,1311004,1,603,TrainingItem,0
14874,13110040,1311004,1,803,TrainingItem,0
14875,13110042,1311004,1,803,TrainingItem,0
14876,13110042,1311004,1,903,TrainingItem,0
14877,13110050,1311005,1,602,TrainingItem,0
14878,13110050,1311005,1,802,TrainingItem,0
14879,13110052,1311005,1,802,TrainingItem,0
14880,13110052,1311005,1,902,TrainingItem,0
14881,13110060,1311006,0,33001,SupportItem,0
14882,13110062,1311006,0,33001,SupportItem,0
14883,13110070,1311007,1,4,AwakeningItem,0
14884,13110070,1311007,1,5,AwakeningItem,0
14885,13110070,1311007,1,6,AwakeningItem,0
14886,13110070,1311007,1,7,AwakeningItem,0
14887,13110070,1311007,1,8,AwakeningItem,0
14888,13110072,1311007,1,9,AwakeningItem,0
14889,13110072,1311007,1,10,AwakeningItem,0
14890,13110072,1311007,1,11,AwakeningItem,0
14891,13110072,1311007,1,12,AwakeningItem,0
14892,13110072,1311007,1,13,AwakeningItem,0
14893,13110080,1311008,1,800,TrainingItem,0
14894,13110080,1311008,1,801,TrainingItem,0
14895,13110080,1311008,1,802,TrainingItem,0
14896,13110080,1311008,1,803,TrainingItem,0
14897,13110080,1311008,1,804,TrainingItem,0
14898,13110082,1311008,1,900,TrainingItem,0
14899,13110082,1311008,1,901,TrainingItem,0
14900,13110082,1311008,1,902,TrainingItem,0
14901,13110082,1311008,1,903,TrainingItem,0
14902,13110082,1311008,1,904,TrainingItem,0
14903,13110090,1311009,0,6,SupportItem,0
14904,13110092,1311009,0,6,SupportItem,0
14905,13110100,1311010,1,1000,SupportItem,0
14906,13110100,1311010,1,1701,SupportItem,0
14907,13110102,1311010,1,1000,SupportItem,0
14908,13110102,1311010,1,1701,SupportItem,0
14909,13110110,1311011,1,9,AwakeningItem,0
14910,13110110,1311011,1,10,AwakeningItem,0
14911,13110110,1311011,1,11,AwakeningItem,0
14912,13110110,1311011,1,12,AwakeningItem,0
14913,13110110,1311011,1,13,AwakeningItem,0
14914,13110112,1311011,1,14,AwakeningItem,0
14915,13110112,1311011,1,15,AwakeningItem,0
14916,13110112,1311011,1,16,AwakeningItem,0
14917,13110112,1311011,1,17,AwakeningItem,0
14918,13110112,1311011,1,18,AwakeningItem,0
14919,13110120,1311012,1,800,TrainingItem,0
14920,13110120,1311012,1,801,TrainingItem,0
14921,13110120,1311012,1,802,TrainingItem,0
14922,13110120,1311012,1,803,TrainingItem,0
14923,13110120,1311012,1,804,TrainingItem,0
14924,13110122,1311012,1,900,TrainingItem,0
14925,13110122,1311012,1,901,TrainingItem,0
14926,13110122,1311012,1,902,TrainingItem,0
14927,13110122,1311012,1,903,TrainingItem,0
14928,13110122,1311012,1,904,TrainingItem,0
14929,13110130,1311013,1,5,TrainingField,0
14930,13110130,1311013,1,7,TrainingField,0
14931,13110132,1311013,1,6,TrainingField,0
14932,13110132,1311013,1,8,TrainingField,0
14933,13110140,1311014,1,9,AwakeningItem,0
14934,13110140,1311014,1,10,AwakeningItem,0
14935,13110140,1311014,1,11,AwakeningItem,0
14936,13110140,1311014,1,12,AwakeningItem,0
14937,13110140,1311014,1,13,AwakeningItem,0
14938,13110140,1311014,1,1002640,Card,93879
14939,13110142,1311014,1,14,AwakeningItem,0
14940,13110142,1311014,1,15,AwakeningItem,0
14941,13110142,1311014,1,16,AwakeningItem,0
14942,13110142,1311014,1,17,AwakeningItem,0
14943,13110142,1311014,1,18,AwakeningItem,0
14944,13110142,1311014,1,1002630,Card,765122
14945,13110152,1311015,1,1700,SupportItem,0
14946,13110152,1311015,1,900,TrainingItem,0
14947,13110152,1311015,1,901,TrainingItem,0
14948,13110152,1311015,1,902,TrainingItem,0
14949,13110152,1311015,1,903,TrainingItem,0
14950,13110152,1311015,1,904,TrainingItem,0
14951,13120010,1312001,1,33701,SupportItem,0
14952,13120010,1312001,1,804,TrainingItem,0
14953,13120012,1312001,1,33701,SupportItem,0
14954,13120012,1312001,1,904,TrainingItem,0
14955,13120020,1312002,1,34601,SupportItem,0
14956,13120020,1312002,1,800,TrainingItem,0
14957,13120022,1312002,1,34601,SupportItem,0
14958,13120022,1312002,1,900,TrainingItem,0
14959,13120030,1312003,1,602,TrainingItem,0
14960,13120030,1312003,1,802,TrainingItem,0
14961,13120032,1312003,1,802,TrainingItem,0
14962,13120032,1312003,1,902,TrainingItem,0
14963,13120040,1312004,1,601,TrainingItem,0
14964,13120040,1312004,1,801,TrainingItem,0
14965,13120042,1312004,1,801,TrainingItem,0
14966,13120042,1312004,1,901,TrainingItem,0
14967,13120050,1312005,1,17501,SupportItem,0
14968,13120050,1312005,1,803,TrainingItem,0
14969,13120052,1312005,1,17501,SupportItem,0
14970,13120052,1312005,1,903,TrainingItem,0
14971,13120060,1312006,0,30503,SupportItem,0
14972,13120062,1312006,0,30503,SupportItem,0
14973,13120070,1312007,0,6,SupportItem,0
14974,13120072,1312007,0,6,SupportItem,0
14975,13120080,1312008,1,4,AwakeningItem,0
14976,13120080,1312008,1,5,AwakeningItem,0
14977,13120080,1312008,1,6,AwakeningItem,0
14978,13120080,1312008,1,7,AwakeningItem,0
14979,13120080,1312008,1,8,AwakeningItem,0
14980,13120082,1312008,1,9,AwakeningItem,0
14981,13120082,1312008,1,10,AwakeningItem,0
14982,13120082,1312008,1,11,AwakeningItem,0
14983,13120082,1312008,1,12,AwakeningItem,0
14984,13120082,1312008,1,13,AwakeningItem,0
14985,13120090,1312009,1,800,TrainingItem,0
14986,13120090,1312009,1,801,TrainingItem,0
14987,13120090,1312009,1,802,TrainingItem,0
14988,13120090,1312009,1,803,TrainingItem,0
14989,13120090,1312009,1,804,TrainingItem,0
14990,13120092,1312009,1,900,TrainingItem,0
14991,13120092,1312009,1,901,TrainingItem,0
14992,13120092,1312009,1,902,TrainingItem,0
14993,13120092,1312009,1,903,TrainingItem,0
14994,13120092,1312009,1,904,TrainingItem,0
14995,13120100,1312010,1,1505,SupportItem,0
14996,13120100,1312010,1,1700,SupportItem,0
14997,13120102,1312010,1,1505,SupportItem,0
14998,13120102,1312010,1,1700,SupportItem,0
14999,13120110,1312011,1,9,AwakeningItem,0
15000,13120110,1312011,1,10,AwakeningItem,0
15001,13120110,1312011,1,11,AwakeningItem,0
15002,13120110,1312011,1,12,AwakeningItem,0
15003,13120110,1312011,1,13,AwakeningItem,0
15004,13120112,1312011,1,14,AwakeningItem,0
15005,13120112,1312011,1,15,AwakeningItem,0
15006,13120112,1312011,1,16,AwakeningItem,0
15007,13120112,1312011,1,17,AwakeningItem,0
15008,13120112,1312011,1,18,AwakeningItem,0
15009,13120120,1312012,0,30501,SupportItem,0
15010,13120122,1312012,0,30501,SupportItem,0
15011,13120130,1312013,1,5,TrainingField,0
15012,13120130,1312013,1,7,TrainingField,0
15013,13120132,1312013,1,6,TrainingField,0
15014,13120132,1312013,1,11,TrainingField,0
15015,13120140,1312014,1,9,AwakeningItem,0
15016,13120140,1312014,1,10,AwakeningItem,0
15017,13120140,1312014,1,11,AwakeningItem,0
15018,13120140,1312014,1,12,AwakeningItem,0
15019,13120140,1312014,1,13,AwakeningItem,0
15020,13120140,1312014,1,1002640,Card,93879
15021,13120142,1312014,1,14,AwakeningItem,0
15022,13120142,1312014,1,15,AwakeningItem,0
15023,13120142,1312014,1,16,AwakeningItem,0
15024,13120142,1312014,1,17,AwakeningItem,0
15025,13120142,1312014,1,18,AwakeningItem,0
15026,13120142,1312014,1,1002630,Card,765122
15027,13120152,1312015,1,30505,SupportItem,0
15028,13120152,1312015,1,900,TrainingItem,0
15029,13120152,1312015,1,901,TrainingItem,0
15030,13120152,1312015,1,902,TrainingItem,0
15031,13120152,1312015,1,903,TrainingItem,0
15032,13120152,1312015,1,904,TrainingItem,0
15033,13130010,1313001,1,1,AwakeningItem,0
15034,13130010,1313001,1,2,AwakeningItem,0
15035,13130010,1313001,1,3,AwakeningItem,0
15036,13130012,1313001,1,1,AwakeningItem,0
15037,13130012,1313001,1,2,AwakeningItem,0
15038,13130012,1313001,1,3,AwakeningItem,0
15039,13130020,1313002,1,36201,SupportItem,0
15040,13130020,1313002,1,4,TrainingField,0
15041,13130022,1313002,1,36201,SupportItem,0
15042,13130022,1313002,1,5,TrainingField,0
15043,13130030,1313003,0,1800,SupportItem,0
15044,13130032,1313003,0,1800,SupportItem,0
15045,13130040,1313004,1,34601,SupportItem,0
15046,13130040,1313004,1,801,TrainingItem,0
15047,13130042,1313004,1,34601,SupportItem,0
15048,13130042,1313004,1,901,TrainingItem,0
15049,13130050,1313005,1,600,TrainingItem,0
15050,13130050,1313005,1,601,TrainingItem,0
15051,13130050,1313005,1,602,TrainingItem,0
15052,13130050,1313005,1,603,TrainingItem,0
15053,13130050,1313005,1,604,TrainingItem,0
15054,13130052,1313005,1,800,TrainingItem,0
15055,13130052,1313005,1,801,TrainingItem,0
15056,13130052,1313005,1,802,TrainingItem,0
15057,13130052,1313005,1,803,TrainingItem,0
15058,13130052,1313005,1,804,TrainingItem,0
15059,13130060,1313006,1,6,SupportItem,0
15060,13130060,1313006,1,6,TrainingField,0
15061,13130062,1313006,1,6,SupportItem,0
15062,13130062,1313006,1,7,TrainingField,0
15063,13130062,1313006,1,12,TrainingField,0
15064,13130070,1313007,1,4,AwakeningItem,0
15065,13130070,1313007,1,5,AwakeningItem,0
15066,13130070,1313007,1,6,AwakeningItem,0
15067,13130070,1313007,1,7,AwakeningItem,0
15068,13130070,1313007,1,8,AwakeningItem,0
15069,13130072,1313007,1,9,AwakeningItem,0
15070,13130072,1313007,1,10,AwakeningItem,0
15071,13130072,1313007,1,11,AwakeningItem,0
15072,13130072,1313007,1,12,AwakeningItem,0
15073,13130072,1313007,1,13,AwakeningItem,0
15074,13130080,1313008,1,700,TrainingItem,0
15075,13130080,1313008,1,701,TrainingItem,0
15076,13130080,1313008,1,702,TrainingItem,0
15077,13130080,1313008,1,703,TrainingItem,0
15078,13130080,1313008,1,704,TrainingItem,0
15079,13130082,1313008,1,900,TrainingItem,0
15080,13130082,1313008,1,901,TrainingItem,0
15081,13130082,1313008,1,902,TrainingItem,0
15082,13130082,1313008,1,903,TrainingItem,0
15083,13130082,1313008,1,904,TrainingItem,0
15084,13130090,1313009,1,32101,SupportItem,0
15085,13130090,1313009,1,804,TrainingItem,0
15086,13130092,1313009,1,32101,SupportItem,0
15087,13130092,1313009,1,904,TrainingItem,0
15088,13130100,1313010,1,1030600,Card,0
15089,13130100,1313010,1,604,TrainingItem,0
15090,13130102,1313010,1,1030600,Card,0
15091,13130102,1313010,1,804,TrainingItem,0
15092,13130110,1313011,0,1201,SupportItem,0
15093,13130112,1313011,0,1201,SupportItem,0
15094,13130120,1313012,1,700,TrainingItem,0
15095,13130120,1313012,1,701,TrainingItem,0
15096,13130120,1313012,1,702,TrainingItem,0
15097,13130120,1313012,1,703,TrainingItem,0
15098,13130120,1313012,1,704,TrainingItem,0
15099,13130122,1313012,1,900,TrainingItem,0
15100,13130122,1313012,1,901,TrainingItem,0
15101,13130122,1313012,1,902,TrainingItem,0
15102,13130122,1313012,1,903,TrainingItem,0
15103,13130122,1313012,1,904,TrainingItem,0
15104,13130130,1313013,1,131301,AwakeningItem,0
15105,13130130,1313013,1,604,TrainingItem,0
15106,13130132,1313013,1,131301,AwakeningItem,0
15107,13130140,1313014,1,9,AwakeningItem,0
15108,13130140,1313014,1,10,AwakeningItem,0
15109,13130140,1313014,1,11,AwakeningItem,0
15110,13130140,1313014,1,12,AwakeningItem,0
15111,13130140,1313014,1,13,AwakeningItem,0
15112,13130142,1313014,1,14,AwakeningItem,0
15113,13130142,1313014,1,15,AwakeningItem,0
15114,13130142,1313014,1,16,AwakeningItem,0
15115,13130142,1313014,1,17,AwakeningItem,0
15116,13130142,1313014,1,18,AwakeningItem,0
15117,13130152,1313015,1,5463,EquipmentSkillItem,0
15118,13130152,1313015,1,5464,EquipmentSkillItem,0
15119,13130152,1313015,1,5465,EquipmentSkillItem,0
15120,13130152,1313015,1,5466,EquipmentSkillItem,0
15121,13130152,1313015,1,5467,EquipmentSkillItem,0
15122,13130152,1313015,1,5468,EquipmentSkillItem,0
15123,13130152,1313015,1,5469,EquipmentSkillItem,0
15124,13130152,1313015,1,5470,EquipmentSkillItem,0
15125,13130152,1313015,1,5471,EquipmentSkillItem,0
15126,13130152,1313015,1,5472,EquipmentSkillItem,0
15127,13130152,1313015,1,5473,EquipmentSkillItem,0
15128,13130152,1313015,1,5474,EquipmentSkillItem,0
15129,13130152,1313015,1,5475,EquipmentSkillItem,0
15130,13130152,1313015,1,5476,EquipmentSkillItem,0
15131,13130152,1313015,1,5477,EquipmentSkillItem,0
15132,13130152,1313015,1,5478,EquipmentSkillItem,0
15133,13130152,1313015,1,5479,EquipmentSkillItem,0
15134,13130152,1313015,1,5480,EquipmentSkillItem,0
15135,13130152,1313015,1,5481,EquipmentSkillItem,0
15136,13130152,1313015,1,5482,EquipmentSkillItem,0
15137,13130152,1313015,1,5483,EquipmentSkillItem,0
15138,13130152,1313015,1,5484,EquipmentSkillItem,0
15139,13130152,1313015,1,5485,EquipmentSkillItem,0
15140,13130152,1313015,1,5486,EquipmentSkillItem,0
15141,13130152,1313015,1,5487,EquipmentSkillItem,0
15142,13130152,1313015,1,5488,EquipmentSkillItem,0
15143,13130152,1313015,1,5489,EquipmentSkillItem,0
15144,13130152,1313015,1,5490,EquipmentSkillItem,0
15145,13130152,1313015,1,5491,EquipmentSkillItem,0
15146,13130152,1313015,1,5492,EquipmentSkillItem,0
15147,13130152,1313015,1,5493,EquipmentSkillItem,0
15148,13130152,1313015,1,5494,EquipmentSkillItem,0
15149,13130152,1313015,1,5495,EquipmentSkillItem,0
15150,13130152,1313015,1,5496,EquipmentSkillItem,0
15151,13130152,1313015,1,5497,EquipmentSkillItem,0
15152,13130152,1313015,1,5498,EquipmentSkillItem,0
15153,13130152,1313015,1,5499,EquipmentSkillItem,0
15154,13130152,1313015,1,5500,EquipmentSkillItem,0
15155,13130152,1313015,1,5501,EquipmentSkillItem,0
15156,13130152,1313015,1,5502,EquipmentSkillItem,0
15157,13130152,1313015,1,5503,EquipmentSkillItem,0
15158,13130152,1313015,1,5504,EquipmentSkillItem,0
15159,13130152,1313015,1,5505,EquipmentSkillItem,0
15160,13130152,1313015,1,5506,EquipmentSkillItem,0
15161,13130152,1313015,1,5507,EquipmentSkillItem,0
15162,13130152,1313015,1,904,TrainingItem,0
15163,15010012,1501001,1,15011,AwakeningItem,0
15164,15010014,1501001,0,15011,AwakeningItem,0
15165,15020012,1502001,1,15021,AwakeningItem,0
15166,15020014,1502001,0,15021,AwakeningItem,0
15167,15030012,1503001,1,15031,AwakeningItem,0
15168,15030014,1503001,0,15031,AwakeningItem,0
15169,15040012,1504001,1,15041,AwakeningItem,0
15170,15040014,1504001,0,15041,AwakeningItem,0
15171,15050012,1505001,1,15051,AwakeningItem,0
15172,15050014,1505001,0,15051,AwakeningItem,0
15173,15060012,1506001,1,15061,AwakeningItem,0
15174,15060014,1506001,0,15061,AwakeningItem,0
15175,15070012,1507001,1,15071,AwakeningItem,0
15176,15070014,1507001,0,15071,AwakeningItem,0
15177,15080012,1508001,1,15081,AwakeningItem,0
15178,15080014,1508001,0,15081,AwakeningItem,0
15179,15090012,1509001,1,15091,AwakeningItem,0
15180,15090014,1509001,0,15091,AwakeningItem,0
15181,15100012,1510001,1,34001,AwakeningItem,0
15182,15100014,1510001,0,34001,AwakeningItem,0
15183,15110012,1511001,1,15111,AwakeningItem,0
15184,15110014,1511001,0,15111,AwakeningItem,0
15185,15110022,1511002,1,15112,AwakeningItem,0
15186,15110023,1511002,0,15112,AwakeningItem,0
15187,15120012,1512001,1,15121,AwakeningItem,0
15188,15120014,1512001,0,15121,AwakeningItem,0
15189,15130012,1513001,1,15131,AwakeningItem,0
15190,15130014,1513001,0,15131,AwakeningItem,0
15191,15140012,1514001,1,15141,AwakeningItem,0
15192,15140014,1514001,0,15141,AwakeningItem,0
15193,15150012,1515001,1,15151,AwakeningItem,0
15194,15150014,1515001,0,15151,AwakeningItem,0
15195,15160012,1516001,1,15161,AwakeningItem,0
15196,15160014,1516001,0,15161,AwakeningItem,0
15197,15170012,1517001,1,15171,AwakeningItem,0
15198,15170013,1517001,0,15171,AwakeningItem,0
15199,15180012,1518001,1,15181,AwakeningItem,0
15200,15180013,1518001,0,15181,AwakeningItem,0
15201,15180022,1518002,1,15182,AwakeningItem,0
15202,15180023,1518002,0,15182,AwakeningItem,0
15203,15190012,1519001,1,15191,AwakeningItem,0
15204,15190013,1519001,0,15191,AwakeningItem,0
15205,15200012,1520001,1,15202,AwakeningItem,0
15206,15200013,1520001,0,15202,AwakeningItem,0
15207,15210012,1521001,1,15211,AwakeningItem,0
15208,15210013,1521001,0,15211,AwakeningItem,0
15209,15220012,1522001,0,15221,AwakeningItem,0
15210,15220012,1522001,1,1010510,Card,0
15211,15220012,1522001,1,3000261,Card,62586
15212,15220012,1522001,1,3000271,Card,62586
15213,15220012,1522001,1,3000281,Card,62586
15214,15220012,1522001,1,3000291,Card,62586
15215,15220012,1522001,1,1000781,Card,62586
15216,15220023,1522002,1,8573,EquipmentSkillItem,0
15217,15220023,1522002,1,8577,EquipmentSkillItem,0
15218,15220023,1522002,1,8581,EquipmentSkillItem,0
15219,15220023,1522002,1,8582,EquipmentSkillItem,0
15220,15220023,1522002,1,803,TrainingItem,0
15221,15220023,1522002,1,8574,EquipmentSkillItem,0
15222,15220023,1522002,1,8578,EquipmentSkillItem,0
15223,15220023,1522002,1,800,TrainingItem,0
15224,15220023,1522002,1,8575,EquipmentSkillItem,0
15225,15220023,1522002,1,8579,EquipmentSkillItem,0
15226,15220023,1522002,1,801,TrainingItem,0
15227,15220023,1522002,1,8576,EquipmentSkillItem,0
15228,15220023,1522002,1,8580,EquipmentSkillItem,0
15229,15220023,1522002,1,802,TrainingItem,0
15230,15220023,1522002,1,804,TrainingItem,0
15231,15230012,1523001,1,15231,AwakeningItem,0
15232,15230013,1523001,0,15231,AwakeningItem,0
15233,17060014,1706001,1,37,TreasureItem,0
15234,17060024,1706002,1,37,TreasureItem,0
15235,17060034,1706003,1,37,TreasureItem,0
15236,17060044,1706004,1,37,TreasureItem,0
15237,17060055,1706005,1,37,TreasureItem,0
15238,17060065,1706006,1,37,TreasureItem,0
15239,17060075,1706007,1,37,TreasureItem,0
15240,17060085,1706008,1,37,TreasureItem,0
15241,17060095,1706009,1,37,TreasureItem,0
15242,17060105,1706010,1,37,TreasureItem,0
15243,17340012,1734001,0,704,TrainingItem,0
15244,17340013,1734001,0,904,TrainingItem,0
15245,17340022,1734002,0,702,TrainingItem,0
15246,17340023,1734002,0,902,TrainingItem,0
15247,17480012,1748001,1,1030880,Card,0
15248,17480012,1748001,1,904,TrainingItem,0
15249,17480013,1748001,1,1030880,Card,0
15250,17480013,1748001,1,904,TrainingItem,0
15251,17480022,1748002,1,1031160,Card,0
15252,17480022,1748002,1,901,TrainingItem,0
15253,17480023,1748002,1,1031160,Card,0
15254,17480023,1748002,1,901,TrainingItem,0
15255,17480032,1748003,1,1031250,Card,0
15256,17480032,1748003,1,900,TrainingItem,0
15257,17480033,1748003,1,1031250,Card,0
15258,17480033,1748003,1,900,TrainingItem,0
15259,17480042,1748004,0,174801,AwakeningItem,0
15260,17480042,1748004,0,174803,AwakeningItem,0
15261,17480042,1748004,0,174802,AwakeningItem,0
15262,17480043,1748004,0,174801,AwakeningItem,0
15263,17480043,1748004,0,174803,AwakeningItem,0
15264,17480043,1748004,0,174802,AwakeningItem,0
15265,17530011,1753001,1,65,TreasureItem,0
15266,17530025,1753002,0,65,TreasureItem,0
15267,17540011,1754001,1,66,TreasureItem,0
15268,17540025,1754002,0,66,TreasureItem,0
